TradingDay,EP_TTM,BP,EBIT2MV,SP1_TTM,REP_TTM,RBP,RT_2M,RT_3M,RT_6M,TO_1M,PRank_1M,ACD5,AmountIR5,CCI5,StyleBias20,ILLIQ,BCVP,M4,ROE,ROATTM,GrossIncomeRatioTTM,E_Growth2,OR_Growth2,SHNum,FundsHoldPropT,DivR1,VOL_orth_ZS,Beta_orth_ZS,Expect_EP,Expect_E_Growth,Rating
2018-01-16,0.09440180056302232,0.023154782572919946,0.06909138992395696,-0.05165449487651385,0.1598939343243908,0.2052999675705528,-0.28233921152970715,-0.23116894323962192,-0.15929580624659648,-0.03489915653935094,-0.14650175852229444,-0.16045052078017474,0.14064837437950664,-0.14938786902293216,-0.20961702811741525,0.1622805582599821,0.06437861556794805,-0.14018741494439957,0.07748062323555,0.09405146462944045,0.04659202736246802,-0.014011825927542557,-0.02589989741223634,-0.08031415975145778,-0.024964859216927045,0.01246619381875943,-0.00804911193841463,0.15874439833016044,0.11411181674351796,-0.05339676263266278,-0.023402633688306966
2018-02-01,0.1515163225928836,0.07343803317929976,0.12794257025361028,0.0859674488206925,-0.06469799195780808,-0.25967743068711896,0.20809481912131747,0.28222583424529113,0.2073198610912129,-0.019261330642379507,0.14298854608867395,0.14451514105377533,0.11594006338344698,0.11435403231882833,0.09938644962419056,-0.20591755401991363,-0.1285341382117368,0.036399928365016467,0.11138728474055853,0.039818804095920514,-0.008790529424332871,0.022788031604143683,0.000983454428528232,0.158726766982889,0.2116191005426607,0.08363375726826434,-0.0021266987567239003,-0.020049285372643087,0.07200697473255309,0.15941446796206532,0.22730840861767118
2018-02-02,0.11953484544775772,0.24180798527944855,0.13841807616296065,0.18614708791535295,-0.07423830399877142,-0.15951537512490785,0.1713924905014891,0.2428278674903974,0.09179320275796347,-0.1022960978744123,0.1356603961838314,0.12456474814785015,0.05347207629609477,0.03746276807461044,-0.04257346865144168,-0.20537706974092265,-0.030951612405534325,0.05107322237717079,-0.03314148758469763,-0.17365745592656326,-0.11612016909298585,-0.0011943530533220564,-0.02948603669381323,0.18731100757919456,0.03760724720911771,0.1093159114347032,-0.07163877791236589,-0.09298106943499222,0.0644467013099762,0.06513936127283086,0.05840740928031951
2018-02-05,0.04270018496873086,0.05658613938852093,0.07760016872671596,0.04825817364969739,-0.16310738584009607,-0.25543236505996536,0.26810874324737977,0.36611510847150286,0.2455477444910404,-0.36896486612287016,0.24507054187495148,0.3922140191927004,0.005358756384836627,0.21278603324519593,0.05363861166061143,-0.1071700383752171,-0.07744086671772486,0.3337570469763223,0.0348577328787007,-0.09034828505875883,-0.037237139623920126,-0.003736862032196797,0.01870075959748748,0.05537299705652872,0.0884034630472287,0.04415075686436836,-0.30867846690139805,-0.24371628626920616,0.03006341322895025,0.07431957148394193,0.10001748321767386
2018-02-06,-0.011170741733982388,0.01848293835535015,-0.02694024214160116,-0.008832261688453497,0.1619989850571123,0.23855775342496346,-0.2870959683800044,-0.3241729634523777,-0.27523277969962273,0.1730176517929251,-0.11712061195070143,-0.2983876152989784,-0.013999730341171045,0.06289675345475405,-0.1370700714646049,0.18102939775773635,0.05075454315723397,-0.37846538386653333,-0.028307135968849845,0.06646970146291,0.06194604659268712,-0.010566672955309738,0.000548140643500943,-0.07333151138742798,-0.11757294427189777,-0.05099826999659425,0.11264882776851323,0.17871529168958097,0.014432275995283765,-0.07852682510276263,-0.12383484139248929
2018-02-07,-0.03403508848427083,-0.021584654273536903,-0.06389421536057888,-0.020594487513954606,0.13210593482513167,0.19347597153141863,-0.4619051798690441,-0.4622373354864227,-0.3218322229698952,0.17000236299511523,-0.098325236587605,-0.3283903339624957,-0.011481242891108582,-0.07859478529567782,-0.21442430732423018,0.19067306767590916,-0.11612342986354106,-0.32377556945880387,-0.028911584730243075,0.09829381647323406,0.06431687306410537,-9.452325948656651e-05,0.010184882371772223,-0.14112236308335646,0.014590640454015832,0.04242215273965156,0.18004284795732123,0.16103864161208462,0.006675561571507141,-0.038980555412798795,-0.003865674892983582
2018-02-08,-0.1381472387447159,-0.13173782380814503,-0.16183912826993657,-0.15315416713061378,-0.018776336703800856,0.019748707910379863,-0.0520476625989001,-0.01931737234873356,0.03074700917755672,-0.31667967273177233,0.10752942584938735,0.07614276161376836,-0.04444643013336057,0.3024285089976678,-0.14579549428661676,0.2357207862203498,0.03832577552480751,0.061602199488790504,-0.07456456288486561,0.025840643638442067,0.073477841286658,0.01350313609401056,0.028973412013514104,-0.23290155755535594,-0.05150308957818246,-0.024354532601378022,-0.2263357018663346,0.027892919876328817,-0.10105814890625572,-0.044770895523976256,-0.04545437355569694
2018-02-09,-0.007321812314356359,-0.16327179036175876,-0.0743253182998122,-0.047011010094827894,0.06001034008902411,0.022424569467473964,-0.30358477878272516,-0.3133592249260829,-0.16471536311014381,0.3246195214490625,0.06477262024653334,-0.11517204975855388,0.10731221251799597,0.2311112114460067,-0.035782143333743924,0.1718969684729323,-0.1750206339094189,-0.2989332259059421,0.1297956815018113,0.21665091751843205,0.07990966468945566,0.006346460526366256,0.013111927238826903,-0.11942261575948218,0.06070904161473272,-0.015361128198022902,0.2677158819350808,0.1674249387350743,-0.01866982151193125,0.03219195072700835,0.0850588063424397
2018-02-12,0.08044980001445344,0.11953379062007967,0.10770952163281573,0.1312648810838298,0.011038703689008013,-0.005227505081519598,0.12171131949952411,0.1540689662395395,0.10183220088858115,-0.11023051828067434,-0.10872492909192095,-0.2595674269353124,-0.10239320610818062,-0.25857353546339634,0.019244091677773464,-0.13232220946508017,-0.04442547767285192,0.0427421832903985,0.021501608899365632,-0.077760202583384,-0.0684986465438103,0.02168963213031769,0.018441477239782473,0.14929816146992014,0.13296155907842183,0.07779740502091564,-0.11088370920676544,-0.08732145496698472,0.05879019007470261,0.08042221851753056,0.12544207737249147
2018-02-13,-0.007540715843052178,0.050172899147341556,-0.0036542735855364917,0.09479782132751143,0.007588408388373804,-0.04953784522149097,0.007481871929790157,0.02170913617923863,0.0028881980333392574,-0.06955993736995945,0.03114386677230741,-0.13948515986369214,-0.07537639662790874,-0.01197138858406275,-0.020701211648243036,-0.04250830582307198,0.012081686694478582,0.00018177912146803297,-0.04240417811673378,-0.08266096763766068,-0.1251834847576018,-0.010246894159480529,0.01858087777811285,0.06210347497979826,0.010045234116519907,0.010297373587150245,0.010595454760038774,-0.07943411364466593,-0.059767910603475465,0.06562420676439776,0.04954308066917071
2018-02-14,0.06780647349251062,-0.040371005698079,0.0317888008818401,0.02906704063348169,0.012119651087045907,-0.06133376509630316,-0.15344690682167042,-0.14533096854885003,-0.07652691692363303,0.4644532186752838,-0.09812757777806569,-0.23230394210419614,0.13615697879331903,-0.23529659726790425,0.14554543911207163,-0.11645671965872335,-0.12225105569296835,-0.2679599825515353,0.1140654260042734,0.11030380832565592,0.03350072935947993,0.02202613828357697,-0.0112641183424732,0.10661698618078602,0.09831468202026274,-0.005966251223569978,0.43558611803902897,0.16051829581102056,0.03950707531395041,0.08839153661966019,0.12784470620522187
2018-02-22,0.053042467655916456,0.07226599437749448,0.08680223465949191,0.08244930306509107,0.0821447125554242,0.1415877053638285,-0.11247749553626686,-0.11207024512882587,-0.14031694921250723,0.1566871474488462,-0.26534611369325595,-0.32160579985732185,0.05338683091910194,-0.1378902397419124,0.025149118568748595,-0.029367649107037878,0.04077130717612976,-0.22172130582402635,0.011959760394992192,-0.024124383188661374,-0.04950765551448153,0.013921028879044369,-0.0243236370455132,0.105912633709953,-0.08062404290243506,-0.06743481469648248,0.08929962202006897,0.1002664455992733,0.04850642886705878,-0.02344039053217475,-0.08367621826372532
2018-02-23,-0.009201393236350774,-0.17599982693400976,-0.10254739959224139,-0.1286958917465125,0.08519774818110364,0.0987426964043235,-0.33137934229908705,-0.36185401298695247,-0.22511110574390084,0.38827076632444824,-0.1250782142458625,-0.1587045919024704,0.04986565031793587,-0.11125941936804404,-0.003093909954568849,0.07110984528765182,-0.025021875463628634,-0.2522401795679288,0.11741564600464217,0.20499765706750572,0.11226913545260443,-0.018436896337117186,-0.0021847821182677304,-0.14673398504004256,0.031809054402981735,-0.0642958247625786,0.3694526351951137,0.22524848419136356,-0.012225610720291888,0.01653952430066193,0.03727735199751511
2018-02-26,-0.1563829406669994,-0.14754887324274524,-0.18184826290043732,-0.15839529420454226,0.04619608459883746,0.16529641483885424,-0.2780269246013375,-0.27668778553906825,-0.1950325957591662,0.053419944301995106,-0.09940196116579947,-0.18671067652482792,-0.07497728785564149,0.1649690604736439,-0.12327327644802256,0.17436257198760333,0.014023871284907825,-0.1682808581079633,-0.07385898975733296,0.06439622371206982,0.08553859023240333,-0.008691587872127574,0.01271202092815214,-0.19388756144940322,-0.03012626746796086,-0.0486714716193017,0.07004770465051036,0.1251522990638565,-0.09598370588633956,-0.053091462892064935,-0.052598433772109134
2018-02-27,-0.009931501669229547,0.09767333276645691,-0.027109892650357733,0.042568685175791904,0.06515279654225938,0.015071463357280707,-0.006811015506115039,0.0029031942747663503,-0.020853286676756115,-0.10285485667547448,0.031375733122546365,-0.1018807447349045,0.00948100860972152,-0.015079079168976429,-0.12361337439348777,-0.03603690703583256,-0.11090684494008857,-0.09793716166493885,-0.08415618893613659,-0.09643950941108993,-0.028549074439517205,0.022816828038834683,-0.020194222964238173,0.020927877997000473,0.04558045525591572,0.08452607273095397,-0.03906961662771726,0.014846066377073242,-0.060583229445056536,0.10653504655614777,0.06437979116064242
2018-02-28,-0.10771629024729583,-0.10633777339605094,-0.15903342807576135,-0.14237980737069658,-0.01740638902430234,0.05243711496451311,-0.2631218993554673,-0.2780998485594324,-0.22587074575598814,0.20571470394948302,0.03510407543994066,0.12174418374117485,-0.08179508158253246,0.178158612309821,-0.1575508030825421,0.1133318278571564,-0.06082732067580986,-0.0892550537267017,-0.03824034051135306,0.09812855885345173,0.13380064844687448,-0.009365016340283873,0.000797575887417003,-0.12866268442262271,-0.03293467458029058,-0.03783701275494095,0.17202481873455439,0.18093922880204982,-0.062549326429693,-0.07154548028664566,-0.04622253867134672
2018-03-01,-0.07245413773788825,0.08340808668413152,0.00425215606584816,0.03262936265596225,0.036443202858196085,0.17243704921230105,-0.055759766734587705,-0.0459045877121349,-0.07187944524372541,-0.24865193709314456,-0.11796382441796206,-0.20533089287782783,0.03526272330509076,-0.091707239146734,-0.12124388280876838,0.09214675718459905,0.05423261945812294,-0.11307184173737919,-0.1429117734477646,-0.13306152077053562,-0.0876590744058437,0.013312331079357639,0.0036323563055748174,0.03561548802034629,-0.07232918408113852,0.007116790702034457,-0.18538604551671548,-0.09362731979321544,-0.024047412131249578,-0.0683376483613998,-0.07208218633391332
2018-03-02,-0.032836995337590935,-0.19877567903884402,-0.10328976540585168,-0.1528942694516269,-0.026300227947787608,-0.017956126558431908,-0.09139933511505552,-0.08350336141448285,-0.019486193864636944,0.13207179390897233,0.11830368233030526,0.123835019486335,0.052893713420802714,0.017688913404481074,-0.05869721513416348,0.12473847999997192,-0.060226452701739826,-0.07475890835837269,0.11075360127401182,0.20102793472703465,0.14253329497451506,-0.008725233569744433,0.012708878232012734,-0.15193476527832284,-0.0013405515072323112,-0.05033182981496843,0.08526066528800443,0.23175753551864497,-0.004789114499959144,-0.00234124668604878,0.04201749194123424
2018-03-26,-0.12271851433200577,-0.15646689750650608,-0.17493867299891455,-0.1552045689849807,-0.045170106155940054,-0.08205369561334291,-0.030706680731611175,-0.12988005354438384,-0.2233734293443619,0.40722980748092036,0.17057458150159507,-0.021448517924857496,0.20272521048501355,-0.04028258144183649,-0.21059361553070977,0.10476630085381439,-0.07171181283450949,-0.20175799052268292,-0.043793191229950026,0.10424030454335623,0.11609304622796196,0.02044497171303265,0.017585154769549947,-0.1605729215281788,-0.04716871464522604,-0.07354200562236862,0.28977072303720186,0.27710359759674313,-0.09541005740623532,-0.032084977269314065,-0.03260614551043753
2018-03-27,-0.04986037496297236,-0.0599676507345843,-0.08170173153993182,-0.15163790788499001,0.04839517585961865,0.1178257104375309,-0.07995429726602264,-0.10068356885136392,-0.1834962892690712,-0.03352792194096642,0.04735017087370296,-0.01358705230947163,0.1262546130435581,0.03353302305565603,-0.20691116565329346,0.22958685241252932,-0.011571419270822307,-0.190555955484355,-0.04337103637392752,0.03447199588796242,0.13560076022864895,0.04075363691051835,0.0519283221379391,-0.17238511042418175,-0.14119314147548837,-0.033084587980045495,-0.07103300799577134,0.21184360807977595,-0.011181144494338865,-0.07497124977772793,-0.11292841336277215
2018-03-28,0.17522230093684749,0.19632821120769792,0.18196312686453997,0.16772421920874458,0.16145049447361703,0.17860241801238327,-0.36969637463066773,-0.22958163573107007,-0.21859391065920059,0.08846931710929973,-0.34916800853918983,-0.32624032878317627,0.08829686799853263,-0.3251772868294699,-0.0855750197705708,0.0008787563900900507,0.06501631173249786,-0.10992054221737355,0.04990360084272871,-0.006154202279023769,-0.04572531843251866,-0.018215307905606354,-0.028109982679401672,0.09597573190978678,-0.019069815697060413,0.0411007459347469,0.1423887428580432,0.07214123895585288,0.14631690552277637,0.01559067130162866,-0.010726791814190638
2018-03-29,-0.12103343340170773,-0.23427981554233768,-0.20920151440155071,-0.2131354059515786,-0.10807525481921573,-0.18536156066422219,0.15226282150372783,0.039160002677384856,-0.025973574569690516,0.30948837504101195,0.21845712683426305,0.18356467570153923,0.2546521754492711,0.23756900758039154,-0.22346471305258514,0.12428886453272348,-0.2145601460702058,-0.004181905894504166,0.03157964546536866,0.1831579122473792,0.1872906169103131,0.021189722307902125,0.028350854023009724,-0.21802100050363488,0.03980164454483981,-0.01964413495535744,0.1811421690820721,0.3024396905947115,-0.09850355098885731,0.028807843034481716,0.08354691154162422
2018-03-30,-0.10259296709958773,-0.05927087857235156,-0.12467806007903212,-0.06277641862281676,-0.025719142887406034,-0.04809900090735137,0.06515714434791017,0.014887410639289412,0.012913449068270204,0.03247240606184405,0.08661523636266216,0.09194425357067851,-0.036835583647760885,0.1138435345073246,-0.07284138407700082,0.07341355633128442,-0.0673790466447908,-0.017575976278435643,-0.048552369122907585,5.460594832882925e-05,0.01668535789181887,0.007653159207218235,0.04469219927108159,-0.04298564082781284,0.024804238269966538,-0.023361824001773477,0.007832292028937433,0.093276490137652,-0.08580805336183966,-0.005742643931523052,-0.0047261977982601695
2018-04-02,0.01188585538912739,-0.05109145410512698,0.0032619656870616935,-0.0826815756263108,0.018216037368121513,0.008911525795498879,0.013179658551481883,0.05887891608263247,0.13739120264168259,-0.18452873951185647,0.108894104868163,0.042911388680136914,-0.017390234014912596,0.07767935762595701,-0.002440764255143014,0.13138426696456934,-0.05172023032134884,0.0003122662828568733,0.07659994546120136,0.0880171692718538,0.07591556112515521,0.04961163260804319,0.07517505990612898,-0.10247564343618243,-0.00668541050003615,-0.014824238922815088,-0.20629221371042208,-0.040525782163501146,0.015525633110816279,-0.003412934732814152,0.0298105980887436
2018-04-03,0.03333924276219533,0.04137876538516357,0.05362682087153769,0.05829803789756005,0.09396146128745773,0.1589723095558787,-0.16300587274933748,-0.1070079783539556,-0.03301026154615604,-0.21801094174406124,-0.16543426802474914,-0.2076234414733822,0.11683656350075472,-0.15891186277857863,0.08759074600582241,0.11869669975274907,0.13074551442696133,-0.14065114845497473,-0.003337059729409728,-0.02032180008927557,-0.04035788120249443,-0.012913765758271046,0.02302077357401565,-0.03488993355118311,-0.06649904261640176,-0.03573158541080846,-0.19941581087982257,-0.2052392132839367,0.0677101091242759,-0.09535520006537791,-0.07471794858032055
2018-04-04,-0.004488830974528332,-0.08207976996967449,-0.039953632959710265,-0.07583959996180455,0.014073368587745163,-0.02561278057408237,0.05402723200412559,0.0492431220195014,-0.008870415500352054,0.11832423333518259,0.11181244837650263,0.04575229535887618,0.06063351011709711,0.043344559459702926,-0.09807817051543295,0.013068927301547604,-0.007525776556470737,-0.007903490314015346,0.07135752320898213,0.10409829252484817,0.06211857300301535,-0.0033869421679776465,-0.015942475526333395,-0.0422352661804135,-0.008786848298121042,-0.0975887129255578,0.011523503332378953,0.18297279630295907,-0.02666615499060248,0.002166532516284101,0.0017093361518828905
2018-04-23,0.0671222434809022,-0.16935617572997347,-0.02373732721163108,-0.12202781569921198,0.003499529622807574,-0.1390918926268273,0.23040599062667697,0.06788935444267012,0.04256735124177899,0.42867063370409075,0.08461313120874706,-0.2708295263065518,0.06619084731414843,-0.12415422042931382,-0.0619469141209064,0.07384828486250071,-0.13239677692831264,-0.3330126880794607,0.18496976916630284,0.26640329448891503,0.17738014822945258,0.054367902525072766,0.027730038081925368,-0.16862782271838503,0.07505009597834984,0.0008111940039957407,0.3187718815176003,0.2718870374492848,0.058826603279709976,0.05946808552366868,0.09844528141194986
2018-04-24,-0.11742356582882654,-0.14887960673163828,-0.1609360705013311,-0.13779030161493092,-0.04488373494430074,-0.10641906642337354,0.2222156679758703,0.11067858076190486,-0.012540694776381771,0.11131266754502886,0.04071054004162818,-0.07352303179371984,0.006025457416159107,-0.055870832422419234,-0.15456816766336337,0.16952949143160984,-0.04465317306600908,-0.1600492644330335,0.0172007427518106,0.10018802823976,0.1515281868988949,0.07363940083819717,0.08939915999456412,-0.20954046319460287,-0.04000884027823772,0.0035992509450792094,-0.012547073380303196,0.10366731426989649,-0.13029084683066616,-0.021485862536694208,-0.038858506231831555
2018-04-25,0.029818625650923705,0.06711387410363062,0.032761055913359836,0.05797670919504374,0.02691936237272553,-0.0036734962816345226,-0.018679349821270265,0.08898970144146531,0.19037386911443233,-0.3547209676946691,0.09137364193105565,0.05876036131693711,-0.047646915614797905,0.030058144281432424,-0.035650695689682654,0.0004901670105658195,-0.054355328462480874,0.1091893294774233,0.06511050300100031,-0.07455969458070015,-0.050891272300979416,0.09335791428398774,0.054684087758679265,0.018078099243114064,0.08084720303042538,0.05652982743377109,-0.2721530780599141,-0.15132130681167594,0.026394255792425922,0.024190132988667866,0.05683800580211905
2018-04-26,0.09904938766190066,0.06995023150169703,0.08297812544778713,0.04344080262763967,0.11601534068857076,0.08235799471553867,-0.09070642064156097,-0.06487046388332769,-0.028543499489576827,-0.052889159220425815,-0.07371183797286295,-0.05665552485617521,0.06619396660271842,-0.01066331761159086,-0.017321027306024937,0.04285291386322561,-0.003978200167229904,-0.014481753610193873,0.10939948093773191,0.03180913241471346,0.02750952477883882,0.08064068929513823,0.05999938043504096,0.019303983823356657,0.05206741620454351,0.0330970949234281,-0.05842862208185745,-0.07694167710020706,0.08029676959308846,0.024096951035836832,0.05408971377226409
2018-04-27,0.15708062266888834,0.04678219856645454,0.11132423747880422,0.05808513522720806,0.12113547880494711,0.01652916395854792,-0.04633152408399901,0.04197121074620015,0.10960135278788428,-0.1932832617227582,0.05679924360330747,0.04510611662935909,-0.002074763732455501,0.08658576413301156,0.020329182031082863,0.03099454483931446,-0.028604767734039544,0.003512361552944347,0.2947230188945197,0.07959457142288744,0.04808751190057789,0.2154222261822706,0.16808296191982405,0.030246615523567874,0.1323331828526286,0.07791484831500915,-0.10403032153710022,-0.11973836548394036,0.10220796084288097,0.11642146865268754,0.13454742443206488
2018-05-02,0.01831120318786398,-0.029444783534190236,-0.018615158659046824,-0.03981574688407607,0.03898965448401124,0.01997736599715049,0.017838650967842876,-0.04140796518000694,-0.09133621480428701,0.24980072215618462,-0.08873387337412472,-0.1540575136429694,0.01843481612244875,-0.15528111327702945,-0.011169283168315081,0.05918538780493344,-0.05202505223083764,-0.1938440117179899,0.04627787090611666,0.08399799128127176,0.020673497858086934,0.018535178591110504,0.0038371754044771176,-0.09398057669731205,-0.0334379258122338,0.0013829396568108205,0.18520227384873497,0.19428408726424024,0.01618730568656442,0.027930379297494472,0.00843604666399024
2018-05-31,0.09475712393946988,0.18107856426316715,0.129391417960952,0.14419955302270698,0.12288824846286131,0.22585797663352916,-0.13670577645705984,-0.24435266633335326,-0.19870767889985028,-0.21657455307825585,-0.06635454947390018,-0.02661315645133769,0.04989418167564925,-0.05484855701269115,-0.06947966109240976,0.04498773693430163,0.13519655505157438,0.08480463087142723,-0.03346908544937725,-0.1053769361644383,-0.13691641955554412,-0.026924005220765768,-0.02539705208663287,0.10849718375956847,-0.07476587291649534,0.007894296913664015,-0.17138322082997035,-0.05284883340359072,0.09715234686655128,-0.05562502377342215,-0.06204468858124114
2018-06-01,0.07768212380028719,0.0012486743522505822,0.05424219823519055,0.028947438559844607,0.04455269075067982,0.005191518663327155,0.018427334808559983,0.024747679049633868,0.024127075257437517,-0.008844931743938526,-0.06337746110075562,-0.07800112978389252,0.05643089201020469,-0.03257138859801804,0.027110689565901958,0.023227045376261805,-0.006042276964110686,-0.10921264991638409,0.09604412631687148,0.07690862431995912,0.012189016902702311,0.008704663858238771,-0.012387091999946366,-0.008426851378908215,0.019168188560938465,0.012489330591491498,0.0280447330086163,0.04432694155178236,0.07104529368200117,0.0033942267462107305,0.03305787830273548
2018-06-04,-0.05497362853911178,-0.24761981720775528,-0.13928593278823306,-0.17600751225911065,-0.012151519775729092,-0.10924668458748862,-0.060305733265797315,0.15220565560680677,0.10270682700683711,0.4760811284583389,-0.15985783612364432,-0.4029794194063831,0.03682517267599854,-0.26535791658586516,0.04189197067023823,0.05967167069977645,-0.19387749694539574,-0.44304751101849144,0.09671085429866194,0.2455966624325516,0.1819372516100196,0.04445710950832695,0.04048352807149515,-0.17583158152941278,0.07047213613224246,0.012631326256204717,0.34017668712358545,0.333047803243539,-0.06389963585774247,0.12423251083766537,0.1039022645557013
2018-06-05,-0.024042448525820038,-0.13886648319912245,-0.04824561877567215,-0.06884061880667715,-0.015375463376167593,-0.05814552289349565,0.04628081130886537,0.10674108867645696,0.10343291861659012,0.10094925643687294,0.016144812581787946,-0.11976930531129076,0.017648729047026065,-0.05761281814941729,0.011095041713826043,0.12537709383687548,0.0004745605212088578,-0.13610421570067752,0.03100211128432507,0.1392868270056886,0.025094716374819793,-0.018499482409715322,0.01131697198430945,-0.1506117242279241,-0.015272486667037349,-0.01548279682451384,0.08568337815634008,0.07523799480889713,-0.022151706634031067,-0.0076117219808195065,-0.023731733397786746
2018-06-06,0.1232241983405176,0.1392848860258219,0.14659316305817127,0.10996631286801191,0.08358767111101989,0.09985359039524283,-0.05652565320635465,-0.16105451682812463,-0.0922178193873791,-0.26522328541148027,-0.09095973759619716,-0.12953019332283683,-0.027550937788119758,-0.084648289648211,0.022203187398985066,-0.07716254168995712,0.0023135750369054657,-0.07285159722267567,0.04136073225814302,-0.07820360514143468,-0.10395911160516474,-0.017440009447283675,-0.049641628591377274,0.18153576963344184,0.06438058040013493,0.013050837615559915,-0.11881425819189939,-0.15841703763123074,0.11935618060621535,0.027679647700747954,0.06750084809406257
2018-06-19,0.062451614834702865,-0.09520316141171677,-0.005120199917580075,-0.0880991157078644,0.06472759834677975,-0.04658909901441957,0.032920233848340155,0.12019186068723861,0.13971749702745087,0.24863258625069032,0.032810819352515175,-0.037255742223972606,0.2446478486097111,0.0800196671085225,0.010867620416640415,0.1256245862079002,-0.16068117326983303,-0.23549527928547295,0.15905142272406686,0.23810848061252796,0.19170358545854016,0.04115956856841613,0.04974555734348581,-0.12727674072192802,0.07149687027803298,0.08747701981149769,0.17008943938204574,0.12996016612396563,0.04313924422462334,0.0696495734057571,0.0996585473553297
2018-06-20,0.1477271357769205,0.09793660733162618,0.154694891185619,0.1081342370996333,-0.015075925492538458,-0.14373621776621043,0.24382367459962223,0.17646679455552747,0.1936491839234617,-0.2983537534964487,0.21552359686876543,0.2826546086529864,-0.10823078806887503,0.2030662363406509,0.11164366976517871,-0.02469214887806134,-0.028173202803832665,0.14315315777558793,0.1468005703874298,0.012578462568480553,-0.011942749671629107,0.03669836796851541,0.0364832725462931,0.11425186477048793,0.1198067383542105,0.052107652686996145,-0.23518695746627682,-0.16825999202655928,0.12339233472986853,0.05377645418568327,0.09494321007956136
2018-06-21,0.0024499699669347126,0.014290604727955581,-0.026187935228842555,-0.027824861948125303,0.07601832369593474,0.09932539262414979,-0.21642849478675,-0.17667885433622318,-0.13674480349721688,0.27720254182230775,-0.09779342351438793,-0.23059073856661522,0.2094977268577123,-0.001989669897325406,-0.24617712962417446,0.06020538697471995,-0.10714623631751725,-0.2295302332330471,0.0062203012904524764,0.06252327875195435,0.08232948359850424,-0.004484904770739731,-0.024376386560995913,-0.043733650420416104,-0.008513743334745635,0.04314044977529608,0.2183825306267964,0.24009734599205823,-0.002612010771808411,0.023870329958908722,-0.009840450979082531
2018-06-22,-0.14634169734431518,-0.13010712588473541,-0.16519085645595366,-0.12052394371589087,-0.06366594777221395,-0.057620138752295685,0.020486296180215153,0.020520776252550218,0.014523510955337623,0.06889208530597993,0.01947483299493216,-0.11131040157733829,0.0660937335181083,0.02095551742069355,-0.08267516077094526,0.14350645907208517,-0.03624425813978886,-0.12867019278113773,-0.03643791447132299,0.03215670089018928,0.029504924054687312,0.04124020253495681,0.04998041044081985,-0.15292722296272215,-0.11899725264449854,-0.0356192133588522,-0.003929354207244219,0.09517917269504882,-0.14922682970247308,-0.05543245714953739,-0.1212214322333731
2018-06-25,-0.19719403616637182,-0.1319799454743926,-0.22707350846860475,-0.15444853410622844,-0.039802335673902255,-0.0005053172673046096,-0.3612585992598205,-0.18575308207873284,-0.17847591942420657,0.34132192731440086,-0.00836863527518879,-0.2439352811443968,0.2674743989443514,-0.028252994040808894,-0.2966028756416538,0.0851482722854358,-0.12983316209444493,-0.23996408867403474,-0.12572498852959293,0.027913459447182105,0.06796544589961062,0.02832828856042117,0.026872232326618912,-0.12598422842606005,-0.12443444461766039,-0.048717409401556555,0.24048536421483369,0.37806689346710426,-0.1854072741422443,-0.018916954486322277,-0.1008018183984927
2018-06-26,-0.11047364548148651,0.02940292971202748,-0.08193209247887964,-0.002662622340136794,-0.011541880866951092,0.10165318064786413,-0.12431777970842162,-0.10644596613944475,-0.12842153344556814,-0.04689739996345541,-0.04667805850649871,-0.04207449673329792,0.03355419878945037,0.059596844204478756,-0.1318819444439978,0.05254724705503285,0.08469959547660313,-0.10810791524953176,-0.16356823316180974,-0.10639448643518248,-0.1320242007391332,-0.039390769133670685,-0.022798414873474154,-0.005462365769688757,-0.18389253299946015,-0.062256874419459374,-0.104833209990868,0.08118218677690021,-0.09294113957839135,-0.10254471244620302,-0.15370731871410762
2018-06-27,0.049803855223704625,0.05640479449435546,0.05052648900922801,0.006951302873626432,0.05624065962785006,0.07774480792052738,0.027677417335069752,0.030536114516248193,0.018620298676601806,-0.2349268392390217,-0.03910284549108515,-0.03985618627623054,0.041447460878958314,0.006987904557183028,-0.11616175371815886,0.08186912710645679,0.03377758335485707,-0.027523399616395623,-0.008154033218019835,-0.024747810014469653,-0.053036072638783044,-0.004359368002146123,-0.006405672214432755,-0.04066950972373572,-0.024751369496311508,0.021592845222923207,-0.21584425813893465,0.02415901155868761,0.05554704508870781,-0.021659611451840737,-0.006504809047361574
2018-06-28,-0.08129454498307061,-0.17603375156110393,-0.15156826140748675,-0.15277675358083212,-0.046271285638105814,-0.12373368204540508,-0.20433173124844517,-0.10476663935674456,-0.017102662670487656,0.3988974012700241,0.06088367775879226,0.05280664972750591,0.14417273257245827,-0.014665398064682821,-0.12407947217120383,-0.007754259993560162,-0.18599330708087647,-0.24066713714106786,0.05415811857960083,0.1544010675956931,0.19266599679123736,0.016747144412463957,0.032025484235576177,-0.10938939061399405,0.10707921172783967,0.023613043729817512,0.3862156488371253,0.29571837273465035,-0.09165291670542403,0.14685597259246227,0.11740271904469644
2018-06-29,-0.16878753826840007,-0.10881707497249256,-0.16528425824324164,-0.10558271809191036,-0.09317609130218393,-0.07185263260883325,0.04756423602976476,0.07315473279038816,0.08263448596450544,-0.07234852110607538,-0.0006935416208974605,-0.01511092085605715,0.01230257805154877,-0.047475445213976626,-0.008354522115149862,0.03666024664629473,-0.023482280329600203,-0.10423095001810881,-0.05328546466899506,-0.030165699117941994,0.021329399210453823,0.04941551360919803,0.055540965729521476,-0.05757262426691819,-0.042916694415078754,-0.07305674471846872,-0.08688188903184223,-0.05113872193134953,-0.17862232746805015,-0.006589234261669392,-0.06913104573940632
2018-07-02,-0.12047744329580613,-0.03832688949565697,-0.14436108503751857,-0.08773930155948136,-0.05587098929388979,-0.03284389861655866,-0.29464901456184645,-0.2668187400024998,-0.16953817933911794,0.30359917502036815,0.09881476931705163,0.17302454675155624,0.15714010437180248,0.09294468742225595,-0.27880090746285435,0.08334782796519943,-0.02841957305314252,-0.21557753200631913,-0.12684984961697265,-0.004572220919959345,0.047480712921446205,0.035516409633322095,0.014377304065023765,-0.0833911962323062,-0.11247514401092179,0.00014659106663665128,0.2546607383172812,0.373935600829169,-0.11033837604598012,-0.018492757243599025,-0.10544593577342778
2018-07-03,0.08374910759690464,0.1733372195763687,0.13814161211100145,0.15123616897083011,0.10418146159957097,0.17085541063906184,0.08573832071810457,0.08511242339587026,-0.022216552650813792,-0.3948167689188135,-0.21086265998331716,-0.170606637929759,0.005061933807715388,-0.11728756509486848,0.07128546217202182,0.029225645203968115,0.061095366112960854,-0.0011162854333512326,0.006163015822979867,-0.132442086899847,-0.11711088602420873,0.0024961170308023775,0.008576728794256668,0.17228909450958024,0.0211131425529136,0.008259450581151725,-0.3316576749332963,-0.2675558053934081,0.0774157923475782,-0.02900352898929834,0.0032550017641939668
2018-07-04,0.0672594296569351,0.030978889143605578,0.04878971428382013,-0.01308044367030424,0.03867129801767593,0.029867758081061083,0.12050730246942716,0.11146919749960206,0.10892939749728789,-0.2943440608270158,-0.013005654960452846,0.038413169176760034,-0.04213950249438904,-0.03547616240522674,0.03602824173238235,0.03963628322830864,0.004250569617308618,0.07600581260195935,0.042223161690768056,0.002132971841083958,0.05393916836923758,0.029316330385620957,0.013526652302933859,0.03812100904116966,0.07139478113327889,0.014195518077751976,-0.2546729959236855,-0.10008661259926391,0.0631945711245762,0.01766966277958456,0.05449171183746288
2018-07-05,-0.04820367601707535,-0.04583941698607395,-0.0760719951059023,-0.07494060076884408,0.0016235985506599401,-0.012562151886071578,-0.14646804820754833,-0.12883384345143575,-0.06051302707540651,0.1849285931563139,0.0703782097797818,-0.07651867817176332,0.07882445087757278,-0.033553474924619166,-0.11658175357936833,0.021905088404233074,-0.045202211557320106,-0.15343049998433583,4.424535987564524e-05,0.046985763711497555,0.05306536821207379,0.01810158119164652,0.021331234119711304,-0.026495112059889837,-0.023824389513696018,0.01930571499354049,0.12638012775187646,0.20748595830593794,-0.04928363280778411,0.03168475790120845,0.012189785384845386
2018-07-06,0.08339357641179282,-0.1286069906526859,0.01609747160201202,-0.049478902787756775,0.03623470914970872,-0.06288563832072766,-0.06929066316286578,0.011745382329091074,0.07919313720375692,0.3048193840391888,0.03369317418424954,-0.2249734442293248,0.13341765052365265,-0.06701721278762192,-0.042104982224828454,0.026154632115257242,-0.18449280591124181,-0.2904157180840543,0.22925176570853317,0.23813226412998623,0.15111462121998537,0.03596831376634026,0.039049601838420024,-0.07044924078251476,0.11178722987257703,0.11325601077829463,0.29131278633560603,0.2053617852893069,0.06386984795780072,0.13480293919365552,0.13993856820481373
2018-07-09,0.01691432436386009,-0.11725267948815753,-0.024250930460784317,-0.04148198499812353,0.03832962311442661,0.008257670025312254,-0.035596974370213516,-0.00872182449135938,0.052116158686533465,0.20457174053433422,-0.044048302435749725,-0.17422633244112884,0.1011581995735453,-0.12618151630989696,-0.02576054427568385,0.07387706713539317,0.011100542422640873,-0.2514658353506064,0.11004456847905011,0.1557733914659613,0.05552467795783394,0.01141044922330693,-0.0011571749696503819,-0.10068468701105496,-0.061115198472246834,0.05440685518493497,0.17298861661273396,0.15862330849178052,-0.0006118854214511803,0.0004427063086531201,-0.022487109874030152
2018-07-10,0.09176649876248656,-0.05328951330199361,0.0697487938926594,0.009874246203276557,-0.016861602838553088,-0.12341496124166064,0.34243187153790033,0.34025713263355145,0.2702262386716989,-0.25917489713210196,0.16534280762378295,0.22951964747162806,-0.07811696863918341,0.24230203718834525,0.18042382617500718,0.029774606160500858,-0.07896841544663101,0.20145065859407837,0.1997224227417082,0.11382693412794341,0.02438350973137538,0.06578007330655099,0.07486089139648021,0.015945574431218322,0.11258296943580344,0.05534849222271912,-0.24725261715099783,-0.1827435845811894,0.060015951796839634,0.10428884989672943,0.14687123180239295
2018-07-11,0.014496309206253775,-0.045055769889743746,-0.037083542630200285,-0.0577149505076418,0.05356335757254806,0.03185919517748687,-0.2572443817929623,-0.1820888367880555,-0.09862746750737296,0.30809981761313604,-0.06183995381195322,-0.21419277064380807,0.22653699540595984,-0.2152874689775896,-0.1540469080613703,0.003139506952405166,-0.11815669041281117,-0.1960501439541799,0.06306451334558609,0.1143389794484585,0.10302002988742233,-2.865173065503867e-06,-0.023276258144236586,-0.05918541703633587,0.09739866721039343,0.046013904235594226,0.2725192980987314,0.2658073766109482,0.017279465068487723,0.06714530560809628,0.08126422647511485
2018-07-12,0.03451947107096137,0.00361240938703379,0.029264323329740747,0.037207793148591885,0.030315588277001475,0.024380441843334922,-0.09661869700940996,-0.020572752996959303,-0.005869382862399129,-0.09967144408678383,-0.0971318571437254,-0.06551279399781547,0.09303284163158537,0.007711337961351374,-0.07363418084822342,0.09589388736422895,-0.11280437629993588,-0.07612763521501788,0.11216903534919977,0.05885567202484281,0.0737982938333797,0.01199979174381542,0.0065483968083643864,-0.007954525496961037,0.10227770921643647,0.04799775820233545,-0.06184749466572159,-0.06392811175972754,0.019610858488541667,0.08088176064613245,0.09182573164575855
2018-07-13,-0.0656304962819102,-0.06182765731918041,-0.06899289365747437,-0.010621915239722017,-0.013735755044286698,-0.053523944518505714,0.005504987310858595,0.012878673315369063,0.042832825132477104,0.018683180413110564,0.03359952878983186,-0.06076739152503209,0.025090949236930657,0.04181947086431941,-0.07915794983269729,0.026523471748731913,-0.03292260438994282,-0.009835379238118034,-0.014370713394993524,0.016748874286477446,0.006766114574750834,0.0072980913056198875,0.015783442864927017,-0.06090116791313046,0.014158212731508779,-0.010057511571083193,-0.0002553727286324971,0.11604956735563532,-0.06822333775163214,0.02676454426537115,0.016217648813479143
2018-07-16,-0.07366400423535009,0.05626265634519876,-0.04283740441503235,0.0317433057068588,0.00251970322431758,0.09112301303277459,-0.1679639514088073,-0.16783208610062633,-0.16440754150461775,0.0707663807592692,-0.08550894451733865,-0.1871369244037941,0.027548381176561377,-0.09269790082381255,-0.10677498158581608,0.01978993392956899,0.049215543878649536,-0.02251683525555536,-0.14830239647029048,-0.12640592872055068,-0.06923117021930514,0.013256896140931953,-0.019182629247262606,-0.016538037006390675,-0.09397100317529328,-0.03947516953675495,0.038584909595994914,0.07301636418606161,-0.06219288285383759,-0.0803425437738143,-0.11001021247343809
2018-07-17,0.04942087620437865,0.1764657378547076,0.1064193743566244,0.155007123791571,0.11060418761081037,0.24184655479391162,-0.08035427057999547,-0.08175249778135353,-0.15571182613105922,-0.31134157518609207,-0.13983615183433548,-0.15302647169277336,0.020658967603483062,-0.03656716829999149,-0.12838085409070552,0.1457607418402602,0.05136328855576948,-0.21918551809611,-0.06967848653571415,-0.11426778921708627,-0.12210678173203694,-0.04317281608240649,-0.020771324599406844,0.05706761431415349,-0.06833322457807102,0.03424564052113672,-0.2755254886119438,-0.15801086000084621,0.061859083689011704,-0.09665444786545796,-0.09315513575047071
2018-08-03,0.04855706152608904,0.16304897815835953,0.07251276981428992,0.08715277771587503,-0.014503756553339136,-0.04798374918702607,0.2439082376185262,0.17462808719345585,0.0534232490560448,-0.2080532895817162,0.14122960642600899,0.1370610536670247,0.043987786379193934,-0.0012871996422073643,0.0009169674104551274,-0.05799625515814943,0.05859004803967546,0.027091514886550677,-0.02062800623941072,-0.11055594342338487,-0.07102003065803374,0.01388265924512404,-0.019999477718628228,0.14442808895645284,-0.02304502593223968,0.00167530548157616,-0.23709465121751994,-0.04117157111666052,0.046022082993646504,-0.01155253109740338,-0.029355211236124553
2018-08-06,0.04726469563640414,0.06532989528745305,0.04422951595639151,0.0581504644349107,-0.0062887838471532296,-0.02416601045965575,-0.12707975299765253,-0.15925683473875304,-0.10971639277436937,0.32921595248453267,-0.04407496491098163,-0.1944064186843092,0.13168803842705373,-0.046098260556199755,0.02262034004224529,-0.09565591560626162,-0.08223561203413503,-0.23927348272904073,0.04724913670773971,0.04839575699883059,-0.0031605668179577107,-0.023457645527724492,-0.023557484653852667,0.09208760999407435,0.0622940137307543,0.042844425800657206,0.27038022699654135,0.23307402587315457,0.050260739509442084,0.05666002204202402,0.04864154165879837
2018-08-07,0.009894756834906608,0.26076646554942595,0.09776258228250226,0.18742743706332587,-0.026515618077217203,0.007717606620447227,0.19364729579527645,0.1185475997727946,-0.1264437876988356,-0.292715385087244,0.28769958829986286,0.20647660378541544,-0.06557816822835588,0.21251301171687298,-0.05924809200528909,-0.04815706184927035,0.016700830320209636,0.04512337593045925,-0.12270753132553479,-0.24186203621532149,-0.17380201300619452,-0.023200432846381642,-0.034235751008785335,0.2089814608881762,-0.11091880973924316,-0.023895332643477964,-0.2820605248217952,-0.13760663836615458,0.016373917795476367,-0.10632168369107461,-0.1233494049726096
2018-08-08,-0.041214129454307434,-0.1950242365172787,-0.12243456181249777,-0.1768414708859383,0.07667172555932773,0.09231513610403674,-0.2883031632536993,-0.2795023376965907,0.06992098305877861,0.29625720304416203,-0.3345393393182804,-0.39215058557732707,0.19361178582319452,-0.2751173578906286,-0.09402762232945173,0.08478259766434883,-0.12001812807769556,-0.23339589943188585,0.060328880560722185,0.20476837091348374,0.18991624101921634,0.018793791169232757,0.03003709760765905,-0.1534137130038679,0.15084883608947094,0.03708987450042263,0.28261308601284163,0.32352881377255416,-0.042523294868110795,0.13093124566442615,0.16666002421965495
2018-08-09,-0.07745899834106332,-0.1902626989861391,-0.12384232510197184,-0.14602516037349647,0.021593969353960147,0.08437217854045992,-0.2500470321639387,-0.21761221224140606,0.02438630772579137,0.18398410258237094,-0.3269218884349285,-0.32391094706429585,0.1599144133829696,-0.26039773904937646,-0.11148428481159178,0.1249382378295883,-0.03766218941654304,-0.25077905596997824,0.009410775499912032,0.13529236960739704,0.15017550927975892,0.041375746293450776,0.03136850232440806,-0.14066576173623344,0.055369495968776807,-0.0029186710040386117,0.200235031043244,0.16494996079420846,-0.0679045263631865,0.021909247728596922,0.05046407392728215
2018-08-10,-0.08416713255555189,-0.22399543017263926,-0.1521691430736168,-0.15685840831680023,-0.027750895006672056,-0.023609789870678244,-0.045509496110103714,-0.046626519915763,0.15403933753011573,0.14937748828714903,-0.1178040717936234,-0.04903877860429401,0.0662780386201021,0.07342691678998631,-0.0864077967211245,0.05677121454317021,-0.10451372605258119,-0.14681230810847845,0.04883871723498431,0.16932772592334916,0.1402003111011944,0.007132205614179841,0.02123206157884006,-0.1164758481392262,0.08478087787638937,-0.05216285683050879,0.12111988204395513,0.2590943940675174,-0.09376318463437262,0.10661765207853947,0.0942099905387002
2018-08-13,-0.03623283373407017,0.10425847509834377,0.0074523811036204275,0.0740084419231471,0.04373830984264729,0.16927242077478788,-0.11894799724162082,-0.13244382401308172,-0.16637445166924886,-0.04266228391158092,-0.1832916828899427,-0.27360709779429315,0.09853503227869742,-0.29565318469149077,0.004675467778758752,0.008507526028371508,0.10317396809851051,-0.13245963624153012,-0.09290297679374304,-0.12709870315803373,-0.10535630818592714,-0.01491488119019017,-0.013487780674863567,0.0077539611834244165,-0.17394429454869353,-0.062157980958046984,-0.07143630420282254,-0.12228168143613903,-0.025062593728488194,-0.1310754565048833,-0.16451521387898302
2018-08-20,0.0002437131686906947,-0.041290885782001074,-0.021712342397049174,0.006255638444547369,0.03129077909052074,-0.03549506101397058,-0.09527888894278995,-0.10602824327157073,-0.027216742952200203,0.0810342407974999,-0.0936268949905568,-0.2031817673624193,0.049048868309493204,-0.14627190786126387,-0.10527060027190496,0.02117563690459927,-0.17359757648247326,-0.14053661214178353,0.0783197999815339,0.04614338046528564,0.05373082949394702,0.034340575144111436,0.05220677639430637,0.024977431879562913,0.08907456706220453,-0.0006056468774858788,0.12466496547067689,-0.02161988241281897,-0.006554967287153415,0.023230309035111862,0.08503804549042006
2018-10-09,-0.0019083192513664035,-0.06146223634937301,-0.019088058169036266,-0.046923671224901105,0.009361786081124512,0.034940288465527936,-0.08942651011234361,-0.06831493186011138,-0.041704474539863666,0.07869065535825576,-0.035328057047949425,-0.1257288410545716,0.04518406958722545,-0.034895896397874014,-0.00520261369960569,0.10002843660070089,0.0972083191591556,-0.20208330111573916,0.026565796376422115,0.07724731069110821,0.02731280631294953,0.0264656998851289,0.004387908314737367,-0.13664312513417007,-0.17770221461371416,0.04783096663186683,0.08805401619789138,0.1280439895778242,0.018358139157563104,-0.04658888217886193,-0.08810677046720687
2018-10-10,0.14561174905957522,-0.040154047780238886,0.10675849975052862,0.04709988214666598,-0.07012442823310697,-0.32081617279233804,0.2744010531450646,0.31428743774444334,0.39618284766121376,-0.28276718873604656,0.34305594511506493,0.3452187515128834,0.00013879455385718383,0.12981601466294965,0.12093638220267235,-0.04987737817697545,-0.1470930055624117,0.26544156631886634,0.20828961854773873,0.11297165513874066,-0.00785035950152313,0.02508274899127888,0.02434809521408893,0.014875045414450984,0.13217326707027363,0.08294088033554568,-0.1489727114635963,-0.2703403615641874,0.09115401475810511,0.08021248544312162,0.16234856409481951
2018-10-11,0.1458962725032707,-0.13969255185341728,0.04421253941200555,-0.043390274283782754,0.014767277429249518,-0.2924048129352912,0.278550331975817,0.21399177880464482,0.3777895362804946,-0.03900697181299048,0.2530875473857574,0.24012162975507487,0.11226387855444361,0.15715675300800108,0.28499119961963554,0.03155771909757654,-0.09738717851318364,0.03098165937029411,0.2703852051145243,0.24030265727481812,0.10657367047843852,0.0587828452491451,0.03216654550785084,-0.08292195471381138,0.17335430158684884,0.11772341178729011,0.007853476633245851,-0.092721251777848,0.07733107789842308,0.17457937366966922,0.23649207523098692
2018-10-12,-0.0897814466757571,-0.16882246283665917,-0.1372616128069133,-0.14830979541683717,-0.0030551708456992045,-0.035637354350889744,0.014146655202967536,-0.07237444196704516,0.021974267483923657,-0.011862706498997311,0.05368047954421092,0.027356690825434325,0.03997228871115596,0.14620751778942315,0.03345289886224488,0.15536417220664148,0.08609953075501965,-0.08762018263058953,0.022312700200644076,0.07077808913564956,0.06815096342095606,0.014471302125213857,-0.002795396959303198,-0.17834059365585497,-0.10803311968687658,-0.030647617285311,0.005614926321584458,0.038442861218838255,-0.09653198820594801,-0.002640862691817689,-0.05272457073986402
2018-10-15,-0.029374783180727452,0.02824372042348643,-0.01267675814038844,-0.04963646051698381,-0.028166243494858578,-0.02232848072676622,0.08242476252219991,0.050706858494992915,0.015068682132867087,-0.05264226639487157,0.023755060811052754,0.017472490124974146,0.004544168391945645,0.06466060217135225,0.007610620251538681,-0.010319396508835291,0.08677003861529411,0.022964217077878442,-0.05674000980629701,-0.07100036977888531,0.009528394206125506,0.004760953695231152,-0.0035892544421535105,0.023738568243854664,-0.09840846721622633,-0.007471799124970218,-0.047460692065494796,-0.03698571309720482,-0.013755071297906225,-0.05358405334465698,-0.08376185205937299
2018-10-16,-0.014997299719131597,0.07288125465093044,-0.004887511511653718,-0.009629363105438115,0.054030790625941745,0.15203662571518006,-0.23675565524295258,-0.18136667415820856,-0.23117782617578367,0.08907145544488457,-0.12123946941812415,-0.17551764988101448,-0.0057911866848225765,0.006882045575726952,-0.16308712398599967,0.01252285751918678,-0.08231111119999798,-0.22635695000193637,-0.10394607661583441,-0.04148628025136788,0.026008238703862332,-0.00750679433249213,-0.0003796409719859022,0.06616873397813362,-0.03705093943635962,0.002341630586509367,0.1345581737377808,0.23054748354708998,0.013664993505974565,-0.040581482277754495,-0.056804996960112396
2018-10-17,0.18515721098682258,0.019665292213388547,0.12225698914940543,-0.0231478714415362,0.1261606011400056,0.023103217417951596,0.0695146168214719,0.03777552443474892,0.10168638583463675,-0.2970145548430562,0.05999085274559125,0.08912661803108497,-0.018240792738057857,0.07778311013112434,-0.07225072488777533,0.15470094504191167,-0.06021478977799185,0.019069241832359685,0.16520470466132553,0.15086993293410553,0.12628689054311393,0.010603272820451266,-0.010326046442078048,-0.054366243364305504,0.1549448941901998,0.17823756304897775,-0.24714240668151743,0.06625413708296335,0.1685685011302973,0.059551241267138,0.141935675932361
2018-10-18,0.1058291130742941,-0.077970344977635,0.017865350507756134,-0.08933175439875865,0.07828992980026708,-0.06538141150789308,-0.07650896312050706,-0.13888372698454507,-0.03912310554629037,0.12662169458127798,0.06057549809223721,-0.01448979091327857,0.19082301749061656,0.11031445761428257,0.029492634412641314,0.040999056934823884,-0.17573643455004836,-0.12504157360756515,0.1746777561721575,0.1750791536744481,0.19165495888772646,0.023985143377553957,0.030461823841277727,-0.028826182653282736,0.2509229700730141,0.11540458448469902,0.19144117319839865,0.26209900447904133,0.0915928033096037,0.148728515917589,0.22072650183706333
2018-10-19,-0.0701579296601828,-0.06917352653799677,-0.07893315192522259,-0.08253261061167981,-0.016194132619629473,0.01571020014314674,-0.25937592778288215,-0.25018122747808985,-0.217140461184819,0.25250505198369516,-0.06452291864567199,-0.14902227232491644,0.08434192594308416,-0.08435141741024539,-0.043625739485008086,-0.0342330190434166,-0.12966838894771612,-0.2017096695775536,-0.01736422809634794,-0.00831031163561382,0.04191310437330791,-0.020507950262335664,-0.02876171914966069,0.007648047550735939,0.06443364699972905,-0.10478443108944024,0.23257183985477003,0.12070757808990251,-0.07749995389371785,0.023923505478346062,0.03182790353718964
2018-10-22,-0.18030055996232694,0.030277053090594794,-0.11496021137728005,-0.00601623335060665,-0.08188419716054639,0.048993564530032445,-0.022027927666123596,0.026502008659325612,-0.07549440053670427,-0.01972084315127831,-0.09806708022193976,-0.15368861744086193,0.06947069436774599,-0.16070213721398124,-0.06639924347502024,-0.01709764436716351,0.007804244642759584,-0.17576594954918381,-0.2373003873871833,-0.21585775938916477,-0.1555775647287062,0.023179516463129303,0.0070197759478578745,-0.04780197806909154,-0.19642461775731127,-0.13415609399728398,-0.04268145964552397,-0.0949088001700817,-0.14187402148123693,-0.14304807106064082,-0.20226465254009116
2018-10-23,0.014370384954978385,0.22635493091862044,0.07540051495791099,0.11787637676200073,0.04184027420627486,0.14632840617940263,-0.09256944319975796,-0.00041066055778840496,-0.09637325740092716,-0.14383523151449323,-0.1366205907785683,-0.1267691414093856,0.028399148506441305,-0.013496757716006051,-0.24678603011779734,-0.009475263174952593,-0.03027309626283257,-0.15924200664750818,-0.1357801512862701,-0.21045719326329135,-0.11059746888936212,0.03413724197888736,0.03427486229701467,0.14769082569151376,-0.09696483178982926,-0.017225501962152084,-0.13399992619047474,-0.00976211416605875,0.03251668343366928,-0.11116622001957413,-0.1317141419264757
2018-10-24,0.11756671176823812,0.2545031502400358,0.15916894373440918,0.1606410990347916,-0.029883082282763356,-0.08142349583945456,0.18624735318518817,0.2371344138083588,0.0990471292191186,-0.25640350044287524,0.17276988264631196,0.12594698055008524,-0.0665547799884456,0.23768158694111943,-0.11119029994515522,-0.11436333810312006,-0.14979107927274765,0.028137961363648087,-0.03656686910911132,-0.1415851625823669,-0.11016667054953919,0.05631782597368632,0.037196391603199055,0.2129940242943493,0.05599670006560757,0.0446136912243413,-0.22954322306708128,-0.10655322811843967,0.1100460897538781,-0.007296474926568883,0.03474639775325627
2018-10-25,0.032291539299292175,0.2372111409614615,0.11929821287624026,0.18720552288148437,0.06202490582022514,0.2535369766617128,-0.21948312652492963,-0.11487276044939523,-0.17711331337338615,-0.14000331201540597,-0.20820210839771566,-0.16001725039416517,0.0856951011283789,-0.0834262017004287,-0.3021296653674433,0.10190629306704793,0.03287680176779213,-0.14978709883908609,-0.13193743195057525,-0.14223154065208835,-0.13043921206684678,0.034308494109259874,0.02005631925151188,0.06899313191000021,-0.1572768293065574,0.017936616819632763,-0.18250108446918906,-0.03346174345560974,0.06490422070708578,-0.12597737025724476,-0.16242806359574075
2018-10-26,-0.04202484306642576,0.034273891115173365,-0.04896041539351349,-0.04336007769757461,0.07728468365979718,0.06550482103516689,0.05745825590817209,0.0828390507586856,0.01569328469122505,-0.15724745776048907,0.0012421470207215053,-0.08273447997340881,-0.022416535005127875,-0.0562305691568783,-0.1098751087969461,0.08234791741708909,0.021522891593834113,-0.07798815651338636,-0.05294723264489767,-0.04621478282334364,-0.0035104121343628256,0.08303486218916169,0.04548616922749258,-0.050967294390916296,-0.021938461832169295,-0.012608157755056458,-0.19389953341437605,0.012877827727017578,-0.04159187083673063,0.0010689687175891355,-0.03476496309140877
2018-10-29,-0.015722784161794432,0.09140707354328116,0.009869714413761633,0.013833572725240254,-0.00568226538100677,-0.0050887876371182045,-0.07435247919372336,-0.09775241432743428,-0.11467462279222712,0.07358578330386999,0.025475101085247493,0.058349698461925135,-0.03582589337856004,0.013737479741376787,-0.10438909996482172,-0.009653063472336645,-0.020915275389888167,-0.06446178764321107,-0.043741956702942376,-0.06713095690279111,-0.019769557312805577,0.0700739243842494,0.04004976222428811,0.039621217894388286,-0.06644345160575822,0.00144509160235637,0.02974623383099204,0.07918454163727541,0.003252746973739715,-0.08849536759325294,-0.08462496313719249
2018-10-30,0.02352478961659873,-0.09246135008904047,-0.004811226208684831,0.011732090480530106,0.1389867632710616,0.21288955780715438,-0.27372409460299063,-0.25748942446276507,-0.16315593299549783,0.10114047009055936,-0.23855501592120357,-0.21972539769079405,0.13853493330350813,-0.20690322652212964,-0.05106154297919725,0.07640705034494565,-0.09884158658922923,-0.10327127917289895,0.11173164717926762,0.13342135764174168,0.05105028872313618,0.02882494938208976,0.02709244588970636,-0.06034864366946669,0.060591425732693355,0.002968617453190923,0.06672192126116026,0.04595371667522286,0.004642192367331536,0.05351954204886795,0.060493215147894824
2018-10-31,-0.026051699491115313,-0.11112565981582641,-0.055233502896676806,-0.10955718559213053,0.03513738281191015,0.1467215610346772,-0.21241014690073348,-0.18184163547837784,-0.1775389232565653,0.04064837526929636,-0.23025472678370035,-0.24205495355783824,0.16632361811008173,-0.1429049132580981,0.0302883594117346,0.059584131856809185,-0.06690828424682008,-0.10150691455485994,0.018998672880073987,0.07345591184282896,0.14513539146186433,0.023202939064724294,0.012290825076385917,-0.045152814250978335,0.12945092068787137,-0.00017647475768681211,0.10456712430613593,0.11264825616326127,-0.010149300282216112,0.0636323644474424,0.1119884138809676
2018-11-01,0.11139184910019047,-0.10668574876638294,0.039719076541964264,-0.05226368547323744,0.09981172812748139,0.1599865237868179,-0.34858373601519715,-0.3110021764795128,-0.25488090423280757,0.17453239060503928,-0.25154878398949543,-0.137023456210683,0.1578973673601022,0.05705998347531652,0.03195951290675386,0.003525303377510823,-0.16488776136916886,-0.24626216647824598,0.2067038422682952,0.22584023299789313,0.1606548134344168,-0.043850294530630385,-0.044243357974222845,-0.04415066062227096,0.24247568650162274,0.05885533393382893,0.2108877719359592,0.19397010237872966,0.09420865312511567,0.14085923947318973,0.23775660046903688
2018-11-05,0.08619630320917811,0.1759238597959142,0.10778404422432532,0.17537645032276014,0.03905391648726305,0.023641110712133432,0.003134067163568182,0.02606133646424091,0.08126094232274617,-0.25465593064397135,2.533528340639709e-05,-0.05549878037967068,0.025853866514485284,0.01646512561594003,-0.169048199327415,0.060846012504949636,-0.1333851836658201,-0.08687476532326198,-0.009647959872072395,-0.05781454985530953,-0.05007782455589658,0.04622631481837509,0.035908333536316464,0.15054284386530573,0.07425624267599205,0.042372757367534965,-0.2020310127230475,-0.06610172609758631,0.05765811065842413,0.05434476613365635,0.06372393720989852
2018-11-06,-0.09689602537000211,-0.0728584978114943,-0.08501292239461102,-0.05830119898781672,-0.008596590319590041,0.09872401077787135,-0.11321162373164792,-0.05555026875479969,-0.0891594797697282,-0.0029009491977887237,-0.12859809764211055,-0.13586486627097866,0.09919520260594775,-0.24410487200330805,-0.0015788795796768033,0.08796597301822907,-0.04199340046375185,-0.0632130292466998,-0.038771493362419175,-0.0027476890105814847,0.0220264406219124,0.02523747685351623,-0.017401357556723243,-0.11820949921328087,-0.06001516057123242,-0.04865280682870826,-0.027534079019318744,0.0016953756326009905,-0.07575910926074537,-0.011737584470675815,-0.04767655885375375
2018-11-13,0.0009047855913710745,0.02718352053533091,0.031685265748233576,-0.0014103121698911896,0.007812207328537231,0.1226531021208097,-0.12148273670880114,-0.14391749313577218,-0.11320512472824273,-0.011903223122870394,0.004052387196450942,-0.07925291293214534,0.043679019388637164,0.009608111489161408,-0.0761023150273159,0.11292695549104716,0.07708560187056732,-0.09330572028477292,-0.03163767352371463,0.007696743065471606,0.03409905267905531,-0.0010695860625688652,0.024833030702864665,-0.05680666088434504,-0.08120247438867491,-0.004912438743054848,-0.046469532493483276,0.03186504148768962,0.013713721767988574,-0.041000708142682224,-0.06392320660395237
2018-11-14,0.01162036585522717,-0.09800704616594,-0.05935664025290836,-0.1303006635257123,0.036688349095532265,0.18162001103123043,-0.14848067080773047,-0.1536991841052991,-0.21204384706335414,0.1348234185103246,-0.016521217672081902,-0.14606841680604032,0.1224032433578364,-0.02205498559877253,-0.08685266020810732,0.18183729618570738,0.1690750902913576,-0.14121213360130558,0.04622442490185927,0.14584595963545627,0.1507327462585705,0.011857718045623716,0.023644620726191883,-0.19863056388945116,-0.06958392957611137,0.10159689029501595,0.05739092158832565,0.2542728856454166,0.011053081437624686,0.009776504308799555,-0.02278712751238086
2018-11-16,0.12396298230432455,0.1497315738391541,0.11244291460107862,0.07994773303741921,0.11102463320650072,0.13662163960169105,-0.044574995872572194,-0.011881648175909422,0.07322089882238048,-0.1219055620499571,0.03668046796686575,-0.09783769413115034,0.05254056567850617,0.034871571349068035,-0.04408122057576109,-0.0055550690986601505,0.03424137844553261,-0.06097864313412009,0.0235374918145969,-0.043444070820268355,-0.0350734401084493,0.006973186154834544,0.044252595350102654,0.1076698393171328,-0.02870576358772427,0.0663811449609198,-0.12445259823889573,-0.02974101025122041,0.08150944446619546,-0.006319047538977089,0.0009381992349795385
2018-11-21,0.003647297713162712,0.027917968784681384,0.008889068403245343,0.02397804243742182,0.020070914019464182,0.13145046103748448,-0.11652109003482718,-0.11934781679456488,-0.11840308478745332,-0.1288604905806014,-0.06943228008144582,-0.1760092525897009,0.07662774049780688,-0.1885031153165228,-0.1241909945333982,0.16494702008366743,0.009641342347071735,-0.07514065316558488,-0.017454667207392246,0.00969732870159434,0.03545583150097283,-0.0028465979126732323,-0.023884360892703634,-0.09743183939606061,-0.08057831309144282,0.03060053499961235,-0.12262875775133512,-0.06868343256591909,0.022883871360883906,-0.03709865162584596,-0.03302220596151786
2018-11-22,0.20768840982253292,0.001516719090267859,0.12287951218911404,0.0648855399537334,0.15848215040921976,0.08061513827315712,0.045234090084885145,0.08009160817293157,0.28754422076242625,-0.4143796364419605,-0.044158187804892876,0.02288675074918968,0.017873610415426983,-0.03581747637476259,0.098090042597284,0.10729842422332751,-0.21532218298707015,0.03311072530133423,0.25436685931291736,0.15292830287080159,0.035086155189251116,0.037266736258168794,0.027277617904978863,0.024388540423049273,0.25262145901401,0.11432044985866552,-0.2220196371763821,-0.22104283664334815,0.12504572752460946,0.17186750178566543,0.29576663412243
2018-11-26,-0.14325227674738136,-0.04942522613867957,-0.15262851840998215,-0.050564188221339686,-0.043032999895862116,0.008336530003653187,-0.06429865914324359,-0.06915701503583459,-0.0655324086360664,0.11167236356932972,-0.06598348202570668,-0.16536434904983024,0.04046191465570592,-0.15737964160419946,-0.15558353936586353,0.0857048327458127,0.03936221655544767,-0.13645189592126541,-0.11175852956544247,-0.04137037120669043,-0.040367482413685575,0.020950394482841944,-0.011120891259375432,-0.08765730628026298,-0.08234633842483392,-0.06340607503025845,-0.023987188016400544,0.19460195671189476,-0.1289863093167001,-0.04177694090236464,-0.08161000318023767
2018-11-27,0.06772394598938991,0.052212815134657656,0.03447319783279009,-0.019867775091288214,0.06500576146037276,0.13218828855105363,-0.15256358818498425,-0.15230348635879726,-0.14323408799892018,-0.022155040314534007,-0.12467078662212219,-0.11783085772717905,0.06795729921515097,-0.14218134003579067,-0.20079698030773996,0.07965293238027697,-0.10196327828965589,-0.13152521224288066,0.04513114193403515,0.06601774299952698,0.06723948783350321,0.022260326996996357,0.010901979578446715,0.017078847381459945,0.04073267883417136,0.08359381681124058,-0.021032150329360417,0.20550611582725037,0.06916562785184023,0.03288794688230635,0.04532395804846967
2018-11-28,0.13490065040050783,0.03083128657912491,0.12173790378351697,0.11079128951048237,0.10168710180476197,0.12387572252588948,-0.03006396970853538,0.034395214898023406,0.1493845909838377,-0.4284395795782062,-0.0975839227667895,0.06998109755894875,0.0336600727621527,-0.03418893593493957,0.07927164705376354,0.12648312633147463,-0.1521678764934804,-0.042019347689185485,0.16239367532521445,0.060673980923991296,-0.02267000072162495,0.01716591360458462,0.025667093531871982,0.05869334078456763,0.18876315626402224,0.10710641257425697,-0.23308966128902867,-0.29599793823720694,0.09619694655482157,0.11455951650493001,0.18985952360596564
2018-11-29,0.06713446470280811,-0.05106531006753597,0.04568524470668636,-0.03931423000744392,0.05831504554252147,0.10704332324351135,-0.07434983599123657,-0.08734154458770192,-0.10046886228289469,0.026691282575221673,-0.14681066637156184,-0.08849247956336281,0.08746970050189065,-0.012622177147774779,-0.05498507400111119,0.03878720221794919,-0.028524269714015033,-0.15579130785025092,0.10698126276675118,0.13653139898346273,0.059646295633521904,0.0285102822607484,0.013060456400341657,-0.03500994401364846,0.062005636017544066,0.0818730090699649,0.10105668786203414,0.17865144457118554,0.07538971608646708,0.02808919538672199,0.08548246551826696
2018-11-30,-0.03582443995294594,-0.06160364162885845,-0.046071139474051864,-0.030136105829859334,0.010038196384262314,0.12086699991228761,-0.21288447561558732,-0.2665219203156044,-0.290682159848126,0.16688106864179988,-0.17766271203078976,-0.08308091256893262,0.09652435445191548,-0.16997167445533187,-0.16128456256893864,0.03238700214415398,-0.07600198984588712,-0.05948326647170804,0.020089431787611762,0.06734870572877584,0.024620583671786975,0.007495245769130346,-0.005850604370131717,-0.05850615141795814,0.030314734139617733,-0.00954667073117028,0.15149025862347934,0.24147689999184838,-0.0158752672847054,-0.0016580254810326575,0.0022439938560341356
2018-12-03,-0.0838118049681084,0.06468329680530549,-0.031060391888094757,0.007457644030835788,-0.033660282130112094,0.013536600146834355,-0.011013959666736968,-0.02240375998901142,-0.10261529509889218,0.12854372184062626,-0.18024932735849306,-0.14273903008305625,0.2139549659528196,-0.16851683203699566,-0.10612128580619727,-0.02245445086245302,0.024378203416967593,-0.12848422006826765,-0.11405297177143604,-0.10625025307041902,-0.0444782892721591,0.01583060992389146,0.013086113319657637,-0.0038937018879797564,-0.14073550206361368,-0.059456329624577135,0.07854212463247097,0.0342801849176843,-0.05266705895059028,-0.09829244917015192,-0.15179330651459605
2018-12-04,0.061884513900047074,-0.016244323835430306,0.03297578321033531,0.019915245440614057,0.06130064653985069,0.08142641753304189,-0.08911122536489917,-0.08488784171971478,0.010567564727445673,-0.265827447094903,0.1450859661133911,0.06428407421983014,-0.060682244613689464,0.13847803910158135,-0.03573201929208251,0.12327882980859073,-0.15151273664953596,0.033807339945027215,0.11871010940645396,0.07862140338901356,0.06584719672072906,-0.00473418166902313,0.0006931628479236469,-0.03385027163960808,0.11200581230934968,0.03672977259571709,-0.17992587339199606,-0.08775074156113134,0.025277034480626716,0.09329244021679767,0.13887532465449723
2018-12-05,0.030226027317066022,0.04877877179447304,0.01356639919036289,0.03385751459775777,0.06202097235234621,0.1049882571230402,-0.09847278602808376,0.008382998474119833,0.09844013085160906,-0.1582819802791466,-0.1431069433363094,-0.11545505039398488,0.06757195334947418,-0.08259705410093544,0.04515173011321673,0.05002190784187068,0.06439022414897135,-0.08896059046131223,-0.014816841873904215,-0.03200052557707623,-0.07378828240889351,0.011909300904759638,-0.01980769811048111,0.01827903653061392,-0.04262950998201724,0.011896945180359478,-0.18072133232849671,-0.18929380393592765,-0.008676264344161336,0.0027496202482239765,-0.027989959918888953
2018-12-06,0.05339294367890592,0.049573252868021285,0.04530935615978238,0.06263628362333243,0.06033564359144258,0.09083176626443874,-0.03755759581803312,-0.030066002477397515,0.02395097245716156,-0.04592598183159905,-0.08636806742812839,-0.06084592512909244,0.08525694008972669,-0.12020484709518206,-0.05742111517082024,0.030526338900568366,0.034143890332977864,-0.011058944062192232,0.04207650736233198,-0.007177486571547805,-0.07824875204051852,0.013091261332600208,0.011042556204665538,0.016368754753557525,0.005910356996941815,0.017674806513337107,-0.0470198525975059,0.04817493182794992,0.04989591020861379,0.03583919562364649,0.05000681503646586
2018-12-07,0.007381172691242406,-0.06288310201042092,-0.04012294020377912,-0.013297447124532154,0.0003478878737850518,-0.08947561829219097,0.022901280811868333,0.13860015501730788,0.20038732710563026,-0.09980204433873359,0.046176811519913714,-0.042645905067378975,-0.03256684998598852,0.011117757703545738,0.1445839960475135,-0.026871279458751427,-0.07750485227853612,-0.0012271065222535533,0.06074647381389633,0.03491620148218524,-0.02554361821425874,0.04495198346151705,0.04594310623393062,0.008753995242340462,0.06255981678480989,0.01764585819030584,-0.01751254446066568,-0.08449444162704407,-0.026731681171489035,0.030392879408505494,0.09124287109049228
2019-01-08,0.07168698847254255,0.05467074568320127,0.06176382457394422,0.07871434090920608,0.06686869421415984,0.14002114725733594,-0.16912768946712098,-0.13083614343861819,-0.0858867459879062,-0.0760137579468449,-0.2857674734920781,-0.2684112798295972,0.17142298421874982,-0.16715623887690972,0.03681131855210057,0.026778940939363588,-0.030844880412435997,-0.06450221861238986,0.06591689436088198,0.028560424242740128,-0.006455578301994839,-0.006412922265019048,-0.01891003492882199,0.008088071694689766,0.0451172418535776,0.04335991643773216,-0.006022680864847496,-0.03773961293567318,0.07189350940678764,0.007853701298365762,0.026410816739902247
2019-02-11,-0.10003017075040264,0.0772243780386752,-0.0066928604250522114,0.051756750130308025,-0.008203056743118603,0.21680999972753984,-0.32536486528710923,-0.273023893268707,-0.27144411154278947,0.1386420992715053,-0.26614486540315335,-0.2924634818626656,-0.06415153883773783,-0.2660707891214582,-0.12349686725800875,0.029741377292192162,-0.04216113236897929,-0.17668296314796275,-0.16159742771765376,-0.11440472531107285,-0.02956333553895243,-0.02030284722331759,-0.032622699069647654,-0.004822173672920917,-0.12295447450619769,-0.0814034318515153,0.1034103512951774,0.09037082755203317,-0.031219557922814934,-0.13945481691821687,-0.1702837786515867
2019-02-12,-0.02734466293492481,0.02964723257568093,-0.019841098462984322,-0.027587199181801882,0.07014080571154162,0.1868761602787782,-0.1915383238186311,-0.1646646579098089,-0.19061192659586293,0.0986477133138641,-0.1749114570801542,-0.13007768359288635,0.10989038206537065,-0.1334205231333523,-0.16714420204472452,-0.027913461571489565,0.023589591094762538,-0.08904529068866761,-0.0764255642704998,-0.030009545853960318,0.006175632356573719,-0.04858570130280662,-0.020504435965463922,0.054996755553503814,-0.0008101600746540377,-0.006045750515837226,0.04168609291335582,0.3340561247011435,0.012225126586532105,-0.04180014552291655,-0.03851373597178872
2019-02-13,-0.06537978738084209,-0.00700750988500805,-0.018427390004704287,-0.026211173788767275,-0.019302675973228135,0.059117071875057076,-0.11869394367694847,-0.09394615038159856,-0.09870734704019064,0.08470648872500032,-0.14677272687382356,-0.07321538884794351,0.12413098866202511,-0.14535363682135713,-0.0825885633773942,0.004219546340958346,-0.012384221381953713,-0.09607615080760584,-0.05947001744879864,-0.023009440423308446,0.03618818501568113,-0.016763350042180443,0.021657565490159177,-0.04928641716733366,-0.03580994135807409,-0.022221733581669994,0.0983143208612082,0.04595035087155596,-0.026943369059922066,-0.056545842392952794,-0.044479446045397886
2019-02-14,-0.19758868136544616,0.005440994120893444,-0.1285946917574159,-0.008187790094176825,0.004070012333626751,0.16675602419122945,-0.24056038072444677,-0.22530005418792637,-0.17811909627442143,0.10630303091018595,-0.2441871189886936,0.063628424895909,-0.04112542466823816,-0.03511897204429007,-0.19487690476544753,0.11118200206305037,0.12442521961225664,-0.041911583484864255,-0.2299729538205878,-0.16078335228012086,-0.11076622772918897,-0.03589137607192234,-0.05722255704781266,-0.08682090881442113,-0.24892108481124425,-0.17149465632507702,-0.03982520159786243,0.04042669863426901,-0.15271449305526436,-0.1363379747586158,-0.2525476889461075
2019-02-15,-0.07209874131428956,-0.055758149173011966,-0.06167638084580735,-0.08807940591505996,-0.025198570085739454,0.009737160350641172,-0.0405379029261683,-0.07674859092935353,-0.1531423403211347,0.3086366898753317,-0.04117910471173686,0.21023545600115787,0.003888504963466764,0.09311850607111061,0.01597458420067171,-0.15009742372446325,-0.09626496372721915,-0.1211853906983526,-0.04143248766239629,0.010616201740908637,0.07927610157735349,-0.028193805524567298,-0.030501435306806494,-0.013241100001711564,0.06731993893337737,-0.05320214136177604,0.2650937550532357,0.3680076580760539,-0.025014750504469507,-0.018800631364732825,0.015434831303042053
2019-02-19,0.007535094528929361,0.11879555799456011,0.07220335933350713,0.12690191856175553,0.021420205827372054,0.14793294781355898,-0.13142819019459548,-0.07437892270051434,-0.09781947334716783,-0.07735331443766356,-0.14597985630484103,-0.1674532734589122,0.15195438467001807,-0.10398264501089483,-0.05367664061555693,0.06722317633290409,0.04362590231205249,-0.05116915707348044,-0.06022517898119577,-0.10099292521814665,-0.12203015835672505,-0.032427888981008415,-0.01865777606325967,0.039329067502419233,-0.08701847294476713,0.008842161560551865,-0.07724234452309466,-0.09644499857760365,0.03568316627793704,-0.0737079785769625,-0.048531873444756575
2019-02-20,-0.037418663468626184,-0.05115419156322969,-0.054330467467947514,-0.0657172300139602,-0.03868600196663992,-0.04905559029595216,0.015043163425247613,0.014124206361664653,0.09896784515298997,-0.062294536772827196,-0.06587478797709317,-0.13816559474184706,0.04597498436717361,-0.14578667154912123,-0.020028579425512796,0.017410135113365647,-0.05858614212638561,-0.058895443240103804,-0.021694067271904368,-0.004277497313454159,0.003718052268295794,0.0101090269907121,-0.0017004810495970435,-0.013457562031572912,0.008976546825115108,-0.006620990896184592,-0.0053679666608374005,0.0038043268143559063,-0.035045612928848086,-0.0296583979481661,0.01810255542964475
2019-02-26,-0.029600181654460524,0.12596002416182564,0.02461449788757789,0.0501884917730526,0.027489082505810097,0.05800085425729591,-0.16974942293060233,-0.17257656466048157,-0.040399482857467785,-0.08697093875561313,0.015523084915788285,-0.10457423423277527,-0.07836615598402086,0.09437184076622658,-0.09838703006011129,0.029845055276839734,0.07857323499765863,-0.029692821238239565,-0.12494982127891352,-0.17981074365284777,-0.02241331024868773,-0.03188191665824355,-0.010438662011777377,0.11787959191449986,-0.10229460614580903,-0.05786732729646244,-0.07211656017049928,-0.013474144798380008,-0.006182748814300779,-0.06996526069968056,-0.1357743895802526
2019-02-27,0.0035958524215481623,-0.07469152200345072,-0.05558887080980915,-0.047199199782293026,0.0947703712152557,0.21201337346798266,-0.20690049649877051,-0.1679342641853054,-0.17593163873879583,-0.07403137846291738,-0.183116580302145,-0.31015911675971136,0.08985158342952787,-0.18408384669066813,-0.14864202326985343,0.2246723618929063,0.04486970957725439,-0.20573060723301606,0.08417107245991877,0.12383711059734734,0.08901400782661728,0.004788450931019122,0.024216707163698014,-0.20743494520034547,-0.009122347709415274,-0.009947814872506178,-0.07306487756307452,-0.008514181183754375,-0.0292587875176314,0.054081870884994075,0.02010398594726611
2019-02-28,0.056152404897557316,0.023251623596227244,0.05031445842914057,0.018278045817265748,-0.018670500187060828,-0.11543111000775684,0.12457031945279183,0.1396126938041757,0.13655213035240524,-0.08411501983360979,-0.20034067382966292,-0.11426570431472562,-0.10065226018475606,-0.1755311199413606,0.16629513960586426,-0.09079828266760388,-0.1597709656364386,-0.06588707321902294,0.05838130630182764,-0.0035088350739919012,-0.024590755050074624,0.010797059414946646,-0.001256665741249786,0.09544270038980829,0.09058350358536145,0.051044307153652525,-0.009984076396062861,-0.052688449882480295,0.037622056011873885,0.04165010461838818,0.10110444443502974
2019-03-01,-0.09036813868174841,-0.06054159078847147,-0.06856043932514773,-0.05828746277299952,-0.028720991473548136,-0.012944505941988245,0.04063833342340374,-0.003869540856888633,-0.010213741283271389,0.12654177549024578,-0.10577596904259647,-0.04346491822729094,-0.03918611453159349,-0.14389900307358117,0.030900391839062635,-0.12252686666007093,-0.08923521594417458,-0.07793798387713387,-0.08180650565911783,-0.06856142064090934,0.017961723674785508,-0.003922255753908458,-0.004478492662738377,0.045452125742034236,0.034104256199165704,-0.0840945219463558,0.1575552439819577,0.08231328602701793,-0.07002746391638898,-0.032260157596503476,0.005044419966796946
2019-03-05,-0.09442558621896777,0.17903308153686343,0.020374145483776987,0.07817100981614171,0.001166229970236341,0.12465928454516657,-0.03642963978137312,-0.12088469972824933,-0.11639276254755365,0.11238464847890292,0.05417074402275284,-0.0797264122600167,0.14038757662829543,-0.07440255506594821,-0.14219354229625544,-0.07701938499048971,0.05643174962007538,-0.03382064667136723,-0.2402868960296734,-0.20885197832675859,-0.10703355633462525,-0.05055022734325442,-0.05464336024774553,0.1079181692893014,-0.22429911895456126,-0.10192796632960363,-0.01303339483420848,0.06003094182243812,-0.0075392904083450745,-0.20649346215650394,-0.24007960740270587
2019-03-06,-0.18267690044138804,0.07487904582989796,-0.07291997402820488,-0.022696938509512352,-0.010865341405384322,0.07993614323624539,-0.0614075560716701,-0.09197227452606131,-0.07217109400733301,0.17660659207709964,0.25279650460391256,0.09484321375237702,0.0011101118369722458,0.23229970965293117,-0.24694878216973715,-0.024868791153087145,0.0970878007113022,0.01951935483774522,-0.2701930284831957,-0.20162280002811173,-0.07919945051070583,-0.07183592036726158,-0.07280386066674685,0.06762572738559267,-0.2739942185040006,-0.15600848190833716,-0.05415377365118649,0.1301384186797099,-0.09775335779015211,-0.18987714933632355,-0.3046038822288765
2019-03-07,0.07370913271836216,-0.14812279333277653,-0.03430216831048885,-0.0729591197048109,0.024859908620036744,0.009742616292726644,-0.06754744938680206,-0.047728625640488645,-0.06170494572057975,-0.228642253202981,-0.15458518778205593,-0.2283320787916809,0.01407640113630124,-0.1782371133466905,0.060496223914182,0.1750863689794781,-0.1941920217149115,-0.0706775582924992,0.20422987591697137,0.21078109472088025,0.12455341679973592,0.03165481076181187,0.04061841034143706,-0.14682223332469474,0.21924539795430817,0.07409405896634771,-0.1335268588193955,-0.01766082626459977,0.019901290215632656,0.13583124888568374,0.23375161387867036
2019-03-08,-0.08507921331964007,-0.02048753863793712,-0.10909835934903735,-0.03963493914568948,-0.021956360701078686,-0.0053406474715552675,0.019137810981228822,0.001031016130971421,0.007803246264089327,0.13148725364415997,0.10182008137437237,0.06216672536988875,0.13625013577681896,0.10221247359391099,-0.25294166028456877,0.10113737322363535,0.05834924921186265,-0.18659428187296365,-0.08589576950986229,0.00310728599514764,0.03815732297322185,0.020905923576777567,0.01419191529391341,-0.11604682484122536,-0.0870771455052622,-0.06218742780969915,0.05091464754157861,0.17777442407882144,-0.09815076987012879,-0.04014135409351523,-0.07456184704071134
2019-03-11,-0.0937354756986761,-0.03579938545625472,-0.0893678814978755,-0.05346046307460368,-0.019481693167798558,-0.032713996120561264,-0.011497256482063074,0.007725339930912834,0.017189952668220276,0.08857395798080586,0.011317762193752226,0.024660513483209804,0.04948122247784181,-0.024953433256093494,-0.07342646775522242,-0.011132542684758606,-0.02691032265473299,-0.10556265564798906,-0.10737181563380044,-0.03723241384000342,0.006441617170538854,0.02350310423299406,0.02376739696124071,-0.02408096207415931,-0.04963699837926299,-0.08960481900818246,0.08297991561409628,0.055394298171196434,-0.08026163832164705,-0.06716441669604245,-0.05323294920337393
2019-03-12,0.15567712914505666,0.13898131530170924,0.15069535060654862,0.11643869697170224,0.13413728359379776,0.13608778412399192,-0.2923670594815192,-0.27758483689093816,-0.07306988258792992,-0.2689720564147283,-0.1708045343065627,-0.28753744365599476,0.1264178477219854,-0.1003109633482284,0.02013477036769824,0.12238029205425906,0.10522521183046103,-0.11920091182116714,0.07564378524717405,0.012446912344472469,-0.00011524646307238056,0.02892745399234644,0.015951054451459407,-0.011661880610530084,-0.00016563574111681264,0.1477849614595771,-0.08234693417731427,-0.11867235717255092,0.1200207367652253,0.06163106493718855,0.0062378074962277635
2019-03-13,0.23335973706894417,0.047304112641002004,0.18669953361212727,0.1082130724176903,0.14923012915177117,0.2133623528927026,-0.24242073988941415,-0.27441885226783286,-0.1813972727179948,-0.34246890723639134,-0.1663484063424187,-0.23496326516412055,0.14778843447442988,-0.1014460415148637,0.12106112719024913,0.12514368785912242,-0.012809706418722708,0.07846386291813376,0.25408931462463535,0.17103603910834564,0.0461825484208427,0.012340627881959729,0.03198247826502181,-0.016753283260110288,0.2122895239636041,0.18042769739463765,-0.13802045010441416,-0.14684350519084313,0.16948963779568496,0.15712415945856728,0.2375180311766268
2019-03-14,0.021962209953174137,0.1020225291886056,0.06809863148835332,0.1031326662157203,0.04453177646685043,0.0738503949891011,-0.1129745535981257,-0.12018279361845452,-0.04312275958422971,-0.10646701346639173,-0.01875361150069708,-0.055692162879372495,0.09803579347435136,0.0037715382202084266,-0.04928290251882501,0.13187837936294927,0.03681227949628112,-0.10778913613741045,-0.028349667273940088,-0.04862615786424982,-0.05543697353004718,-0.018787961378296334,-0.012073689267802045,-0.02345895471580768,-0.08022312657979878,0.02005749686807067,-0.05933222048861933,-0.07483824602321626,0.027536740983782677,-0.022019892087365753,-0.07616257456455879
2019-03-15,0.11801741752079334,0.043888242014152465,0.0833789134975848,0.0659233000204231,0.10759833858381619,0.14819673290921553,-0.07286406456621988,-0.11830583940560052,-0.1498948697485129,-0.12746602818922653,-0.15036346608186904,-0.15765056699510377,0.16475883257352522,-0.1322049691355239,-0.004195474587308607,0.056208815318284706,-0.021389970676805738,-0.09301705224575928,0.1396832171116395,0.09388716237875415,0.07236571390545413,-0.010568225995074352,0.01123361524716321,0.0497188235406663,0.0853492055802328,0.06923093821133011,-0.05351488203312916,-0.029380729520562004,0.08810666876200468,0.12260241174064311,0.10318598736342847
2019-03-18,-0.07270438682143877,-0.010967597245193837,-0.053799021482041236,-0.027687752114471848,-0.013227311202073022,0.0024072197112498476,-0.027275916927590606,0.02060492890643526,-0.013303123680065724,0.055082072891040584,-0.1466484221415599,-0.17592121660465454,-0.056199492569936255,-0.1713073823448911,-0.08318958206123574,0.03204423442596896,-0.043494672501110804,-0.15838870413029102,-0.09345204617282754,-0.05763019476634498,-0.01939843088074707,0.04005028034851901,0.04501635148517766,-0.029288806039815592,-0.05909635327765813,-0.05401859527675115,-0.013046416280799805,0.054677798602665716,-0.05316694483933334,-0.01847182980051534,-0.053852840423011854
2019-03-19,0.015448009769127694,0.12870926188635068,0.05107117353913242,0.03742946283146629,0.0506175971845129,0.049319882140246095,-0.09614208068411116,-0.09902710889943302,-0.03911618066201551,-0.08178691603408084,-0.002427270210265862,0.006863651528659176,0.10683941005741213,0.11081797430700134,-0.022259859701819814,0.026695832057688062,-0.030366989190840233,-0.07171490986607307,-0.04393558693035786,-0.10423804854892209,-0.03534782040276942,-0.003621237873753507,0.03944164479340829,0.08270393770031784,-0.1010738818627009,0.007245400576883251,-0.14582601270567913,-0.04901815929188586,0.024390893557550284,-0.015083101335052834,-0.11361210978990724
2019-03-20,-0.13388169343804887,0.05613301200351876,-0.09760780082319151,-0.018694356053310934,-0.033438224858859424,-0.03922012840057483,0.006450882588606139,0.05629077138511575,0.05549368581535038,0.12065623879315265,-0.1747496498782337,-0.2816693443033302,0.14371860313686816,-0.15206120838568155,-0.15356295821395688,-0.0204854117599302,-0.012608019952980233,-0.03309439691846867,-0.20602005759727668,-0.15384502247330414,-0.03892684152586025,0.013487303753142176,-0.01033966085218644,0.03682335171116204,-0.10997209874895467,-0.0793889205495648,0.014267803660893943,0.13918546393035236,-0.08741490914639838,-0.08114789990474244,-0.10977581868085882
2019-03-21,0.03327513396921497,0.05464946645266921,0.022570276261713245,0.08420768058841376,0.05366981062761149,0.04232536675704326,-0.0953522313653393,-0.07665774094718145,-0.018530864625704968,-0.16979370396104204,0.18587380611803797,0.030469059445707578,0.035382961666580386,0.08091757760359344,-0.075955403557193,0.12293075335433495,-0.03647462322466037,-0.04714195643624611,0.022665953757698618,0.010421262205812553,-0.058901508256987166,0.024790305381777893,0.04119994707598587,-0.04377865212353113,-0.02695251474049286,0.044620578530534305,-0.1839358449635649,-0.04400234096660139,-0.00024346442598461058,0.07727149791799025,-0.02475359448164315
2019-03-27,0.05814669101617638,-0.06392022222118157,0.0003001146711229604,-0.034865503896009606,0.06068505967291859,0.06593463899359289,-0.11692006372521922,-0.09243811819354923,-0.053475289204170294,-0.1973163951615092,-0.12084739969980779,-0.051701018107233404,0.13685159286327844,-0.1471696365806649,-0.04153965156867049,0.13624940162146434,-0.050605826342393856,-0.01939837286398169,0.10657565643902452,0.10314741780946422,0.017161196888991953,0.030957208375077816,0.0065585338758985595,-0.08159032238811963,0.07745645229218973,0.07374134287311866,-0.08472622749247756,-0.015065140978691384,0.030891855325743338,0.07672002150569826,0.11322785282670683
2019-04-01,-0.04677483117792652,0.045077947204067666,-0.006801282997549859,0.03272443338289577,0.05717099653239676,0.08172361971904205,-0.006454999035159837,-0.003381529701746785,-0.06639026811903871,0.07011512843354477,-0.05526602196617242,-0.17630679550383865,0.029006509911792856,-0.057361498050574264,-0.15614430283370087,-0.002427089796312763,-0.013280645464307243,-0.09222906832917552,-0.09205689707065157,-0.07236421483825878,-0.03082326044772046,-0.02106747691167977,-0.01730258098842392,0.014761777406543794,-0.09659818461682776,-0.0703540278747619,-0.021712047135805768,0.07911639289107032,-0.06271330026028041,-0.050160454699667005,-0.09405218348873248
2019-04-02,0.09555438143874731,0.2190082253090169,0.12328902871996658,0.1369718302393887,0.059512459331996836,0.13546844267635486,-0.16005248057925422,-0.16778659158578213,-0.1586510533833719,-0.09938577878044946,-0.026677454124568713,-0.12447293827715271,0.013397390718545316,0.05236185559873162,-0.17794611105339792,0.011220342864008208,-0.014732615054163735,-0.09463951584345533,-0.05059905756939488,-0.08315760134869242,-0.05908227428503796,-0.00860346134191275,0.0363276352376201,0.0973520411969117,-0.052623695676272786,0.05089406348203589,-0.13248535668270198,0.06293691626557431,0.09359189306154267,-0.07586768011772854,-0.10957811715414703
2019-04-03,0.16827480902312536,0.14083368234699617,0.158874646437195,0.13638955546031578,0.022769430932873418,0.04744904152621903,-0.12573378620445425,-0.05806254452133524,-0.11823213702513899,-0.13173668928035837,0.09923951494877056,-0.06725640153903324,-0.0028803532242246016,0.04830234770813351,0.0021427857770127496,-0.05814870099976661,-0.0899140139469139,-0.008395340355045052,0.09406578864209084,0.05069451830250523,-0.03915586247016945,-0.007172188623970065,0.006067430176900572,0.09720152419893203,0.043805366035795,0.12677950817272277,-0.15897495246515345,-0.09354516856538796,0.18145171013268419,0.017179896056054682,0.05434807410855275
2019-04-04,0.12677305236284267,0.15310711204662794,0.14761682273587426,0.20721620212807032,0.07743781044053404,0.028827226865168615,-0.1329424085177629,-0.07709431005838234,-0.124766906739183,-0.11441182030410867,0.20100490352072886,0.03948511408598044,-0.014052756201254664,0.1762052727825432,0.06082455955449962,-0.007389447958763343,0.010517497914764109,0.04089164918780301,0.05089568493622596,-0.007167807667184354,-0.1164821024093497,-0.009431495902671325,0.009239940514823908,0.02808463379478996,-0.019347864312139054,0.08052559263708975,-0.17013397623324467,-0.20874466798401647,0.1601129159239485,-0.06807322495521549,-0.009673084189554385
2019-04-26,0.3324868431826642,0.07361871902686958,0.23733593855078863,0.0840040826391704,0.15282583728179722,0.12203198917145108,-0.04987458148102372,-0.05813508494155741,-0.10252043494005672,-0.4198796526874063,0.026655030655427518,0.1476007577927534,0.1050546061268703,0.03098305133511374,0.04425841358482165,0.15183665463557056,-0.21111596086071835,0.27635021684990874,0.3385930098400603,0.2589907450462696,0.12806299257774956,0.09488925018050574,0.07577042568500775,-0.05654886678404932,0.2978832395937009,0.23856023886602223,-0.2392444638774687,-0.18969398417112038,0.3174995998937849,0.1563718115092597,0.2996655658426219
2019-04-29,0.008674446398358284,0.09658717791965689,0.005639493265726432,0.0794094091638648,0.03520906153925959,0.03157612831734263,-0.03876759451189612,-0.0301775204628475,-0.014820530170647803,0.028302124242553232,-0.13974096804472938,-0.2076874819080058,0.0525161478910239,-0.13387606696627388,-0.10910712028318438,0.05411924802664002,0.11634153797156874,-0.22413665673635966,0.056250510637487205,-0.047936773111344325,-0.07211330849590664,0.122831892581109,0.08384096138289766,0.01629758434275362,-0.06756342630689645,0.01652971608502857,0.03427360342375702,0.00621827426081036,-0.02720757066738226,-0.0476479595594236,-0.08053081085622756
2019-04-30,0.12709808689039878,0.07781874417035997,0.12269804651107635,0.08421491703243562,0.05277215798844919,0.07615643807790028,-0.06746283313113931,-0.19196722798639299,-0.1809844906580912,-0.3526891743218147,0.18663148608474095,0.22520452536441712,0.02213488329078944,0.2288984451702528,-0.021358678951000545,0.0826744068358811,-0.1474182538539684,0.21407480454520428,0.14870451106519206,0.03394118714850172,-0.01052752744628957,0.025221822476990997,0.020914220897880333,0.009861461983546189,0.0501077287643816,0.0915725613242058,-0.2580041592914973,-0.2871032797382205,0.1157170454352448,-0.055014907965321644,0.031750724041737316
2019-05-06,-0.016799007990860877,0.03760158336599668,-0.025110940991328642,0.009150095304925929,0.027223321457611284,0.044940197418020494,-0.012691290704437376,-0.014976612459161081,0.007205286274691626,0.015134987812252839,0.05862903878729701,-0.04077223822616252,-0.0032842108479783317,0.1748670801018058,-0.08254874250507849,0.12022338378566012,0.08895297182428039,-0.15349025472283176,0.050000479567231616,0.0032650187252394936,0.05458356409144476,0.056470184804809226,0.05055314088095375,-0.05893638369236314,-0.09581924456527577,0.027223709972141907,-0.017683406693705033,-0.011605329204467186,-0.036362744070932346,-0.06357206410922395,-0.10164613963039469
2019-05-07,-0.1470858445109916,-0.05270273549473586,-0.14000034328493097,-0.08151651806446718,-0.010640172568228998,0.061910718545702965,-0.12037627620786823,-0.06099336276687233,-0.05988737528302019,0.03442058978868803,0.046326519139887314,-0.1521708002266031,0.06989182474922168,0.024847356908003066,-0.20394836120280546,0.1971785682726876,0.07450283008371786,-0.18604255659211794,-0.15338290842933783,-0.043526619380733995,0.024033713726123885,-0.023170847187558304,0.002138259187545123,-0.11332028599621718,-0.11091256633718845,-0.0750139871129767,-0.04022356698392983,0.07171828062366634,-0.1301901052722946,-0.06842660390021042,-0.1251846506065267
2019-05-08,-0.028699190858706067,0.01982052429795676,-0.044502644552562906,-0.024573232158061356,0.07691899890835652,0.17448841419546188,-0.22295094357042947,-0.19487404274507197,-0.15962873435093572,-0.017264729157820957,-0.11971442859087145,-0.203971911399088,0.005560235489368905,-0.10277240751445503,-0.2782963118294065,0.19670362850465642,0.0973690433345965,-0.14278986369171742,-0.11891611077571454,-0.012736954568723265,-0.025765617476671956,-0.02855986470303064,0.03602822945947205,-0.10406664310848524,-0.09729957403680742,-0.010318382798663366,-0.1552886853064311,0.05361307021990686,-0.021488245193908167,-0.01831892423530988,-0.09234684208305229
2019-05-09,-0.10073923390277018,-0.16862325511072462,-0.15545619694681714,-0.14381097144185948,0.015040455770619346,-0.18960248052804657,0.02578178323206716,0.30384540214594435,0.2910374614292977,0.2959822255783,-0.013028407338479644,-0.2165101201098078,0.2086017100019735,-0.043123059155384315,0.08141205509469651,-0.08745399352708723,-0.08718931790877489,-0.14076667083996472,0.012410889977230909,0.04379902891569274,0.07846720442826358,0.039487729943406664,0.0343234981790017,-0.009507467785891805,0.09699298481238314,-0.08371891931741393,0.28524120142807047,0.29180893105898553,-0.13163834030527882,0.13704792344253147,0.0844274583879706
2019-05-10,0.003655567517106251,-0.016312800207714265,-0.021026658825336088,-0.029190703128652025,0.07025331444220387,0.024632448566928276,0.13087715391921123,0.032131902839298926,0.030198958278022707,-0.050896752971602593,0.11089888093575402,0.049999372755615064,0.024575529623791077,0.09873855573605118,-0.06884146910218268,0.18735476984226035,0.08845525082748444,-0.08107782344806531,0.033817109488873405,0.06090665591680006,0.036626035808920085,0.028478703238905383,0.07199019402238058,-0.13054815336776926,-0.12288611527219598,-0.0025492904706557727,-0.11198108557954313,-0.08350130108207196,-0.015683198014240552,-0.06824253279144006,-0.09870231699466539
2019-05-13,-0.001621414470885287,-0.0521194165935178,-0.028400566420717824,-0.07049374948477595,0.04041006357156226,0.004790422484945114,-0.04227694561362474,0.0010566332681638604,0.028390286938883763,-0.013330747614202351,-0.104065159139823,-0.15741422891275583,0.06497370446582251,-0.11905684945065342,0.05252967861725369,0.020919876129253206,-0.03745695567913648,-0.061797243545577474,0.013272251231615798,0.02354484088783564,0.03958668845851552,-0.010965850684287038,0.01814284720243949,-0.043362418449173705,0.03600570300070707,-0.01030456436661147,0.030526402836359698,0.04230986706327363,-0.0028053697543540456,0.04422253684922766,0.06540274073469307
2019-05-14,0.008629536020178174,0.05373402632525477,0.023661786328562286,0.07642813619515917,-0.004632143985513996,-0.09351251902529098,0.13113104184780247,0.16953523466752937,0.1608313458162859,0.18972065431662338,-0.04025667009970258,-0.15247156831737774,0.038361523751727654,-0.13108704248123784,0.060474797067810046,-0.07376906054383879,0.015149874542348006,-0.16613612173463893,0.04460879585796324,0.003542773438495972,-0.030234885709759227,0.025417122059528025,0.038532477953691115,0.023856987852756466,-0.01206018467693456,0.01821921482121221,0.15385988064749107,0.073077698560664,-0.004211045526682584,-0.037871756121767214,-0.0451664225961902
2019-05-15,0.029211662896904692,0.16473822291736617,0.07376035062087516,0.13185860246830694,0.025921340898214625,0.13135694355522887,-0.12578590065209536,-0.15736608379644274,-0.19763426771008483,-0.09091747596511174,-0.15607752167785527,-0.14845466693002163,0.08178845673624831,-0.08449480505823158,-0.13251496249498088,0.04645949457370057,-0.006943513773951673,-0.05088004984047321,-0.05768855075496946,-0.05496491076386846,-0.07498333215491346,-0.028366665495615766,-0.009930201781980534,0.07068258795512794,-0.07265183893812532,0.013978496654727661,-0.1543406396947578,-0.05385316026860123,0.03238998448273913,-0.09268773510651233,-0.08841531570116658
2019-05-16,0.12395697433637053,-0.017872562176236555,0.09641295906300756,0.020971314149900184,0.07876253723936755,0.026422664012136925,0.14036368219798065,-0.029321076756676362,0.03804310840586052,-0.2826142083835798,0.1738139112344473,-0.04019946541648484,-0.0030432195317651387,-0.007732403071895014,0.10460955839209779,0.07159886187130558,-0.12057265792544512,0.026859697396840465,0.13150603951368048,0.11845374743312706,0.054282705894712215,-0.0628351723520144,0.016549166711809733,-0.016958157894119075,0.1259099346894928,0.09275600773546726,-0.238251916736041,-0.24834924392129112,0.12233599693960207,0.06835712322993456,0.1431382264834937
2019-05-17,-0.04236352940751433,0.008099567734311941,-0.07355620176872546,-0.06414307179196028,0.062309473536409206,0.08085813385965313,-0.11916914567316578,-0.08655722165943402,-0.03135660789145152,0.02401476431604889,-0.021029902990736767,-0.07322248845651254,0.04281124933741725,-0.07071476389493958,-0.2454781681652719,0.08090792926253237,0.06975498424722716,-0.2161540852994295,-0.1008521927221736,-0.014811301473531806,0.02052299035880656,-0.008265620555810163,0.05855687151677194,-0.038659071622525944,-0.06791213076047538,-0.013265681240885126,-0.062450805659939115,0.26327960985047083,-0.04626928850025973,0.04660348138776057,-0.00046837497420564093
2019-05-20,0.02804811483995557,0.05174832129973502,0.05646323666032122,0.05724575059253767,0.025986415516185746,0.03505978413980756,-0.10321813157838666,-0.014178298807379261,-0.008668557130512447,0.0714526395768665,-0.17085733914577395,-0.13914493166462621,0.02173757459088718,-0.18439784146050817,-0.06017275188832558,-0.0392165926967807,-0.07684579854465795,-0.04145879266272397,-0.0091524343227579,0.007657807304425662,-0.027667479814216436,-0.03397805381993303,0.007473402648251354,0.06220494592100214,0.03240283731450836,-0.014190718440617402,0.07879090076044531,0.13464206953047683,0.03524367592368801,-0.0011739526785878485,0.011245854684201782
2019-05-21,-0.02505426922324382,-0.12237474340840476,-0.05412853807118502,-0.09153720020442024,0.042642711428260864,-0.012304047612006645,0.02931712245022947,-0.005519058253313083,0.04026527760946323,-0.08351750741740495,0.0636138251978477,-0.013847187884593196,0.079839297454871,0.06953552538575282,0.03070857499247088,0.06852393804834932,-0.08507462113557131,-0.06388289107256374,-0.009811871062836418,0.04363296822454423,0.07568196710844008,-0.04693383570735101,0.02256042443516648,-0.07076281224965093,0.05532431747574556,-0.02808074609278208,-0.07209325391586684,-0.036635610009085384,-0.019949877744866677,0.026553790714448328,0.066733007747355
2019-05-22,0.19377396316835313,0.13942334787227806,0.18298662742386448,0.03223113560098533,0.1077710305393702,0.14615962035912566,-0.03381381471640112,-0.07147642300245641,-0.0995767478238036,-0.2862768520446718,-0.08371775454542137,0.02693596870406859,0.05567056113261931,0.016947049857765822,-0.07240065829058799,0.06635538099106071,-0.020242456983688904,-0.01699456759394354,0.09416711510269427,0.06931400608268173,0.01675756281912181,-0.046621415106842055,0.04889123269144196,0.07310124682235139,0.04029828538611979,0.10510609634256486,-0.24243322229315728,-0.0531668079827445,0.18949288244411744,0.02596518814955007,0.05524798031129158
2019-05-23,0.12213204650285292,0.07285948969653457,0.12080330797204182,0.033394698341375026,0.04331761161312672,0.17578429012391542,-0.06148674310185159,-0.104124020890993,-0.10859297113357222,-0.2009292018495015,-0.22446226654071025,-0.12848211982335658,0.003161995397443882,-0.14248534930136764,-0.004522325568058764,0.15182391302977294,0.05327523727560082,-0.08543143936596144,0.09120826913152177,0.07143377539493827,0.029314968187326786,-0.03260339778546717,0.03390099409463598,-0.038328049490637714,0.01788996793352293,0.07396143313357766,-0.14555968441371067,-0.0716403755722085,0.13193060436170495,-0.01421072396025529,0.020419156728079813
2019-05-24,-0.19495662977693617,-0.13996837041457813,-0.2196106124108051,-0.12876329632108943,-0.03902975707589071,-0.09534881010169922,-0.14076037003855685,-0.028241398293197387,0.07542940404173099,0.3439694312783224,-0.03331543287475563,-0.0641563075719691,0.00967738996278399,-0.2272332580694075,-0.1583120229756405,-0.06348954084371043,0.029159583330514025,-0.07590921842460166,-0.09930789754188221,-0.04774506940951149,0.002184894697768366,0.05624393311340909,0.0168343972090943,-0.0725913348822528,-0.04900555693833007,-0.10266634585532157,0.17646113538111946,0.34001582327986624,-0.20337484283030677,0.030640672972171958,-0.06372881000147156
2019-05-28,-0.05367902696600216,-0.07036986384830687,-0.05347104383685208,-0.046740262028477336,0.006303244201379558,0.04415864467436337,-0.04024254944314768,-0.0419033194124868,-0.023698113474680788,0.06704771322765067,0.05010852303753882,-0.10513460756979717,0.06925969886623465,-0.00896695186056685,-0.1507991031842298,0.11199009598539893,-0.08138646887441614,-0.19958229182524506,-0.049661144639883546,0.02802221789140708,-0.022535532303896665,-0.028386997233765483,-0.0023535755263645102,-0.1265914160857661,-0.11323535120671863,-0.06311730697689584,-0.07240452792850874,0.09499487734251855,-0.04359255627123329,-0.024426739244835963,-0.08443231863923903
2019-06-12,-0.1561276995130984,0.08096265119727475,-0.13834285237551397,0.007842178710043154,-0.06758277633824977,0.058705137795062416,-0.3002063689175826,-0.22511511412309054,-0.16695418414185043,0.09012462686351709,-0.2790881726597557,-0.2094096722535882,0.1091013381980951,-0.13328781492357408,-0.235432440550387,0.09392799433604976,0.01990540899248309,-0.11841325067743423,-0.14877466905866443,-0.16087858169764965,-0.040029160508670315,0.11332839478575268,0.02048328726644893,-0.002709275230915939,-0.15215500382008407,-0.07881359899066648,0.0008035366499953784,0.1388506660832584,-0.1591968703409677,-0.07448285279179727,-0.16919367244391173
2019-06-13,0.1771561320147559,0.11221775994697947,0.18097547361352442,0.10410719867008403,0.09353215138204908,0.12934160612444412,0.02030539959925851,0.013723086099547647,-0.10006253505119497,-0.429827379736106,-0.005218207508258974,-0.05746356077007134,-0.06608648650259208,-0.03856459741593011,0.07862886962121599,0.0983236758481852,-0.13019416395118663,0.033251913551850205,0.10591088862136716,0.06144510593977739,0.03635928195382414,-0.05718980529524573,-0.0007006548425883746,0.06830635977018365,0.13275975855477132,0.09436339648455536,-0.2676287379126485,-0.2754915520657533,0.1764375224125986,0.0495317351375662,0.15581177583378622
2019-06-17,0.041724414291009385,-0.02221807657263045,0.02398146542336696,-0.026614941312273304,0.050366576229185354,0.10116874325048279,-0.09425943407858295,-0.08941436720556292,-0.09720814416084349,-0.08524857716069835,-0.09733276643596372,-0.07897373802994413,0.042700059788433095,-0.07747969952876356,-0.02147128283574108,0.04780603189686797,-0.011849536598098655,-0.010484099646151069,0.06102837721196273,0.07938884478702554,0.06823673201143513,-0.005062823330814457,-0.00034492073292941185,0.006385378987030342,0.04546441219349322,0.03153746239063547,-0.09738308858905452,-0.0203100418895914,0.0384020867718296,0.004246498379105661,0.020889725061722705
2019-07-09,-0.019520899129796574,-0.0263610188842332,-0.050212226704622664,-0.03895952631116489,0.010321947266675765,0.026378455260772274,-0.003717030502143052,-0.0030938413409793944,-0.04874738786566388,-0.14219154814163457,0.010595476752177199,-0.03735030589858498,0.011140175311139222,-0.04651635469311225,-0.017017270380147935,0.10910623290176392,-0.062459811958577256,-0.04267200207753083,-0.0017970970049003769,0.023926341021162464,0.0644894262632346,0.004376105166742159,0.013220122785508813,-0.07548770226212585,0.011868686408837691,0.03400642678814417,-0.12001993449909056,-0.046886995343825046,-0.024139043045150584,0.014581581541925074,0.03902960781517302
2019-09-27,0.11191378708110329,0.07897798916009338,0.1154647965510874,0.10615184196192615,0.08063682765415373,0.09639348091774104,-0.13852544359890412,-0.09480789006747192,-0.002064803261581809,-0.31659399400186616,-0.10955015170185388,0.07029543912183614,0.05190599843211231,0.023665183779784934,0.06851401625134584,0.1504878249660673,-0.03605458053922178,0.019679139670318112,0.0775146163016245,0.042166266162545575,-0.030550575827528032,0.03133769615702842,0.0573114071010112,-0.006831778835051762,-0.020283754793879425,0.10669480496623665,-0.1769523939730966,-0.2772170862266886,0.10890482836388762,-0.039692951003097665,0.010002461599530822
2020-02-03,0.20732186578051282,-0.0746187122549625,0.09959755129178378,-0.0415625309937162,-0.0003017029443601744,-0.23984588183425085,0.3715338800706108,0.39420483263081907,0.39197296521708436,-0.036561797726914584,0.3588597430262876,0.17733110552549028,-0.006790878304226408,0.22830663037802815,-0.11587340685670611,-0.11616377669658269,-0.20683540259874036,0.02846910653244211,0.3134991716434964,0.2537852982390425,0.20571041088311284,0.047583747512327114,0.003785899796588187,-0.024226006899417073,0.31731025593511125,0.1930718284552845,-0.12611135514991753,-0.08194156416861313,0.1539013223884524,0.1494402215420841,0.3591354848724189
2020-02-04,-0.1650863978664613,-0.04881528361736351,-0.1037551763372067,-0.053844690077450706,-0.13187397713618856,-0.027649553251516003,0.019589607422180452,-0.005379587587660879,-0.02618698703392743,0.26769988024378416,0.051186095542702904,-0.07784446059761307,-0.08422028263196002,0.11612554749394914,-0.0308468923338989,-0.09840497410746489,0.096972344418006,-0.1576810660383328,-0.15538989113991283,-0.0695599105300776,0.03692795327232236,-0.00032215713036854316,-0.008043271853030024,-0.040454132686448686,-0.14309032713867556,-0.10450971959940994,0.17953255165069973,-0.022409159192479683,-0.10503721093101626,-0.08276578070016828,-0.1251873819651063
2020-02-05,-0.06365868910859955,-0.11006211704209087,-0.10188510833018198,-0.11621490676101322,-0.07018920354932022,-0.14553298901777093,0.15097335831818018,0.0989956207067155,0.11719949506083203,0.2653888507073324,0.1989781316427093,0.05200426084447233,-0.044343977826861086,0.18439571299868138,-0.19411254534586161,-0.20266800471692092,-0.027229165367307767,-0.03147038734805326,0.0019662780240735944,0.05967446697741583,0.09158956840162193,-0.003998081183683994,-0.012564021525270705,-0.015336306756690146,0.057763946426703495,-0.06659620351234524,0.16071105354394122,0.22729325289838379,-0.07752002308653491,0.08972303125315492,0.07078059208396811
2020-02-06,-0.09692216314626456,-0.0720615217859823,-0.11679179729775738,-0.10655265121027782,-0.007002063161066944,0.02999746800820113,-0.037511722312846885,-0.06504768874569404,-0.06714665337271902,0.1352053994825404,-0.03827081238064913,-0.18736183063923562,-0.14866999053302027,-0.09130602943434683,-0.24414787152117215,0.026463896737740633,-0.06797767521461597,-0.06632951894804814,-0.07020622857170802,-0.005220189988530698,-0.0013937722129837016,-0.019326565251944462,0.02304389095599177,-0.05483342286913731,-0.043338939482164086,-0.09233418540620605,0.04635754153580444,0.3042068563521447,-0.09287595470606594,0.019054390744741263,-0.0353106960598305
2020-02-07,-0.010468180601396952,0.09461640645501049,0.029954017588872183,0.14886037150254153,0.09034287702267775,0.2164885439548013,-0.26005723088753224,-0.21993791666493714,-0.23315897440601205,-0.04272895884497323,-0.36949287783086526,-0.3335048401933088,-0.0977939081803868,-0.3112772316731012,0.015741402109603602,0.14287698209037578,-0.016351752726068206,-0.03244528658788849,-0.06162703325963987,-0.06844989502137569,-0.1930587287035164,-0.031367698210746586,0.008967062575380097,-0.004752967569117355,-0.0946696272420326,-0.023086384375829265,-0.029243452570716814,-0.012037771595716217,-0.0015916383246248405,-0.029552850523349727,-0.06464059575919037
2020-02-10,0.09748456298483009,0.044697131122056484,0.10103656912204534,0.05270717278044396,0.12340162947869736,0.20538152492852643,-0.28858707920387916,-0.22601220529648905,-0.13614801570111684,-0.27339471680183397,-0.4177417137915605,-0.3698450436303231,0.057120773753145164,-0.35995406529324475,0.2457335945421981,0.15207480980503613,0.06412144897437318,-0.0754802364589634,0.0896534920593002,0.034291009383892825,-0.02910551599137331,0.029158524621867445,0.007477219762175834,0.04155212456293469,0.10595217064684968,0.07253648949637688,-0.06267838502383356,-0.1855341199816385,0.09169750575733546,0.00965717288572464,0.08826833778264223
2020-02-11,-0.1885421691158587,-0.10393319492737083,-0.18130536542194403,-0.1295118122570866,-0.11852276522873637,-0.10656577806375492,0.0972734454647069,0.10112541726678484,0.07182806609969695,0.30064346010028564,0.023416918556134862,0.15554883242445752,0.12890808260227782,0.009618191616026605,-0.33315285941890044,-0.08628061428438111,-0.039743428078550525,-0.01159054437988777,-0.13706914275392737,-0.0678441963426553,-0.021349348086805234,-0.0013595907795044932,0.02426267427663193,-0.02019709803172434,-0.030912634516307887,-0.13967491770107165,0.1415130887674333,0.3671074347589435,-0.17517726353998386,0.03746577503011328,0.004225810088621364
2020-02-12,0.07456560192903565,0.003534151285011688,0.07985595338653058,0.03363582082668577,0.05708647416789785,0.03173330229280588,-0.0503655958390229,-0.06095913613707806,-0.06036794859149265,-0.11707453520445162,0.014364229222148606,0.14589411371340494,0.098882197079932,0.20139334388668687,-0.013892608872249744,-0.009216432150178405,-0.034612623635935494,0.04625579025333775,0.07049847427754521,0.03854370807434689,-0.050540223823678204,0.020920885409860535,0.051172227553317864,0.10009986434664238,0.09956360368353176,0.07159203937594677,-0.05375266226616203,0.051908888456182266,0.08039052039084653,0.05730815088327782,0.08932132804080793
2020-02-13,0.14318172754310854,0.025529872913065254,0.08977713367883124,0.015840110745617392,0.11515765935979982,0.07135929171154842,-0.042261864273182466,-0.030602606424239162,-0.029388278568823048,-0.08833444918896209,-0.06085989460403231,0.09579449029273891,0.14504966110536482,0.12317092511545268,-0.04213070106932245,-0.04564925362619964,0.003510705659362548,0.004728991151382621,0.1144845077893879,0.07000896336699271,-0.002872036976705365,0.020037386588645362,-0.0025245383750124636,0.08013156836920794,0.0703511079867697,0.07723391173033396,-0.08484411772759994,0.1153725152402802,0.10787958981065135,0.0431355742607468,0.06009237127635414
2020-02-14,-0.16417731085222395,-0.0764911153281938,-0.18388410774349742,-0.11565172639426925,-0.058464561225547065,-0.0028690569124717015,-0.05103939993345588,-0.022519118956701126,-0.028330504104179324,0.2066321622255853,-0.07348441639051856,-0.04139072680346415,0.19857691167401795,-0.04951667556954799,-0.36218714325687235,-0.026417492407475256,0.012281123863595452,-0.059074344770021145,-0.11875548411997429,-0.06414225926947312,-0.026154656277294387,-0.014227860507846805,-0.03932668904639985,-0.08606118582884704,-0.04351335553384564,-0.13905369036270154,0.14317750738367765,0.34073272431521867,-0.16826019670671463,0.013517503423860443,-0.08253473398512512
2020-02-18,0.10292840660049683,0.12589087252882733,0.12683237377530335,0.09417022585199311,0.12764159338655806,0.22570289828830745,-0.2349198352827415,-0.21528049083869102,-0.21085567696010288,-0.2724415087573089,-0.17045741099091355,5.054068017182792e-05,0.002864992120390288,0.1778927811085873,-0.02352767264014528,0.19650992604503972,0.062319622605034417,-0.007030036452017303,0.0025693869066253823,-0.006873880386316777,-0.08463139294942709,0.014105107699179432,0.019371483971680717,-0.014641780437423054,-0.025763950375361368,0.086483724981781,-0.20083749238139403,-0.003115695047329792,0.11073536966008798,0.014058613396998283,-0.03875632799479625
2020-02-19,-0.002942935185267047,0.07204266006442892,-0.020428547198935016,-0.022057216958147108,0.05987619943684455,0.09138229985192163,-0.15571771590021488,-0.09648055614894915,-0.047187711062514966,-0.024939128126162082,-0.07935752904255004,0.014030436731800981,0.03812730982297639,0.15475864530625777,-0.18968950999998863,0.02244917063245425,-0.014305208053378612,-0.01911315478732739,-0.020137265505859245,-0.0376117834720563,-0.012467801518473282,0.004189588517992486,-0.030646582742478366,0.04277250352185368,-0.03089762073550955,0.012213808049122294,-0.03429032436331516,0.23520479900646354,-0.024406323796258456,0.032697791398497995,-0.06085187525525101
2020-02-20,-0.1481799300493329,-0.14218147303579964,-0.15780637299933933,-0.09812271190089226,-0.08482654593356008,-0.10898832787718495,0.06163498727247299,0.07988013405059492,0.09757128870083392,0.2001785419221295,0.027680027258857043,0.0029085408510405625,0.14039375947449412,-0.14357918256155994,-0.2138210788332693,-0.08296075737772292,-0.028230010334692128,-0.11813170312300598,-0.08242793511669463,0.004227024563060885,-0.010023057699834102,0.007800505047081907,0.010898087504336438,-0.02216179748218827,0.02994603749238127,-0.11618636242028695,0.13167251808307753,0.14994702604231988,-0.15431981545934542,0.030960866665909702,-0.012895549527274775
2020-02-21,-0.1888995676635478,-0.2646240339856198,-0.2499029428568618,-0.20171500523808442,-0.17346901488026872,-0.30209569566204414,0.30971344733338213,0.29621008058351544,0.2486648923285468,0.3980660595350215,0.35127411982169504,0.24834606866552633,-0.030662263120320325,0.018580817016387228,-0.28863434424477497,-0.18571425162722335,-0.0414439708694966,-0.11088244480120973,-0.0526810793228431,0.04561900958500655,0.05841272872591441,0.04572766926531723,0.031837972061238826,-0.11169708284942455,-0.0054228687616860866,-0.13807703617613987,0.20554161261930692,0.27603321316526114,-0.2139593936253762,0.0310317458595834,0.00047504221083429757
2020-03-02,-0.064758330084271,-0.06727478343287716,-0.0731300929252179,-0.06508476292560009,0.022111878804381865,-0.0013000616204152306,0.015724378668558338,0.015607318125534337,-0.012513215618394974,0.08733696081025392,-0.0894547553977605,-0.14175490279261094,-0.013504498741514612,-0.13437242169747876,-0.13838657312289387,0.021487910076475415,-0.000831004202215476,-0.15631488329582857,-0.045073834455448075,0.002211795770998995,0.03018893507727063,0.00026362559443219143,-0.0029581254834916866,-0.043533107377098736,-0.03287996626671785,-0.06081896893876144,0.04078273126623333,0.1021310376879853,-0.06406479590056822,0.0028063628203601255,-0.03761843769697831
2020-03-03,0.12517039135195157,0.18620038381104495,0.14410504537814184,0.15309547314841054,0.1623447248168564,0.23066089523017952,-0.2562137247495216,-0.2298100065915827,-0.21390679777402183,-0.19830918805236805,0.194332371186123,0.21017239988575281,0.057637184386859296,0.21264967400851337,0.07085786885099712,0.15469557855562216,0.014775646185431859,0.0864108859645188,-0.009665740201711764,-0.03704590624862969,-0.06405514512004103,-0.042524652439642326,-0.04265607073594526,0.0285381184024241,-0.10207483037856102,0.05507973783498563,-0.21668779595411236,0.08374227497921286,0.12256116193276247,0.0005386170545521022,-0.11241064811538164
2020-03-04,0.023197503988228504,0.14424364260622216,0.07455202414406104,0.11845280902829539,0.10486688684968261,0.2547840303513289,-0.30386630823594496,-0.28086521107433227,-0.26461459200335824,-0.17529340465316767,-0.08807545099572456,-0.113454234354242,0.06864645802111412,-0.07239267005156234,0.08378076187633711,0.10400098809361365,0.06419510066974472,-0.007733858151478352,-0.06013148720704015,-0.08095457637968231,-0.0985660020959377,-0.031713421303731885,0.021069005375979773,0.028337719161584955,-0.07256778261819784,0.018531195867338906,-0.08045766082546058,-0.04292738053533958,0.045311817199256595,-0.07813676410269234,-0.09696914973916501
2020-03-05,-0.13813222450987028,0.007334225407951157,-0.08239852749891056,0.016274734243162906,-0.03986885039673178,0.06920786754995803,-0.07636379256208163,-0.09393444190326916,-0.10474558106892055,-0.06991330917457149,-0.04809177304340733,-0.025151893433220267,0.022511700100931932,-0.008441505977698719,-0.056543037205443215,0.22927243880383802,0.10390491121181737,-0.05845944704870362,-0.1367225396652595,-0.06957074425264245,-0.030358709102597393,0.004551770018646864,0.0013245000723020157,-0.17847448837505786,-0.15166576258483144,-0.062475159606546954,-0.14814962021557243,-0.17063201928667435,-0.09303000550147061,-0.09437102108089114,-0.14825566802942564
2020-03-06,0.059264692763216775,0.1860523583611512,0.11065341770344345,0.11767985881673022,0.07992678472886423,0.20988251249282566,-0.14805288319451948,-0.2198782257686777,-0.22035614793547015,-0.2931157160303023,0.2829494255270372,0.1589419232825927,-0.10118694504503868,0.34925342826783556,0.16489556012512857,0.1473471167926981,0.11360593157933911,-0.04586321791975485,-0.0806689714380489,-0.09259471570701351,-0.019013419599761827,-0.0018474915279836992,0.008615993904246631,0.022563103964137802,-0.1402918212672614,0.06206491043182988,-0.28399178273171793,-0.30538634729521036,0.08407985046172166,-0.10557569932819977,-0.21315793011393283
2020-03-09,-0.09614505855293004,-0.139878552075891,-0.14267004712322254,-0.14700648809584552,-0.03847725013239978,-0.1278942657276511,0.09006710516983917,0.12945501682513258,0.10202839548978396,0.26027173469331677,-0.17934736668691287,-0.2734641043280598,0.0858192738873632,-0.30321663679634014,-0.2841360530665827,-0.10162839733044216,-0.1124726171253947,-0.03237016310202502,-0.02220863201389099,0.020958019556441717,-0.0022190650022866944,0.01589007228279302,0.02627173335953587,-0.0045229764989021745,0.09349135361160615,-0.07781810169494223,0.13751375193658075,0.5103477667159342,-0.10416982206904785,0.06835499302945533,0.11088548430179052
2020-03-10,-0.0028871204392439966,0.14368130630089757,0.08237577514685437,0.10108262704135602,0.08621483825014616,0.26044772579441455,-0.277284774579931,-0.29518351418878586,-0.3081810097360661,-0.2698219653574663,0.08120722931084165,0.09499010196357388,0.008994721559715514,0.03448421104538217,0.17721670581684232,0.21739051440223395,0.0722419984198795,-0.022391689235775974,-0.1196971858376271,-0.1068995389769595,-0.057180587870410214,-0.04008687487535628,0.02451122254235583,-0.00016677660221901507,-0.13028450611010967,-0.004823824589536574,-0.24949746746156437,-0.23159607525910478,0.04563064333090761,-0.10114119071708107,-0.1421737214958844
2020-03-11,0.022715020222348233,0.09329723254978198,0.03877240824437383,0.008508143157771141,0.05738387398773194,0.09650618354045937,-0.01400625203659852,-0.06547865708830891,-0.0789977310430407,-0.08846084134291457,0.033293607640743385,-0.05011739923799289,0.027564391208120948,0.06441529872267573,0.060620730233397625,0.01929788405197808,0.015721553299195425,-0.005701079462104374,-0.05037261688045771,-0.08541063713076812,-0.009164478519676762,0.011916378659255563,0.047849245603087995,0.074675957559826,-0.0248094078512078,0.012052434087531066,-0.11028471029896435,0.07591777968710728,0.04330803926283215,-0.019865474464384088,-0.04212732073396471
2020-03-12,-0.04716947834912052,0.005124089374416662,-0.04189795346979049,-0.0514256725824389,-0.02887447461639674,-0.07951533697089967,0.10422814023761436,0.06870155623717158,0.058577407773562726,-0.07171644880872458,0.1680129578634231,0.11881394595275609,0.06638149703961277,0.2175477988559142,0.03248605576754825,0.03735985439160555,-0.052534260085423196,0.1207394827106365,-0.07338456681040073,-0.07295820732422242,-0.019048517081786745,0.015716051070472175,0.01882617322779223,0.051638031660380924,0.06213052710074116,-0.018452754499553158,-0.16072629176474404,0.13579329557967235,-0.045980139791418385,0.025501468634237336,0.029644315837578223
2020-03-13,0.12035518660204851,0.27402197225042874,0.1923407181564396,0.22260974366772393,0.15113230041170955,0.35896221236113335,-0.21871892770234375,-0.307777273663875,-0.27854504488897364,-0.36599280443477433,-0.05260290347526104,0.018649130968557696,-0.02074087718240793,-0.24767142530134356,0.3653236344304854,0.23106548385949632,0.06545566258326464,0.020041562020166142,-0.05185307909863802,-0.08217428753996178,-0.033407113483875796,-0.03792545921097739,-0.01510236693572991,0.0468514656041211,-0.17723747950322127,0.08097041804828715,-0.34212250146258366,-0.48211112377473364,0.14621743843541082,-0.11677428982143379,-0.23006013856155616
2020-03-16,0.07662943998555727,-0.006764778984794235,0.018100877557299763,-0.007147962009509028,0.03182591241264355,-0.049454156318278424,0.06348774083973402,0.08915502979087225,0.12137240811053975,0.020162853651565633,-0.035439288887635416,0.026877183438047795,0.07294047663590181,-0.0064973958654343,-0.07313892238167362,0.011941927598411797,0.007712702198833896,-0.003414825800765829,0.07764680760623663,0.08416298895953567,0.02172546664819463,0.029915068267932977,-0.024978934856073536,-0.03547369268973298,0.06893953266512827,0.06702219266583313,-0.10264995451310546,0.24300056321313135,0.04325940573114695,0.09002699034537014,0.08747494610483696
2020-03-17,0.08060141159188156,-0.10643969732648613,0.02512366556417907,-0.027350532465683728,0.040961844041368795,0.025195292261336315,-0.03417848007778946,-0.040424780684551596,0.04804726060586651,-0.18302064386963546,-0.08558375230782131,-0.03720044878504661,0.12188198377504984,0.08362409430506393,0.06571193435474457,0.22972723258237293,-0.04606702510983088,0.04117184571128634,0.15314186290483323,0.1866258839100489,0.06370546814552586,0.0009755930781102537,-0.008464154123903857,-0.1524914824541563,0.0579301676440993,0.056141597741873266,-0.13658704901782928,-0.11637934263040862,0.057252870787895836,0.017180228843102153,0.08176887007193247
2020-03-18,-0.12064773231856639,-0.15803263980519672,-0.18044788685732324,-0.12812646710829007,-0.07078171089463253,-0.2115011807983136,0.15064622390633195,0.18175837732154781,0.13573918611472985,0.3464631844435798,0.09074323148005026,0.03075667147374566,0.016291050925190106,0.1780183639749202,-0.35640341326628755,-0.06211767054209805,0.02840812721736522,-0.10961189048007786,-0.04659741140355358,0.027674489454881573,-0.002197373836130827,0.0313719805683016,-0.0016641055511670854,-0.09480052493924018,-0.0550373157404563,-0.08353251012256264,0.12322519433836998,0.45743590552374014,-0.14717537495564553,0.0418657636870539,-0.017415624872041718
2020-03-19,0.08341720708257681,0.06441129336017154,0.09095764110517675,0.08430117489661439,0.09817225851366708,0.17261208292182575,-0.13824734359238575,-0.14785288665447874,-0.15165449238646275,-0.15801339670723633,-0.1281807414532161,-0.12474703664803943,-0.009742674552106687,-0.0859439318409952,0.1642332970931562,0.16093733553556933,-0.03776783548097721,-0.043062597640055315,0.05479951337915603,0.04866668091004495,0.039398067017686215,-0.0287691667858791,-0.033015773086233595,-0.07318562785627049,-0.0607561824076291,0.04675662011891335,-0.1664739177347779,-0.17651617242595496,0.08846239407667504,-0.005552479456868198,-0.05591953755472179
2020-03-20,0.11811964029114151,0.13825333144454371,0.12538139705695056,0.10251725141078916,0.14849256234246902,0.2027364285220343,-0.04068019336443183,-0.1314957308937858,-0.186515630084568,-0.33633938783190437,0.2025241631552867,0.18505766185615144,0.0035618678409071194,0.11194764909678438,0.28210647559952057,0.21910948987329146,0.07962435355837623,0.042890765287996215,0.026944286077328506,0.0065938545497987635,0.018937785945772976,-0.0202868225250432,0.0064951103060931084,-0.00451152971446624,-0.08745993691501612,0.08316571767436692,-0.37305280824327197,-0.2525222560388263,0.12183398987718679,-0.038647954870050905,-0.1507493258552879
2020-03-24,-0.013415027414376977,-0.037738320910055606,-0.0060614201570503125,0.002354024338767444,0.00022387076345273884,0.05437701029680305,-0.17558424030683195,-0.09781425187308523,-0.028626020658533938,0.05075252890311326,-0.30077466641091116,-0.2575397781477252,0.06533794691756976,-0.25487606082734793,-0.055804439437774654,-0.023012831338544433,-0.0718905681233799,-0.06878765107038676,0.04614164255838712,0.031309040377538566,0.05064264063860204,0.03410566460222532,0.012901235435120065,-0.023038128026616506,0.08400613221373883,2.5184924578327102e-05,0.21366680984623665,-0.07431512496737114,-0.004217071435517674,0.015446602318434031,0.09932931605765805
2020-03-25,0.060073558758544164,-0.009685519161903218,0.035360940130830874,-0.0076523126810283705,0.05608675391057275,0.08138756412172994,-0.06354598000326711,-0.07059795191342844,-0.035998829894641086,-0.2427097374548227,0.07019237652274285,-0.01429172243465684,-0.010777974325630421,0.1622187295249738,0.24134610108033733,0.15627984391575442,0.030791903835350295,-0.11297495788936344,0.10273547946638169,0.09673881312086309,0.10531070226589716,-0.0063225151265784195,-0.003943221183393172,-0.06377876961260924,0.037162525147178646,0.0707165950021987,-0.15041858288381188,-0.30021294541151655,0.05955240806623204,0.02507527294573009,0.02345596868286362
2020-03-26,0.26056948092811766,0.2154840731405937,0.2393720271233694,0.17535093768081675,0.202957546723374,0.2724072182508111,-0.16007369337109756,-0.2223198429252046,-0.16212395640460325,-0.3534283201499377,-0.07849846517396217,0.01345010913850971,0.06818594303735306,-0.006181876303614173,0.17574884114999026,0.21289127983633355,0.12335086748721429,-0.07242496390952086,0.1512575227567981,0.07284138075993404,-0.007915270509502663,0.0015808774711451683,-0.011587731702358656,-0.0059545198828452545,0.05447526810153152,0.20060380243104756,-0.30764248278264533,-0.20958337193028112,0.22500821719767886,0.03880829457707045,0.007106592844282815
2020-03-27,0.2056362275921679,0.17285170745125167,0.20110383198563148,0.1849295066342638,0.12097180262369576,0.10686544323999443,0.051603059957112306,0.001998408562385835,-0.014749076798007845,-0.26121955338707226,0.29477191055851154,0.3786600086214598,-0.04075802479630782,0.39037268063375696,0.3184040875180921,0.02746389882522689,0.01452021426631611,0.11592754668671411,0.10281869639189938,0.03091160050670751,-0.06251668749565346,0.01904467564791823,3.543985464780089e-05,0.0885764234237994,0.00754776813152151,0.14795656436870738,-0.23005770645387866,-0.28859970045968136,0.1767751613389866,0.02654068797558356,-0.01707470538203866
2020-03-31,-0.01503105789217626,-0.04249499317091204,-0.015920708057071804,-0.04440977278573332,0.03624927763946263,0.09119197040433565,-0.21111953380685217,-0.14010468079433436,-0.05156327161736105,0.013505709092593587,-0.29291761377735503,-0.295081066754461,0.06029747625430473,-0.2585901447231821,-0.23396559118758029,0.016855730626659796,-0.06031052181339281,-0.2343350243894466,0.0006171426711451949,-0.0003229552656150351,-0.013676328391762312,0.021046153062044725,0.03545846830418778,0.032665833417915284,0.05263500525249326,-0.025755421802374306,0.08122078021305924,0.1612882421371755,-0.005864810907560899,-0.019995177162617613,0.08992573885635498
2020-04-08,-0.1062187371509646,-0.09004099984087938,-0.12110459191051523,-0.08910364277292199,-0.05104704263503886,-0.07679351010411481,0.024544843487945313,0.08165675699804043,0.06047374652835814,0.048846095884597936,-0.0953172730147375,-0.10939630242323187,0.0687191091731792,-0.05879728735922817,-0.06768690128631862,0.0592953392341168,-0.0407476052669299,-0.07979644202285271,-0.02549209988457209,-0.001036230775044379,0.07564361326357086,0.004097878953960338,-0.03622308472755985,-0.04943098148380717,-0.01089597710947279,-0.08362664011743212,0.030314311532967736,0.011133881362389879,-0.11681380732099363,0.0024668700311702113,-0.012678928034061626
2020-04-13,-0.08912761966876821,-0.1651798870153716,-0.1272327040692121,-0.1289677864689879,-0.0014361276006132518,-0.0647782061867663,-0.20906461188928585,-0.04533425895591377,0.10856489435313058,0.1925327880524493,-0.2659620757255789,-0.2736085538002961,0.03771441523607518,-0.26740221032001404,-0.32574378365173445,-0.1037629419723009,-0.10440908293178519,-0.110229762327647,0.019072721875164712,0.054444470484891996,0.02244798464859407,0.0344545837959154,0.006250935378917517,-0.025892651433661575,0.09871914921915474,-0.06488931862116042,0.2156090591852236,0.31465363209711256,-0.12758162146704347,0.16996534256144596,0.1258083964050701
2020-07-07,-0.012916456543876489,0.07137518962151575,0.004846943503363721,0.013793512687929794,0.05841033637657975,0.03424989821807116,-0.011082137168124284,-0.006110024081041533,-0.025326625901566625,0.09923630395049957,0.14445584791132857,0.1820115675952831,-0.15590929146783902,0.17880126177088507,0.08085338486425749,-0.14979935534169045,0.04280639857644342,-0.04496788315705225,-0.04724104966313023,-0.07123947418654994,-0.08636573155359935,-0.014821271266046392,0.025573890633041513,0.18220195748123455,-0.014297273392085275,-0.03709851258557872,0.013058806076994212,0.2975658961650032,-0.015461514604988506,0.01092448871908078,-0.03050595734900295
2020-07-08,-0.05471385505958355,-0.13113658015883964,-0.08566325914908259,-0.05831712980320467,0.05893195731569022,0.004522177117571456,-0.04112412348647276,-0.04940895853564885,0.04031994151554458,0.1667013612607821,-0.03032194332283609,-0.07842120957663581,0.018360139011307196,0.024646242584239024,-0.07856485290605182,-0.03136524957542391,0.052320759620938816,-0.12366674700483689,0.024563239146818485,0.0756013438778873,0.0834050434987396,-0.01076641368619157,-0.018242670414857626,-0.05331263871089231,0.011064088419138926,-0.046712602684031254,0.1451317862892303,0.03135674305474025,-0.08190666433911613,0.05105906988089329,0.012934352452663849
2020-07-09,-0.09099444796312946,-0.1734962048360527,-0.12826994421131568,-0.15756000851889365,-0.0622231002326587,-0.15020169882574125,0.08126402188235497,0.11040460720008861,0.18633303482753302,-0.007864498623653782,-0.09361687875733467,-0.1000025153787115,0.07038281306414355,0.06972949952475631,-0.054036084466084974,0.13324048410409808,-0.060041594877570145,-0.133663622259604,0.04840855273447662,0.07824749477661798,0.11984667145672563,0.03913812953616142,0.0009236567118661217,-0.16340348667934815,0.030096990714204533,-0.036799398120527085,-0.006265830268776286,-0.1445652915583028,-0.10946743016787713,0.06125008059103252,0.02368291181215676
2020-07-10,0.061771013584899996,0.009200728747907755,0.020862587810787914,0.051644600506578646,0.06486481957075563,-0.014430865367931691,-0.020823067695126492,0.027574271580423,0.09702765563547477,0.18995225612685113,-0.024890452603716084,-0.016200162368918358,0.17427706349846592,-0.05843268122164669,-0.0568670738704809,-0.09403306479579879,0.065733871652581,-0.0729268890920897,0.09010087990478866,0.08253399447107512,-0.007603976473085893,0.08412946609030443,0.055542986163778715,-0.002355867140218879,-0.002540190254942883,0.029850150792530526,0.0601038436600004,0.0735800158169156,0.018430858396387775,0.05681241986346197,0.017837157938742874
2020-07-13,0.007938132321933094,0.11918680835381558,0.01693970925859065,0.0680749007242244,0.07664589722477752,0.06326072866786694,-0.1335529790871272,-0.14709725734032225,-0.12688123205948126,-0.17383086897992917,0.02582884985531731,-0.15460366020673932,-0.0032247424473554956,-0.06063916105067344,0.0018449495262590882,0.141554149403622,0.01320474898648707,-0.03441600124354697,-0.04579980564595777,-0.07778116570939353,-0.03664637648473636,0.01659377201743164,-0.031062332334084893,-0.024937003873479986,-0.13475997580107976,-0.002901530933423315,-0.19074001269792001,-0.08929492218271608,0.008197884772029826,-0.11185696293513854,-0.12990045639322775
2020-07-14,0.11439989454262048,0.012863949943590603,0.11981277302314848,0.052606414526698723,-0.05372056237945536,0.07118642195575849,-0.10101618671701502,-0.0894244142244547,-0.056893831750574275,-0.334652702331555,-0.10946498168033415,-0.23786674692973553,0.07559566587400626,-0.09345238023332934,0.010818044513504559,0.22350111142843637,-0.03998406623870044,-0.09015705936027531,0.07865942462114178,0.10718521388365866,0.08165023714349773,-0.027555081129560708,-0.060558593594621186,-0.11896896941542162,0.04519343602388375,0.10861420781662451,-0.2042473523880355,-0.2682233492834588,0.13361653377561541,-0.01776919070140086,0.08400168934456798
2020-07-15,0.08304817319862913,0.3178200591129284,0.17781922277958387,0.24360946484905716,0.1301246273995918,0.29620949654137646,-0.2993638976661607,-0.3150794007385331,-0.3527362978112741,-0.34005672672582543,-0.1332027908418205,-0.20394211433382775,0.030964809155406656,-0.18146059721487304,-0.020631036863605685,0.1915444737024209,0.08664245840966812,-0.0003757517562476502,-0.16360043634227942,-0.1939152187458017,-0.1793803702311791,-0.057673312232319224,-0.048082715982168546,0.05845644053423188,-0.1788945567643186,0.044058273047988365,-0.33008843215332917,-0.08223317783992336,0.1361850821455377,-0.1531160721655617,-0.1465437451964903
2020-07-16,0.09362560883095011,-0.09444367782418196,0.02762156149497566,-0.031464760187059175,0.02010143591625429,-0.07116123814044682,0.054803670492697805,0.08884253866799709,0.1310873466266198,-0.06390015677798838,0.09049267896739195,0.11483194591009674,-0.01769629010418896,0.14625044226518397,-0.0965948649954108,0.09253651764175934,-0.045925472089722266,-0.006524323844483841,0.11861669617621295,0.17837617248152288,0.05829259997109117,0.017960743723902092,0.017079317662533483,-0.10964150454102381,0.05868564661469659,0.047026879373462505,-0.09355868855138257,-0.07354569159941503,0.05244262168321462,0.09629895062170148,0.09983054204397956
2020-07-17,0.15765907814689237,0.27653200408667494,0.1925581051297738,0.2031967602288251,0.06926190863179943,0.12132484109616067,-0.011617590462280737,-0.008006228999970486,-0.0754042954282428,0.05011303127892672,0.11685920790533755,-0.04732475440021888,-0.001490691864259364,-0.09189497062813773,0.032885801103993494,-0.11514073498704828,0.006948201256096504,-0.15066819042409904,-0.017347825863145195,-0.057687551063405146,-0.16466327472526518,-0.019885142498674593,0.019926782855192473,0.14086858660471094,-0.06854460652888002,0.10144583590690334,-0.12085768251014124,0.19202035982619559,0.16285309677888068,-0.05124393177910382,-0.055426743087463565
2020-07-20,-0.04400893223352638,-0.12524268426866586,-0.07343644658176052,-0.06801294936230264,-0.054254875244246166,-0.06501455802259289,-0.01250636634944427,0.026587212496088003,0.09122582200474261,-0.08903916403276485,-0.10466930462515134,-0.09723252644891048,0.07490246056344486,-0.14280567483102136,-0.11807702813825782,0.17037677752625044,-0.10356820227321106,0.02041461872067429,0.032300177412052926,0.09198988360346283,0.13474874465730488,-0.013520582138102548,-0.003594333880382021,-0.1613590743997206,0.04653664476727084,0.025753611679367107,0.005666999313070391,-0.09319600585283935,-0.04511998891748731,0.03965443135713676,0.05682284185654138
2020-07-21,-0.0520757868576489,-0.19917667697519575,-0.10117387004326464,-0.1532902199533422,-0.014857883708610464,-0.09999784672750403,0.06887744235343952,0.12211534313815972,0.0950396188806141,0.048082153225445,-0.12001027758899438,-0.16698527408124303,0.01210324667898373,-0.2060651073837502,0.037091836494319054,-0.04697766852716441,-0.12138391182900048,-0.09235583669077106,0.03883905017113651,0.09726703626821497,0.08393461003505345,-0.003097681248779368,0.015329510064673032,-0.0405083610965946,0.13587519338467877,-0.03280405424818508,0.09475303626069576,0.06511864306986051,-0.06801985116165668,0.12985851082553643,0.12667673731611773
2020-07-22,0.0325247801452429,-0.05718333185636304,-0.00543254014593953,-0.021659953786001614,-0.06906400416026066,-0.13154707413209882,0.13077709233298418,0.16383995401514886,0.16951070430956078,-0.08298166581468903,0.2321373435610812,0.12767992023132146,0.03639928126860829,0.21743907460005127,-0.020528748128919153,0.04698439005669936,-0.09492693590097857,0.04001564219199595,0.1158786596427574,0.08972082148595122,0.07463874688158446,0.022947794123921225,0.014629025118299527,-0.07122514115848434,0.022959816560041094,0.06032716080370311,-0.09366335844894125,-0.13780844708421988,0.011959962509738097,0.011079876432018633,0.022578213036993935
2020-07-23,-0.011376105131407608,0.23764383511897916,0.08007174408017685,0.20108415965806842,0.09454251681922249,0.28917949976958635,-0.3098780271625887,-0.36195876255443954,-0.3723004662480455,-0.3243384432258353,-1.2330437801036e-05,-0.1297871390230151,-0.04151977855406112,-0.14032756415628295,0.01747751718196554,0.24516889463368438,0.10982791523509454,-0.11821231329931926,-0.19729993253179132,-0.20656479479096754,-0.17633247574303734,-0.049998086294920814,-0.05207949365613468,0.05338715234898036,-0.23890088416728533,-0.04034713531082849,-0.3203056404215375,-0.22798463209435424,0.03292222711388823,-0.24044576359418332,-0.25316629797976004
2020-07-24,0.004188454982448898,-0.01996532463368745,-0.015952436125402734,0.010724603312121928,0.018119433198346645,-0.056089003797959856,0.06988188095851448,0.0197927175096124,0.03656843980788788,0.0015053390519740673,0.07433038115186383,0.0786557377981564,-0.0342964433942698,0.06405688199452529,-0.04445171854186833,-0.023380614769895468,-0.00977622139140898,-0.0524836440193076,0.059809900535254146,0.02697938267568593,-0.00905239751650142,0.04846342994481452,0.04266437272701647,0.062134376020702445,-0.014650716150689632,-0.020646625035857298,-0.04235494648328055,-0.026271164429589117,-0.017203877270899712,0.007267478460818379,0.008633004541662895
2020-07-27,-0.05571649916585043,-0.10528602773398488,-0.09252500646007725,-0.061096648225928384,0.002377921734692926,0.04629512231228555,-0.11925113397331245,-0.06944488494407051,-0.05571332151734991,0.004427849603007452,-0.18533505651828266,-0.13492378519888573,0.08318955745353963,-0.1333588808562314,-0.1042589091483407,0.1570588662748055,0.01975646584718963,-0.05133709192762199,0.005842658600674703,0.05938612612198412,0.012075337490786557,0.011297711528893908,0.018266661106433227,-0.1561360825474948,-0.0028064201007630797,-0.036235277212457936,0.023576106774847665,0.023596374492763507,-0.07093775820501462,0.023580285286848246,0.00423825283965292
2020-07-28,-0.01434959692097642,-0.1787473967095158,-0.09687474975839261,-0.17924370302253187,-0.008145407391010306,-0.12483979479674606,0.15565344362573938,0.20664213333600745,0.17230939524566125,0.25868112011508443,-0.211770279268274,-0.2613332944066825,0.02923412600694444,-0.31816235614586436,-0.11871998483701773,-0.18639056186049796,-0.13043576422653969,-0.11098110117248522,0.12415723064085452,0.13427105183721058,0.17513358822014496,0.05571780571719026,0.04142041576264907,-0.014464240769049183,0.17763061736199862,0.009053122446551789,0.25786882415861395,0.30436582911033805,-0.04952388510896479,0.19943251522019795,0.1624482273144175
2020-07-29,0.10910857435552668,0.14654199040871155,0.12045878374828077,0.10923581245417177,-0.01949794279502105,0.009443820041781252,0.04620673956592457,-0.02784751070351414,-0.023034146012663747,-0.1525552183165245,0.17618581699741792,0.11763252441087355,-0.0007398456744815183,0.05219609213130108,0.007467538341447569,0.11446511597978276,-0.045217676228691904,-0.035343282818607956,0.040117830317762435,0.022732324792935573,0.010590623323323868,0.04676655691502331,0.037902892818498464,-0.025725012119871698,-0.10753656317478379,0.09430185572047202,-0.18235079921996328,-0.15086234606728804,0.1122407946707902,-0.07493523282772512,-0.07231251839919152
2020-07-30,-0.06906017069564302,-0.11210653433795469,-0.11004928623432181,-0.09467940554463654,0.020341845425344424,-0.06386215707276885,0.06896782926428718,0.06831428507344439,0.043493954734301156,0.152003664483919,-0.05245365232482184,-0.09520349478715376,0.058412065732268294,0.0372077070779667,-0.18320993586866455,-0.009947480042278262,-0.060998352336436835,-0.10138128188432569,0.018840341291633936,0.02531621000741939,0.07549027172088334,0.018309917094495753,0.016771536228030258,-0.06844557137964409,-0.03338780729990119,-0.036299042380607396,0.08673444812154925,0.1444021507013881,-0.08399520170316661,0.05967721068578965,-0.01907402337856823
2020-08-04,-0.1553087240859588,-0.18440948082121156,-0.20458906183949915,-0.1229087735889031,-0.038921282952863054,-0.13903464532362733,0.0459116209922822,0.06909707817998229,0.10255938112279772,0.11524782666897422,0.1261690976282832,-0.06139222485345548,0.026845134958462857,-0.11566772345082599,-0.108869585389671,0.06228540923962246,-0.029391669051880127,-0.06900754830987424,-0.04641488321735447,0.02411597239318914,0.02333413144965115,0.024691631775481355,0.01822894630780711,-0.13804844837794988,-0.011530414595303878,-0.11369686167875358,0.0136910507695357,0.021774101072382094,-0.18223593356535062,0.04759104653523698,0.0008810467346927876
2020-09-11,-0.14448040256982142,-0.13859305405589686,-0.19069285135768863,-0.1666101681078543,0.038779538133841794,-0.0587566881787016,0.11893260194138135,0.08597854920656396,-0.020258769956617496,0.35224147353348945,0.11383347019819338,-0.18050671144131647,-0.07924020512870458,-0.16914938510993988,-0.016497563280382353,-0.12222844070287532,0.053266143057957814,-0.33507299844855704,-0.07946463734951269,-0.037572356635143044,0.03266461160242654,0.03150212951418342,0.05534555880570333,-0.1681299592655086,-0.11316932673333174,-0.11953015311070284,0.15634551191867346,0.2002995907790105,-0.15508257438703876,0.0175840744312109,-0.08081407832430905
2020-09-14,0.0433854173270862,-0.11622768503329121,0.007111905934704206,-0.057020290079405865,-0.0061970582421712475,-0.02825724213521838,-0.1150527106101917,-0.007228608567076177,0.1433242003071277,-0.1045728536709585,-0.2041197738621964,-0.16226461795477584,0.1445717911157211,-0.03795553815013712,-0.02709221317542284,0.017812298086837642,-0.10443361291604848,-0.048298305314200804,0.13988896629764905,0.1363640729235047,0.10164011835602278,0.00494049845316952,-0.0073331439685469174,0.010720926163309604,0.19298241440889466,0.020694395636036256,0.11568830448357148,0.029165095229917903,0.022624019768257984,0.07794196458694505,0.19219066753681416
2020-09-15,0.1406884579237859,0.17913966145105298,0.20804172497193382,0.1884649304067569,-0.00891966953158572,0.10126575823702991,-0.014730551993760397,-0.051301327956871375,-0.11069453908134315,-0.2276630381220711,-0.021770338303334063,0.12028910788927569,0.018110524264044782,-0.05637773323523861,0.07053351856134811,0.08358716422484873,0.0019173738958691614,0.11538916990195093,0.03892336210432277,-0.03008779293523594,-0.12426276671636337,-0.04235299290919825,-0.03158446966947494,0.09914913226142275,-0.03009997012898322,0.07455983803479695,-0.1937700802349126,-0.09038345358290226,0.1805036529745522,-0.0858557963820585,-0.008510519996941497
2020-10-12,-0.03102319863954542,-0.18682879699745428,-0.12043685853889499,-0.09719718372034422,0.01587486242432751,-0.21470835439285763,0.1395124640442974,0.18848862353487927,0.21161255015951277,0.144358468655588,0.05065733020480199,0.10575111876886108,0.01696668942237638,0.041625454642650474,-0.012521175548869997,-0.05126394907986776,-0.11097115333551184,-0.03342661349682555,0.10509913003629542,0.10115510286669482,0.07365934129370415,0.023999402253791522,0.04077783529738773,-0.17092950618286817,0.046054185408283134,-0.01224535154321475,0.1382935217134287,0.054889290944839554,-0.08205519285236708,0.09887611991796215,0.08093029511683031
2020-10-13,0.1368767968006056,-0.03919939979852811,0.060591969124670214,0.003823957376176808,0.013289045447181156,-0.07774217544608701,0.15681899744320743,0.14356944445082628,0.05249036181906617,-0.09042207901378115,0.16752605230613854,0.057737517147542376,-0.0535194205501366,0.03727351293195989,-0.0028611454323387167,0.092418831688647,-0.07749218054890182,-0.037465141561704836,0.17801907883090184,0.15333842769247283,0.04590636007127818,0.008964865843003144,0.04458684850149139,-0.12223357368207322,-0.0018561396367589068,0.0772500026995762,-0.15542200227961897,-0.08868444772012656,0.0869561294887406,0.030181763370377004,0.0339198057709261
2020-10-14,0.1109389549928165,0.16885394360881809,0.12833741573822688,0.13310076790811812,0.0011825623367927112,0.12517915175894215,0.011760819842180399,-0.029999885503351226,-0.11955145856239734,-0.1999358954690878,-0.0495436202360248,-0.08258943284499445,-0.014294017254394217,-0.00947669609081162,0.00038253632568514926,0.12998106180829758,-0.014860438610271828,-0.05635247394495114,0.015352435346487557,-0.017416083201584942,-0.043353092715936126,-0.012969387133621394,-0.009289856483975727,0.006259559363707112,-0.0364503939155074,0.14565424775010094,-0.19365662128399305,-0.10741573976936926,0.1299805907063168,-0.06918037237867297,0.005832418086728934
2021-02-22,0.06882645757304684,0.05251222833025144,0.07387344097772149,0.0322244443161931,-0.009155626392156422,-0.04529666296698437,0.12091343338469365,0.13335223374455524,0.12303485551217996,-0.12111205472523877,0.048312778758468775,-0.15679221861040002,0.007061488380384722,-0.0850755654446389,-0.001802253035331703,0.024839917124919113,-0.006842783425644949,-0.05841961650099693,0.03356845587472644,0.011894814190938238,-0.016358233246281856,0.024199286824174635,-0.0019267937348348377,0.0022283986722098532,0.032715183194344626,0.05461026845977409,-0.1904796449050681,-0.12617334030920727,0.06637376334952454,-0.009415280668273926,0.009661551090039315
2021-02-23,-0.09196025720832547,0.11803054465189655,-0.022753402960945062,0.02884239812753432,0.15817493032488802,0.34045941134734886,-0.3590882552895126,-0.4408300745069954,-0.35404765565723034,-0.007236322638030796,-0.07370814737708703,0.10165447166652263,-0.05764943500605673,0.07429668426200105,-0.24887174948468277,0.17955019250894969,0.14893041756162395,-0.039747004040603565,-0.22867734137285706,-0.1675495248877916,-0.02571852714532812,-0.03960045924745826,0.0056823912926133365,-0.07422715790443049,-0.20171269994088578,-0.053006372248915884,0.00041408859458562944,0.1073410602759474,-0.02527134833170859,-0.15210415660571913,-0.25894599201678975
2021-07-29,-0.020590480676828764,-0.008474095130137613,-0.009340927427778723,0.05828807674522129,-0.013850970272044532,-0.06044064031066214,0.06451157778264593,0.06259080372754341,0.036336830132380524,0.14676398897917473,0.12456208304519135,-0.04749235985066416,0.018427359739350193,-0.021244291168809458,-0.14909884988632444,-0.00401080343464925,0.03916417146578001,-0.14223382036197135,-0.05376564913740392,-0.005208386281952093,-0.03900059697349386,0.004154096665110907,-0.002524737519188045,-0.06945418246596742,-0.11609739433649795,-0.031590811282267754,0.04298002550689866,0.20629570873335032,-0.01899603397735719,-0.10886046217209737,-0.09999976963303561
2021-07-30,0.028025909822268952,-0.0462873303762171,0.0057776878135440855,-0.051625132952017753,0.05583427696263371,0.07426836246055789,-0.10963326764830762,-0.06658500110480486,-0.13712679101497444,0.01986060772244021,-0.14273626213884458,-0.1914944149392702,0.044697673849498666,-0.17007075409020866,0.02062510859546846,-0.009967353405291236,-6.40564459038518e-05,-0.11923595701295017,0.04106252390379968,0.10302955392096884,0.06562516327023758,-0.01861754514113055,-0.011346257434345478,-0.03159700384096052,0.11183664041825571,0.043203518151513534,0.0018310770224851806,0.1381559001140154,0.04045652353585558,0.03864504377608722,0.0654788619045492
2021-08-02,0.04908455498133234,0.08895380380818552,0.05468648442180254,0.04035874740410261,0.13852123775283426,0.2977522580847364,-0.329713163943103,-0.3125355505119643,-0.2817953446225451,-0.308920088645204,-0.23831005282307371,0.022308903956237518,-0.030085129779643453,-0.08187430698822867,0.05194488989130162,0.2578944575391325,0.08182507574450892,-0.0009751420365234914,-0.06481718759928333,0.018490298225585566,0.1369674661900179,-0.053380135485988,-0.0328078839711301,-0.08526584963400127,0.009882353291678806,0.05627581518866204,-0.17599261750088682,-0.1641999490229616,0.06542814307852864,-0.1115204645011775,-0.05672544150559687
2021-08-03,-0.10796735887681479,-0.15765503676445386,-0.12723143757072608,-0.0727044368359521,-0.11464111432615295,-0.3522908611112291,0.40693273470483327,0.3821536513626507,0.34294034826210273,0.37052697208837454,0.16685178082701604,-0.1451036840118164,0.08402119266638507,-0.1599047091061397,-0.1771956461744596,-0.20206544470777402,-0.13497539423176197,0.02310185079431856,0.05768210863190602,0.010675621790282587,-0.12121156305121646,0.11341490641138934,0.116152735974021,-0.03256464458525394,0.05389566518157437,-0.08240114999240127,0.1367607301765228,0.2945400862462034,-0.1324389889379511,0.0874847597819049,0.04199038317324252
2021-09-28,0.03818567468737417,0.11170400870714911,0.08487060388034298,0.05078907605613994,0.05936398692835269,0.29748120474698314,-0.135073025709755,-0.2793905890501101,-0.3212275698528014,-0.4041401478285787,0.03489584976718256,0.19949689412881866,0.0006183018108139382,0.08155058763675671,0.0664340159487785,0.21599274035927016,0.030683318902220924,0.1799382081602714,-0.05029960213344165,-0.04448528139940947,0.03751534860691587,-0.015562018726632633,-0.022647696002224448,-0.00663292160744259,0.05639195834145188,0.08209643592749515,-0.247520609055036,-0.2703384224353996,0.09340257501438325,-0.07015063624261655,-0.004241350616724471
2021-09-30,-0.09715680699961494,0.14170163496572263,-0.059664908996938014,0.09170175721955268,0.07148412098540902,0.24244253313726594,-0.2033857299870219,-0.34380268810100223,-0.31170892817013557,-0.14330344568125428,-0.06156812757224677,0.04469740977164225,-0.13070824193904979,-0.13749280361709107,-0.0915690779702299,0.2150967361681703,0.1767067348007133,0.016082283834437404,-0.19729845675263458,-0.16343594218633975,-0.04147780069159012,0.002494002060935054,-0.014930912374122484,-0.06925376712612101,-0.19533022823655757,-0.054076115140839764,-0.21021091379785192,-0.1928694503522607,-0.05303331969331098,-0.22662512669111504,-0.22081114291115025
2021-10-08,0.0024692837646852336,-0.034598211513742934,-0.004657440367056847,0.0010307404568145571,0.09944196236707535,0.19068373823139273,-0.193006722800086,-0.23196824878745773,-0.18662542687493017,-0.19287660959031125,-0.057815394692325904,0.05379135984370167,-0.051415819061707786,0.04641593119139138,0.03932595451996287,0.1370386777671394,0.10783172521270423,0.03421789096250916,0.005366652765995967,0.004913285110221013,0.011084614252531797,0.014335820650627221,0.008649872383067563,-0.005413380506479811,0.0824127151253817,-0.008461096788113074,-0.06979718771500053,-0.12039783020272586,0.006882643623753708,0.00044390293619716995,0.005322264908356344
2021-10-11,-0.0341535564242376,0.015867025236968004,-0.0004154393454270058,-0.0018243511797637908,0.02770139210651517,0.18850376135083655,-0.08548811223531035,-0.2467026995757802,-0.26718038487183576,-0.316027988771244,0.30680203083327173,0.278885058457689,-0.14663108309793052,0.39181048085925796,0.07819104705694203,0.21866255757032882,0.10855775589268309,0.09081442842526767,-0.050257371912412016,-0.04103086087721554,0.07927115131104989,-0.022069450156783493,-0.023699085670026352,-0.07035537691200579,-0.041498751161508814,-0.0028051360398717935,-0.19288937958942412,-0.31838284728705224,0.007427219694316446,-0.1211775319284559,-0.09252906326923102
2022-01-26,0.2714357252042048,0.22281156877035083,0.25433839437187233,0.1634094029772238,0.09243653244382108,0.14304617298409916,0.03710333453349883,-0.09563311335964779,0.022462361784268286,-0.32199893002504715,0.006290448028207813,0.13812060913260937,0.059925053772617504,0.016584706438559197,0.009407803330821772,0.004693241796719459,-0.10541407473850131,0.10768327456378217,0.18944222908482816,0.08152475638268439,-0.0003812296927818082,0.013259867748667862,0.05454825090560724,0.14126382045198224,0.056543028925007746,0.22122823856352306,-0.11194234852688167,-0.14280518375331802,0.23101307118561773,0.13428208054398688,0.15645592957334836
2022-01-27,-0.2424840643368097,0.04483890959901966,-0.14684141141080603,0.0029708257504019384,-0.11276719904560044,-0.011908945963566075,-0.06732854750167666,0.020972012944459013,-0.07259170807525915,0.14453207282598035,-0.19578690141791033,-0.18916921643047965,-0.047442785107435145,-0.13626351460533428,-0.15678935057614465,0.2309361019647988,0.1631673659219528,-0.16951498283343155,-0.30897423283952946,-0.22484667428640207,-0.08194919983444483,-0.027092256692078855,-0.053252848558382714,-0.22743746276016738,-0.2183242231617639,-0.17825295656246506,-0.19369872080144898,-0.036081539959966685,-0.16239125870777554,-0.2691154709510831,-0.3403760313619758
2022-01-28,0.24429545685353377,0.1531821857539856,0.1824347129248785,0.17149706527061898,0.13110954449676623,0.0518295542761565,-0.04116645950534222,-0.08367979304744422,0.009404745541048944,-0.10636710894011153,-0.06886863809141044,0.07715621543183399,0.01572443705445806,-0.055379231307909046,-0.0046197936479094575,-0.036321020812813846,0.05604373179106892,0.01642894617182312,0.15480487174000757,0.08344617006623618,-0.09387923316808452,0.01638884374509502,0.049284641933560636,0.12558447968009528,-0.11343410125023065,0.12574206544396205,0.005331089737517889,0.03726829730391843,0.1561288513413028,0.048809547814420075,0.0021603177890081805
2022-02-07,0.003090211795875703,0.38873373786504284,0.1299863633892748,0.25812746922047214,-0.05921659649006884,0.021424197862334498,0.24681319307019342,0.18094337611840222,0.05105644620221813,0.10405295157994794,0.08447703689209714,0.07642630808438794,-0.07850679123772894,0.0683369535653463,0.06217323818664095,-0.08538105978309941,0.06120251564060482,-0.029961414681988815,-0.27913199284997736,-0.2972767594189119,-0.149910656594859,-0.03693841783773383,-0.003078257172391816,0.12741614965868467,-0.3394421720258303,-0.024852701594880677,-0.15055080800399265,-0.10310624467616938,0.05354218387565626,-0.21591327371165828,-0.30578075488029915
2022-02-08,-0.1328305202297998,-0.13028842622871725,-0.14376330912687052,-0.09840480066363266,-0.01253112784283364,-0.033288992339277984,-0.09375906585253535,-0.04990634941907008,-0.03388476758882138,0.257832365058332,-0.29286147033065174,-0.3092402837246931,0.09443506863152873,-0.3438118728725002,-0.042244541881793565,-0.15657770134476437,-0.04046556304770875,-0.11894288164223947,-0.06436456032881153,-0.0012783988926131156,0.08751332694365022,0.01649128075838356,-0.0059482792616035295,0.04757840191728366,0.009660955474661871,-0.07828965958247339,0.1458353990214918,0.14481719327894318,-0.1209306132317884,0.02692400607819318,0.06346628012419667
2022-02-09,0.21342473604647572,0.29010202481210745,0.23408448356826297,0.22942973983665693,0.05843807308724781,0.007390373399254645,0.23421272003959642,0.1666123417244858,0.09529165339370883,-0.1161058178850398,0.3442705576212412,0.2198665735777871,-0.0821659807347122,0.29722243502420714,0.12872787219082304,-0.1806790551632891,-0.03499412624744115,0.09663544723895987,0.030818616833807023,-0.05919745462990559,-0.07807563189626704,0.001748349039401455,0.048758150861368546,0.21686552120708988,-0.16588214771755577,0.15124584439325006,-0.1336175246199735,-0.14062767767018142,0.18768514672243408,-0.021086039600597954,-0.05109898467050871
2022-02-10,0.16462572752486215,0.21532034023303337,0.17472925086245505,0.15512775195283043,0.051870828832330365,0.04588465611319785,0.16116369832323396,0.10084749644851834,-0.00517393076588489,-0.2586758969135384,0.3779425329631891,0.14661470152041334,-0.09674972892167255,0.19690871206849073,0.15269311151080323,-0.1324618252950241,-0.019102155766379424,0.02142747602118102,0.028921598344442564,-0.052635347583584,-0.08567864477017402,-0.019418791393542727,0.02766351093652677,0.222174078880088,-0.0882405898125141,0.12367705748391532,-0.16226690521206213,-0.14306534144172914,0.14366308549764667,0.010639219503206879,-0.028472056006623198
2022-02-14,0.02718298329017287,-0.2809505515511377,-0.07505499865971113,-0.19379322677383398,0.10372323496788323,0.11613931195283907,-0.3532491300724271,-0.3277996789046897,-0.1566016737562319,-0.04528642600300429,-0.33315646382533426,-0.31421114021652863,0.09193208864340305,-0.2732844818466431,-0.08335641606565677,0.022849909434020883,-0.11316643331598268,-0.02855137915841727,0.2536425173894873,0.2615543874576731,0.15846019118267635,0.02556272858493119,0.01673658411724284,-0.03955583409494228,0.264426375960209,0.01253183171178988,0.08237663517657745,0.19905746534057248,-0.01755759029102733,0.20429762164141083,0.2368675548504017
2022-03-09,0.025167825250625827,-0.031925805572682056,0.008557290365377355,0.007571063823873802,0.013928199225390417,0.009001735012584331,-0.12686036384526078,-0.11963033394961202,-0.028564966249798786,0.005107058241878555,-0.11043650673423214,-0.18971569265745242,0.06722820347745136,-0.12478186613719808,-0.21182401334902773,0.05323032389212788,-0.12776403155772612,-0.10648963365392182,0.08354788066243157,0.06858058820361211,0.08316848825680685,0.006139988815481357,-0.006236434445707424,-0.03375431967932159,0.10427507967560815,0.019639941186989092,0.049041935953120924,0.08519505151394749,0.005810848398751082,0.036515384548610086,0.029408412195591656
2022-03-10,0.0033414618588666293,0.09122390519626226,0.02010514513142186,0.003820060921096479,0.05497075410442738,0.17870406939907352,-0.13623374229328367,-0.010872301464786602,-0.07592672585222782,-0.1100311927894079,-0.1199627379929354,-0.12951267685227902,0.05450674686628159,-0.18994972387536602,-0.2020976482128482,0.0324689834982152,0.0031622728367993323,-0.059629532885968485,-0.06884732196355675,-0.02520349110469458,0.10574599646016766,0.008763329473513194,0.006327201784879479,0.04269657760293937,-0.0663605651576065,0.042070227764022736,-0.1144469331948717,-0.03977754590174933,0.036866840588053985,-0.07843417780274245,-0.07788083850300039
2022-03-11,0.030660952005975923,0.11889025344925237,0.0588604350329331,0.037827187038633636,-0.0005204833342108178,0.059570388462595235,-0.021929134336476006,0.04815782174462908,-0.013360530509546501,-0.1914760898398889,0.10794360214070263,0.11744122075231318,-0.050525999798452896,0.10966509008429605,-0.14272663196462806,0.017146213021379475,0.0019156357788313568,-0.03574662231244258,-0.04276813307713539,-0.06339713121869738,0.015255441022924494,0.034077791417810886,0.03574629296508263,0.06987457768565056,-0.0823514680785512,0.04486294906879203,-0.1753562008385958,-0.12265908790932271,0.06464123091884977,-0.036361884405642045,-0.07096155046743448
2022-03-15,-0.10782245531186155,0.02397145110512496,-0.11506496221144884,-0.002868996063703657,-0.046432591752068646,-0.10864405310551971,0.05367869412451951,-0.014688870216670858,0.024701680259391217,0.18034813286984494,-0.018528922306447163,-0.04573175928686467,0.09331237726911489,-0.04618105483953919,0.11076030553446516,-0.14660560162914968,0.03431674879065458,-0.08189699273570206,-0.11754362922615683,-0.13127326605436285,-0.09347583481339888,-0.01180840095617084,-0.04007330536279283,0.1066206424185246,0.08981898271878214,-0.09002619284890165,0.12908447568877074,0.12085624340541909,-0.13111710690761613,0.03555107580513962,0.010676455398087708
2022-03-16,0.02318907484475698,-0.1336505505542052,-0.01742194498009493,-0.05454449844307774,0.0919864552047514,0.12061784598753653,-0.29182180987239376,-0.21106934582317968,-0.0818523452880912,0.008798555323189801,-0.2218150730866119,-0.1149358897267437,0.051013660254878385,-0.1309958085440946,-0.05418316071744666,0.07565130687945344,-0.07062608532162508,-0.016284952487157417,0.10115509862367748,0.1559087308890514,0.1512373224752674,0.0016092829279943485,-0.030145927843309144,-0.08548278988590606,0.17231684018846435,0.01748261368964469,0.24436709084441366,0.045348360088565805,0.01743347122248157,0.0535948987322201,0.13922755052673816
2022-03-17,0.060047801136437054,0.3173033992342491,0.14646723252649307,0.2244130351327811,-0.02571320040033954,0.021022552424354374,0.026539912494837982,0.14986498703463452,-0.02662937344544335,-0.004142850058901837,-0.11893109846964862,-0.20679688059291174,0.0824978664088684,-0.2541502255251373,-0.12224815235620899,-0.00023785795262179737,0.006946100050029303,-0.12346344650341108,-0.15011815748458718,-0.18966384631700534,-0.11727854878992565,-0.014391322377213323,-0.011929416301263823,0.05292202845614821,-0.23533533784923263,0.023524015846252078,-0.1375325315672802,-0.07929650976704859,0.08934369023443522,-0.14961643240593672,-0.19706997931531225
2022-03-18,-0.12442291499881787,-0.11496315352286779,-0.10928890895900692,-0.027882369757082255,-0.06983312680140899,-0.13112272247269013,0.004692868842018506,0.06732321169765444,0.10580729738729386,0.1943263183277006,0.07320371635097181,-0.0017570037318146061,0.01793802946688953,0.016817550393756438,-0.08846667308833822,0.10918285595877947,-0.06914845131036368,-0.07095829920639458,-0.06649450012900585,-0.00494390911544486,-0.017371616775801974,0.020072117052034485,-0.010642443080671676,-0.1774464647557861,-0.024317123674207873,-0.12697828631852565,0.007407767372326779,0.011461826915695156,-0.10222559951625937,-0.07589634483351694,-0.12521800730616267
2022-03-21,0.13474983218959846,0.3213662205821384,0.1712511095371494,0.2223741080832765,0.03615390376287556,0.08019771033374612,0.03123704540726512,0.022992330451982856,-0.050528896586268704,-0.1732692664986113,-0.09274880815919943,-0.071360526139009,0.06830085527687522,0.0033886530145147355,-0.034558885978997034,-0.011685111512207238,0.003251881299996774,-0.012928508246359759,-0.08171303082396181,-0.12531774006440904,-0.12126762140483426,-0.026494626589401066,0.016337084087084845,0.11173721895804216,-0.1306913326617625,0.1177602884318647,-0.1371948993228538,-0.06968295537488538,0.13362238373981178,-0.04888438446981083,-0.08472111224849882
2022-03-22,0.054439196120157206,-0.05507987306052219,0.014468987338969263,-0.03335563899356449,0.11623746462814265,0.1531691502603908,-0.23627828600042894,-0.24994977888817158,-0.11007866376045711,-0.16311535392073934,-0.16760925355850018,-0.09817099007221133,-0.01756094533579631,-0.12071894084763193,-0.08240113142443865,0.08274318664341884,-0.09686255877775889,-0.04544802306777732,0.11140222488953022,0.10097008517918754,0.05907936376378367,0.00687998750450067,0.009265728296953083,0.016699360223116792,0.12591535312521485,0.03847761875251099,0.01624498963617158,0.09492594216339795,0.025370521007048334,0.08310624520139227,0.11965434301070903
2022-03-23,0.163018717321733,0.06914303665357056,0.14231163994085605,0.07109681033117599,0.08866805605931649,0.05159941628188514,0.13403653346515704,0.14812238155817467,-0.041808595758069195,-0.12838420505623474,0.05865174143127175,0.036958009618765934,0.052131838954187104,-0.035539814736096145,-0.18510590351022638,-0.015009593732373488,-0.025329319277057685,-0.025441406422898796,0.16421852116392885,0.10988925403387215,0.02025052671069313,0.048066873206891285,0.05212135867376124,0.05214778252882966,0.039202957888862924,0.09030180670544967,-0.10936734394894819,-0.1454105515740035,0.12677680066424712,0.06567680883700257,0.052258280828301196
2022-03-24,0.015209816872506228,0.2599718695446572,0.08165852454158201,0.1880662161264995,-0.0260779742100702,0.02550726080195363,0.02117583728456059,0.08245046966841019,0.06381057838955262,-0.06264267780808853,0.043570782025648236,0.11103621020994471,0.07391577781732347,0.04166588437372451,-0.21150171652839012,0.12454239670283111,0.04543502440489931,-0.009981717279471908,-0.17783180343957727,-0.14664378016314425,-0.11634804725111447,0.01133939675600201,-0.023036040290162763,-0.07762855681317582,-0.2493482438932726,0.0430829401670702,-0.2786543497901968,-0.12485108801958658,0.05837245875042698,-0.15924248294532453,-0.23151937356482175
2022-04-12,0.15577081784154914,0.10476358591400081,0.13843243298241462,0.12771372741976345,0.10533943767349431,0.10493769242827301,0.0010264597545517427,0.028534040050809357,-0.12571453439287858,-0.30699973028661837,0.15242987627872623,0.1821449586136299,0.07004630256154021,0.08302574819920262,-0.10692843829950312,0.04313193648600137,-0.045521191619247336,0.04031345749788974,0.10632337409921035,0.06416380254823131,-0.10327444664871364,0.025276933651929123,0.09874960334429159,0.0851285196635987,0.0027488056882957416,0.09596515534790698,-0.22513136284890903,-0.13534670715219096,0.19785740494854975,0.0019814874783743008,0.030566487539521545
2022-04-13,0.13409788109401408,0.052804571318803506,0.11430690734043937,0.05398860151645519,0.07695221737868373,0.07736034684093465,0.011169517832608668,-0.019275593973615224,-0.04011696581758425,0.016758040671106162,0.04841524447587668,-0.020467637646646258,0.059798141662779566,-0.013638204268104392,-0.00790325522105192,-0.12043235104127142,-0.060877883660699024,-0.08943957537665555,0.1044085224587539,0.10255003044218448,0.0788749371609837,0.0015799130241272628,-0.03370298843840987,0.13009064601618164,0.05158537627370282,0.1257583263496529,0.07358424008980223,0.046110324444010004,0.1261631844250012,0.03630011299278763,0.06895309715889521
2022-04-14,0.15540528065360412,0.0357197033350147,0.1465965605387498,0.017433712347856924,0.13968917953295307,0.13809333778604913,-0.10284837240220801,-0.08714648591876524,-0.13975132256787245,-0.292177369622012,0.0401671457025722,0.034891110671931715,0.0865453714233256,0.12155175741208726,-0.025926888115725463,0.03227427857792264,-0.17025020776435218,-0.005219379900856561,0.16702419171705735,0.12445103339722247,0.07067679213791447,-0.007488159366455545,0.006285763414274651,0.10122358040425204,0.18487693525766444,0.18380685238839142,-0.052401930041565785,-0.0178755173276148,0.10854898874481685,0.1780353154463688,0.20839476631161685
2022-04-18,0.06341833962115562,0.1762136027807782,0.08347150574942905,0.15239144660105886,-0.0536976724297033,-0.11265889350064419,0.1124650918506176,0.14929823683687732,0.13948964728308513,0.10079980375768022,-0.034568351209562906,-0.1488618286060475,0.06420739876717914,-0.19990865268355595,-0.01066061593579055,-0.03799042040936521,0.02918902903956447,-0.11171131373824972,-0.047726307387134057,-0.0590012263191972,-0.12424395938603416,0.05228721981327282,0.08191728836056311,0.030507013193444833,-0.22154696333989013,0.018709769308215638,-0.07108865788341577,-0.012133615089247212,0.06648422119295257,-0.11607350972718516,-0.12980527509448875
2022-04-22,0.1790925673791982,0.10518615098776274,0.1754868861103283,0.06945131120077352,0.00499254451644932,-0.11926299482012526,0.28173893930161126,0.2698334575350787,0.1779470961465187,-0.22406483606285402,0.2587157069751555,0.1379593209431649,-0.05184686290283309,0.24584396787035942,0.24602676164623044,-0.08039066605793392,-0.14080984548706574,0.14995690188140653,0.13994598673112466,0.05533780880550706,0.008831082072284842,0.05612327965491671,0.0348088094850743,0.08114700898778103,0.13463815645685281,0.1750736437823921,-0.10693899035361029,-0.29999012729676455,0.18274495878113253,0.05643808090164125,0.11251719683985659
2022-04-25,0.14230929137450407,0.06328095225252242,0.12828132514260024,0.06308424669575018,0.07839208436654445,-0.012948802141792054,0.09316990204273783,0.06433497785416832,0.07480278133036755,-0.023799006350488056,0.06621749967249337,0.02456674583592297,0.15416995613228154,0.10841507057111509,0.09916499157145968,-0.07622442341084688,0.003967364125612233,-0.09363945981842314,0.1569192131749213,0.06842531071148218,0.08966488630875515,0.07534626146963407,0.0502485204707458,0.1181247696753457,0.06090593768796003,0.12469786375817768,0.08378647822881191,-0.1436318635128628,0.1186439276055402,0.09731434080636019,0.11981862524395773
2022-04-26,0.05666618254591126,-0.14860620073415803,-0.0200038522153807,-0.04740129582334868,0.2118485667645567,0.09564052868636468,-0.3761005457585334,-0.2679782987454317,-0.24859222126725905,0.027453994295830595,-0.1472674936092795,-0.3337664963331109,0.16045693126903396,-0.006708649683978287,-0.2128260095127104,-0.007037956651087196,0.02099323152506508,-0.31285400649014633,0.15705209016124666,0.18979696025060977,0.026694934182001497,0.0978514357934121,0.11222284974966261,0.08424045366057778,0.2003763629259179,-0.0041524945297946045,0.21828634590069562,0.3228545713942961,-0.003180713180486727,0.24095724863157622,0.22400376307931355
2022-04-27,0.1584055009400497,0.05028513158039969,0.1247303699429746,0.08475057378698703,0.09146659614632174,-0.11970480963924247,0.13926495978206208,0.16800524836100364,0.048409903049368444,-0.1730493631008688,0.25772881910369977,0.21921838751006026,0.06262164717623982,0.21112038907412778,0.0604735552849322,-0.10637828348040537,-0.12653551718096434,0.04851019287990867,0.2535123714736156,0.0833302924545952,-0.010861571822980965,0.1322462443920406,0.09226942407044907,0.1409356685348225,0.15314186847720726,0.12098737518145193,-0.0533410409831312,0.01678483932802643,0.13515304062944622,0.1644666692981957,0.19159597511271667
2022-04-28,-0.0920092719799497,-0.07987914579127303,-0.11598345045500785,-0.049205325706198906,0.059883040007825544,0.17061291382199045,-0.31510695197858213,-0.3138615677846205,-0.20221235786466304,0.08632312539590077,-0.27177857643968334,-0.31798515570656427,0.0017345917186560862,-0.2443999458463567,-0.15010200872277865,0.14674595158961154,0.04238978662795117,-0.22997297570370945,-0.01950833676270489,-0.005654111980441676,0.055826959469528085,0.0468889952504707,0.019587083845540462,-0.12220159371857436,-0.06878590656268199,-0.06591252488440197,0.06963804911930191,0.1461068479956535,-0.1252418851250339,0.008306557985533066,-0.037954214401488044
2022-04-29,0.044077264346351286,-0.08579799210554831,-0.011506993721453118,-0.014090888415178337,0.06149742281658462,0.003429775735031379,-0.03261754256204005,0.0006498095783953226,-0.0038195262710007203,0.06081214379426625,-0.015028804413556742,-0.07608115065391946,0.01284637298030351,-0.049216515951823324,-0.017843261007571883,0.13260461048689662,0.01716981227282046,-0.07630966197536859,0.19042276345342646,0.12355159281792417,0.04595302059339282,0.2081805778048387,0.12551292751888918,-0.15261918078591308,-0.07648726036482566,0.004280482009323266,0.030065857812522582,0.006956521810910628,-0.0020125444384183453,0.05154428771556069,0.01293478321054625
2022-05-05,-0.12495520861760623,-0.1788161225682663,-0.19588745364321078,-0.1606859914676626,8.339807630677981e-05,-0.0427862552324446,-0.15014976520939635,-0.10176963592591529,-0.055353701875988676,-0.03806738255375006,0.05784290663487546,0.053665750898536105,-0.058259397611444615,0.1079876336079138,-0.18795593484536638,0.2631384318646192,0.09119668716172477,-0.20867763163748423,0.030847281412591063,0.020088411200823587,0.08767870399967834,0.15806094232933662,0.13566893332943894,-0.24403661012466585,-0.1542393494634709,-0.10479693919098126,-0.03964622070552305,0.04002578701683215,-0.1506915377195121,-0.046106301266092775,-0.09456981648904177
2022-05-06,-0.1557682088361382,0.0747765066279614,-0.10353494029368773,0.038509948614315545,-0.1133795492233282,-0.06465460633275735,-0.02064497461395083,0.055809395375897186,0.12963063898814703,0.180538875132891,-0.08790493542165163,-0.06287146021707801,0.08853338758871485,-0.014389464505691457,-0.10393474572043296,0.08692290997469865,0.1086353849482341,-0.013187678526075122,-0.18444892589743772,-0.17060565697621313,-0.07325816573277148,0.015554893049130042,0.003560820650310577,-0.07392301574912181,-0.20330779577105684,-0.10052734199832243,-0.05872598974082651,-0.07387738246482282,-0.14219658403375726,-0.18476240318416387,-0.2368430803308384
2022-05-09,-0.022044773563320907,-0.09066171052192877,-0.03511787832973134,-0.08771677694365584,0.02773170722629973,0.012672392227882703,-0.11972428378361089,-0.15121553525126383,-0.10528691272296635,0.08321025805685735,0.020404911386512473,-0.048607569075593264,0.04065524959895713,-0.03266651933268914,-0.09530162231823239,0.05593659933139432,0.03816980326999978,-0.07344940160563328,0.019587187605422628,0.03912802398658881,0.01456201035660695,0.018629014398062166,0.008532518090031284,-0.08654241659849066,-0.0516600763615479,-0.02428184429692078,0.10434825094153026,0.20272603744673595,-0.03566796589441846,0.08638437227816846,0.053603106290564834
2022-05-10,0.11714299167004692,-0.09841079270468342,0.10076181202741744,-0.06173411747527365,0.14954537874813206,0.231254733745872,-0.18787436415369727,-0.22543964442210224,-0.29580922285009975,-0.11877445223873306,-0.09148022405997654,-0.19513688683622352,-0.04156345169313728,-0.28207420805273153,-0.008773731985665195,-0.003370808135031935,-0.07347110142066696,-0.06231774544363061,0.15077312233958648,0.17229357826164743,0.04133105900577318,-0.09136850173343873,-0.035105150403414484,0.006481857063373392,0.12178817363552412,0.04533704757165878,0.11335457503164587,0.15404372603583788,0.11830555106654338,0.19202512953586978,0.24047749121039605
2022-05-11,-0.10555585911548593,0.0035316426435184583,-0.11342201219579928,-0.03478348334077734,-0.030596239970923256,0.0027762510884943616,-0.07899812189850551,-0.061882660567111204,-0.016292079187777496,0.030958812918473133,0.047987744664488366,0.06066709645101105,0.11333393646237183,0.029154822930437908,-0.1642993550681973,0.18149224163505961,0.09757410994743101,-0.1358976758045042,-0.0908203229993677,-0.05328256361376815,0.05369353550662508,0.04025080805406029,0.02514831110828166,-0.14475710930885297,-0.1658404107284182,-0.021650601408860232,-0.08841277808072649,0.031412125017182255,-0.10748495806194507,-0.08073255340331172,-0.1240458848639329
2022-05-12,0.05217056053254642,0.182892369040926,0.08322410660339093,0.13202766205097138,0.004136917872723217,0.03522082568198076,0.06400073288011805,0.06684196689843096,0.10246630375202265,-0.08040402308040652,-0.12856786808923862,-0.15483925310926608,0.06826962276318492,-0.10119694243741062,0.007861436786838503,0.024106620895460937,-0.04797525277153199,0.0144446138629973,-0.02239632298138913,-0.07458754273306731,-0.08931287842680623,0.007155282838671723,-0.006744332227864112,0.042300325071598026,0.05125248477296442,0.07698833985067796,-0.14861283242384024,-0.01182481988638144,0.05763635875747711,-0.0859489209932518,-0.06678221476956812
2022-05-13,-0.06495437951032905,0.07607164694709727,-0.0203180358665259,0.0999127544925727,-0.014297621439914306,-0.03630810524906017,0.03698976707439644,0.023164721762845095,0.12499883364916141,0.09503914534095882,-0.21406135013043046,-0.10949211684048558,0.12646521739309918,-0.11173682661519176,-0.002257822243195271,-0.009237272836588886,0.03191786596360016,0.09850340226765737,-0.11958592499818631,-0.11996398839089348,-0.09166234234098401,-0.029113257162294147,-0.030080666874706348,0.01749696477904517,-0.011838271821422709,-0.04823177791239097,-0.03171455214392737,-0.046066789580248485,-0.06125366933562516,-0.07105453029033293,-0.09630635041842657
2022-05-25,0.1128532357647407,0.17332537864626935,0.12849262700088748,0.12108176079030689,0.02200593644658623,0.11577838422092743,0.004575225141772145,-0.034294391453025076,0.01994042841621242,-0.16059591803956938,-0.0603432266855694,-0.11157786724708926,0.1188796343615415,-0.09412253107500837,-0.10435123906459366,-0.004513393865341419,-0.03232882003443475,-0.04779918807361907,0.003180937099832935,-0.01768627336493335,-0.010999074986582353,-0.04929823985930065,-0.031860365763781325,0.12596904151285573,0.0775819562585785,0.10042221174291424,-0.16645251461835175,-0.006293718907427903,0.1255171856609983,0.017593747334373373,0.05981060046062931
2022-05-26,0.06306108861776077,0.09324589587699528,0.06826379271509676,0.0702321430974412,-0.012495159437245487,-0.012954931198930342,0.04812688872310704,0.09372754296841382,0.17295856047125194,-0.027485608813184792,-0.019052821704075466,-0.07343075868689515,0.08108297035649568,-0.016717669021405576,-0.049738960253342006,0.03650916284135409,0.05628085329545788,-0.08925193671623814,-0.008251810500431256,0.005636012865502181,-0.0428354038053767,0.0018473141020578768,-0.011697561270735587,-0.03157931691003504,0.029938362435051782,0.034816531770777204,-0.0842149725377697,-0.05439217004251393,0.06472297130684185,-0.07309982572744772,-0.06941922342337237
2022-05-27,-0.0011977766822576668,-0.06915659795804995,-0.0314075385005278,-0.056448260005668695,0.06014453925753574,0.07257125609036322,0.006821605390232815,-0.09965621441436869,-0.11996920850052667,-0.13512046080879217,0.10470036238039018,-0.034587886485353214,0.05164978852998484,0.027253041890908648,-0.10851879320941502,0.146696770133276,-0.0546994467201694,-0.02416002815968915,0.03654118865388505,0.09447735454821228,0.0015928196394047283,-0.011110953009796276,0.013986194423745197,-0.07277275611980703,0.002860171577057607,-0.0024241271243621867,-0.1371929198612815,0.10756476399117904,-0.015465871497198545,0.09938897647128243,0.07568781135875759
2022-07-19,-0.032199479278928474,-0.0643809824237601,-0.054374123482372166,-0.07496996880242685,0.036773692403417504,0.053570656444712816,-0.04708900324176501,-0.04728272320218028,-0.1336790373156,-0.04384001897864846,-0.06578372187945405,-0.0627100425266617,0.06037179493780244,-0.05878000991737218,-0.06081979003066435,0.018549506905711735,-0.05489124053113276,-0.03653055182187565,0.013101877208670547,0.020856687135399416,0.08193151285663092,0.012429833449063165,0.04579047150516125,0.03507959520529857,-0.009935806444850205,-0.03584985765462901,-0.03676538414523997,0.06204960827246157,-0.03581101076658591,0.04378983715127738,0.035933488637116186
2022-08-03,-0.15726373809518118,0.0025598569049647356,-0.1454296610941884,-0.04756600831915667,0.01468499202075972,0.035637877189416196,-0.10503284928242522,-0.12585966177595007,-0.13533917663780892,0.13232061338230058,-0.13278114547888334,-0.2168995131062829,0.09450726263205281,-0.19070210192429454,-0.021246737563429978,0.07460499599644152,0.16122708792855311,-0.20092907440518046,-0.17654021710219472,-0.1422382022711339,0.0011767560049788042,0.05086719774592898,0.018673157606525853,-0.06768360456582931,-0.17397528872603082,-0.14143810158263925,0.024109699503280135,-0.011313922590182842,-0.15475865897130092,-0.2007076485065218,-0.2264175931128605
2022-08-04,0.12445487536806349,0.04624109556730472,0.1077003554598906,-0.006516966618532511,0.13911341281138703,0.32488132827566235,-0.280172314592827,-0.2832333235438182,-0.3483849940222093,-0.28637309269898653,-0.1211735589957438,0.026909076064213014,-0.042002360646346985,0.042127960383273454,-0.09817293290222213,0.08171945227782292,-0.018453143483285615,-0.10027505226099366,0.03839789376007854,0.11626390138807005,0.12830394903533057,-0.03546312085383053,-0.01296128313804185,0.10770897091435026,0.02031337731800746,0.07996190659319535,-0.1167189814192724,0.0152434915247912,0.1264350149402843,0.053518474477206625,0.0876698293019231
2022-08-05,-0.11686083344910213,-0.12147651766044759,-0.13501450916522462,-0.05424638062405081,-0.11226772019049491,-0.22596102237475116,0.1884867339064717,0.1956934311890484,0.17832249914279202,0.2565705598586241,0.026575576774305623,-0.173726962125353,0.12509967806467992,-0.1792700486893544,-0.110845566570858,0.046222267328566435,-0.018901006125212293,-0.03403566708722097,-0.015142893579708409,-0.013934476683384704,-0.03960931111187358,0.03993273220578665,0.011382038691445608,-0.22094716239861498,-0.12244714664051629,-0.08093196562317405,0.14153949351652026,0.12835818816742955,-0.1252085140402362,-0.0075949390468242305,-0.05686372345602878
2022-09-19,-0.13116032686704188,-0.1278854012743741,-0.15565465964288333,-0.058675523915998805,-0.017089858616967758,-0.12662296875841508,-0.22256503463316266,-0.043648539484495,0.0539667911846785,0.30782975122198053,-0.20065600643681558,-0.2852027605161196,-0.029429570479274247,0.010679032141551392,-0.21918957332851646,0.07720732765192646,0.052899452281166846,0.06463488639030751,-0.03680378640761585,-0.018635118098756634,-0.07476891340972838,-0.0018353563425922165,-0.038376588669243386,-0.16921642086662406,0.09220003538070984,-0.15136182979492244,0.1458694670719635,0.21647476698046975,-0.16076189221710505,-0.02758987829615969,-0.1479387668835212
2022-09-28,0.20389568293742188,-0.16478786339056206,0.07647071888550132,-0.06901225848869515,0.19411228081434728,0.027556810782278514,-0.16163725341407736,-0.07378411449581086,0.14376975765170044,-0.11156873015397703,-0.040246170919959884,0.08133739622715609,0.017395426642230056,-0.04290679519393362,-0.04915358432330264,0.03657054002849842,-0.19851019024601507,0.13638808985824444,0.3290798519436519,0.3217384207127065,0.153474608274624,0.03198001240906435,0.017151126744850646,-0.07548905638424991,-0.0556884173484946,0.12464637194102825,-0.03028508530774139,0.12414004149839783,0.12413352211909308,0.29296020889802643,0.2815710170896506
2022-09-29,0.06682441191462325,0.279593809278009,0.15463090257573744,0.17273848663729657,0.019393310974121905,0.22951227220767398,0.1362881527009013,-0.09672627510886996,-0.31383555709204786,-0.2615491502967808,-0.08514937111072349,0.028843590239882824,0.027919667543782355,0.12210369323282198,0.057383089137936924,-0.028655529848215434,-0.03325868508234031,-0.09526844858692739,-0.09185440231587053,-0.13410564223209598,0.04253038316265771,-0.0250458893746988,0.04904815791270698,0.2476515718999008,0.005301025574146388,0.07554922378561803,-0.16829987293010684,-0.29530461853490314,0.11586271354694484,-0.1584583604784247,-0.10443789633989901
2022-09-30,0.11344157819163363,0.22817347038129132,0.16316653855795907,0.19794490616878105,-0.01507865399251199,-0.0181576086151938,0.2552964963239163,0.16745515012803877,0.007813886598279855,-0.0906426157991235,0.1449915235182682,0.05798168656835529,-0.022925970135137815,0.17771166270877584,0.072680225995066,-0.04409516945264656,-0.021990471230889035,0.018213398565080127,-0.014773108587797849,-0.06228788254373202,-0.06884044662339664,0.021370651607312413,0.07788826858176526,0.09835674971640707,-0.007427929852961842,0.1118254848523437,-0.11825108671497646,-0.18674080486145458,0.13148317356056594,-0.06538755654438394,-0.08429533917594671
2022-10-13,0.0033614702952375316,-0.14885645105380538,-0.05236625054646775,-0.13127428562334778,0.07932674685096092,0.07337825283575118,-0.23295088412805826,-0.1806338236439179,-0.049751858375487075,0.07393063079838075,-0.13617042882189725,-0.21254892637650322,0.0817463939118808,-0.1672751554702385,0.041343955986442284,0.020183763872647708,-0.04366593364860414,0.038099344550314135,0.09836866082990033,0.12482135993148814,0.19675963703440755,0.00218695832664253,-0.018783273752959285,-0.04215739687761842,-0.037362769339816006,-0.02498480611407483,0.14806666834901053,0.09953363111288947,-0.031425395546092375,0.09443223389210965,0.10806491763862472
2022-10-17,0.011564134249663096,-0.06374714253460027,-0.01728123286630211,-0.04507923623063545,-0.028846160519186263,-0.12252389384191584,0.04959288451010916,0.021966589231474116,0.15387111135951304,-0.0007226941587138895,0.1025655196451514,0.07900023783710038,-0.07115992895939181,0.035624932559140586,-0.01168276421587804,0.05606887977680081,-0.10127301740213146,-0.0001956112203297727,0.07729396396364853,0.06156810404402974,0.04957310796428322,0.034650114989610674,0.033494637743344026,-0.13374260762449242,0.025279577658233975,0.03313029339463828,-0.013615804508286467,0.06215450274488483,-0.00906970816535426,0.07100677459418056,0.043218059610982705
2022-10-18,-0.005559901489076172,0.07257631276225694,-0.00045507857773629325,0.007084364583615253,0.009092263802778602,-0.007255572163907056,-0.06222385984488426,0.008136268016041035,0.042091447991648746,-0.04348392650886698,0.0275774849432048,0.01988744743445923,0.04765283866533431,0.023540167968498057,-0.20064984810624278,0.09572620976834562,0.0434166123723269,0.045594786800680694,-0.07644153416571758,-0.051402570434597714,-0.020855121923324064,-0.010911369070490978,-0.03270109625851473,-0.06453038644109,0.023989390637792013,0.008330701670823728,-0.10675969029506892,0.1429227491695013,0.0011174439508725342,-0.03343954681536901,-0.07735126085466369
2022-10-31,0.0012980380308300057,-0.0343197630556493,0.019568177714707553,0.03464824332307315,0.0621242985497819,0.17583978281415574,-0.36472570556244815,-0.3512322753664896,-0.1399663453974393,-0.00835972019037649,-0.26836298274605624,-0.218648472956856,0.07081526338672228,-0.2612555200766423,0.0236022638075045,-0.002089552677992711,-0.03918874001316346,-0.13789631897816176,0.03230660013675304,0.0037625766946904264,-0.06796069686461392,0.0021857705100000557,0.03439723083431989,0.019887028358815232,-0.019477900713958426,-0.0029989607358788155,0.10024736898692624,0.15383287809474924,0.007673191409652589,-0.014632469771185852,0.07368576823808325
2022-11-01,-0.044200919265724746,-0.05440247682910484,-0.03488132636329507,-0.0017952218661412443,0.0010931057458546407,0.05207144673930523,-0.24519133278460895,-0.23338773896187667,-0.07274893070848219,0.030016584236740418,-0.17300793369700965,-0.11052020607801326,0.027817280198545877,-0.09617088881833817,0.09403998853726087,0.05004988398248071,-0.01639662876460731,-0.04204860893816172,-0.01624910716097671,0.008698437553534324,-0.03014368361943649,-0.01270891084014817,0.015088778347541295,-0.05916025994161098,-0.011148140976464513,-0.02672277964889367,0.14124858420409953,0.08343316576506839,-0.032315807445883374,0.00759332837117898,0.04575350219747928
2022-11-02,0.015349411179479846,-0.13867373621758863,-0.05191956039898773,-0.07314496705300327,0.03632449962041417,-0.07555873024076243,-0.08169246803727023,-0.09453993830681497,0.1462044029315665,0.07371432874149578,-0.005680809528989659,-0.1348201365366011,0.1129614981476736,-0.002234439832402015,-0.0257294737247027,0.12078718390857465,-0.01706611641948835,-0.16412024721108662,0.0966763074431534,0.11172012563227111,-0.05425266291551741,0.04210425726184866,0.026122527332064716,-0.19025093489865252,-0.007505289682153014,-0.02771751711436228,0.019763148557211545,0.13018098352703686,-0.04116789095378405,0.10021301965908362,0.06959845587661212
2022-11-03,0.10754794192497596,0.022996402209756496,0.09959199920517645,0.0954071819405358,0.10670329529986304,0.1528883826200803,-0.3450335461905742,-0.29387701289443463,-0.05685728096789495,0.018994055795790367,-0.31558697381677775,-0.14104043241894249,0.005131702731880754,-0.06521140764337245,0.2546506331321469,-0.1897540323321695,-0.12084776762858347,0.04549093867182086,0.1345281740457596,0.055583952875701,-0.07572223967947704,-0.0961500257527554,-0.07833266175591043,0.1927501072007087,0.09975661934097231,0.05127440652003187,0.23623092270658033,0.15632315879386918,0.07840066522498648,0.08000415752148819,0.18341170824353373
2022-11-07,-0.09263834685751549,0.09239620836185229,-0.042189816477777434,0.036340883518029034,-0.05550211109005897,-0.018740217978472196,0.017250726269482475,0.09295025201996558,-0.072999549060132,0.004086860733060633,-0.061539183967622514,-0.22839778696914154,0.004687579464808122,-0.03053690399476109,-0.09770573852213406,0.04739425210327511,0.12860388498637573,-0.016398974182172402,-0.1671200775124866,-0.15293362793365725,-0.018437030401526833,0.00225084076633466,0.02396982607833073,0.0193187241051911,-0.062262022974692736,-0.08866795829899884,-0.10674135464509797,-0.18020207660612356,-0.061967692760875714,-0.0994695013671118,-0.19560316303325487
2023-08-30,0.04712924730637357,-0.10229131756571412,-0.0017722011093105263,-0.08851551804543785,0.022547937714428163,0.06294028641192166,-0.12232375843801852,-0.09890454674630858,-0.024367976740833703,-0.058544665407356256,0.09511612186218363,-0.007863496838459775,0.04565896828378793,0.1719184223780279,-0.07423783474834396,0.1278821455265231,-0.04642695588464392,0.06314933475353952,0.09009080907315191,0.1258385862667453,0.09472617460727026,0.0948793520285444,0.04990572028203335,-0.13256456535348274,0.007008072492012691,0.06038586311429562,-0.04917508374181559,-0.04332622282190616,0.055294126549120096,-0.007554367233263963,0.038052581958690206
2023-08-31,0.10193354113880213,0.16888360183490062,0.14004523493188445,0.23253288954994536,0.00029076010494464156,0.09574267803267823,0.027854776228216607,0.08129565354895046,-0.1225033557095329,-0.21434425297871884,-0.16061675407564396,-0.09875130523359063,-0.03849416280201856,-0.12876597310534152,0.05946358557867378,0.05523260187545839,-0.049127900525787846,0.014806674489731433,0.06484077332947394,-0.008393385295306161,-0.1601984827587092,0.06796120285237811,0.05961688098442753,0.042190997835195074,0.00512776728207756,0.11259411076585751,-0.11569139597895663,-0.09939380210429499,0.12713609188869152,-0.015849859782457704,0.04726193391935727
2023-10-25,0.07842365919346167,0.03055869372752517,0.014815965638711986,0.02087920855180446,0.09122757332221956,-0.017974450967739787,0.08064473902275782,0.021579477288725002,0.021742621980858825,-0.052201871372866415,-0.06888749984149375,-0.17009768740680237,0.13258686390031857,-0.1774445792195279,0.04353598912002014,-0.08187393005995339,-0.04276209426860846,-0.0449744988940918,0.09436473629749877,0.08021550853777917,0.028770496987266695,0.09586172826174363,0.07947457241527305,0.06912383917123327,-0.038789257497472786,0.048892918009830796,-0.03253878139751652,0.05339080715190066,0.0335312825816114,0.1314274135204661,0.08534182970008451
2023-10-26,0.13432135299554163,0.010369916069142693,0.1305827550230279,0.059575712593686284,0.13929756312050431,0.32433471154733434,-0.1105955013685323,-0.2777171822479215,-0.3001937805597382,-0.19322567592834775,-0.249961345955878,-0.1464751631818913,0.03093314551461755,-0.19771237081204146,-0.05188151207467436,0.16249490768392533,-0.07928434845353827,0.03495276657555751,0.17928387637041102,0.19062963928153628,0.09993560567364357,0.09467954504586426,0.0458930313542356,-0.0890155233790982,0.03381434624069701,0.12665473330985622,-0.06592806610738139,-0.10414226325336505,0.1439428611714721,0.018318910067408548,0.1409296873134621
2024-01-23,-0.005245691107896395,0.2806358649200587,0.03854941656089327,0.2070141997832668,0.020446107401993287,0.025421718114108257,0.12986224392689244,0.10936916592161862,-0.003429998856258654,-0.08753155242969032,0.00436961310557421,0.004831749012956574,-0.05916864719330973,-0.051533414068942546,-0.03504544975573078,-0.08662768319223578,-0.03436755689525252,0.06493900133622557,-0.12724471554478273,-0.1914299625135956,-0.14266460719061697,-0.017393953976894257,-0.029101576389866556,0.19700263182432032,-0.08096210515581305,-0.006312053993005987,-0.10893585328103189,-0.1682716210389321,-0.03181593223478583,-0.02654541272071542,-0.17986431831969693
2024-01-24,-0.0610269525394366,0.14954398407655622,-0.014334485824790445,0.06723584560932484,-0.029434678471195408,0.13628271770500835,-0.22020168643009586,-0.1708375401290794,-0.13150288242242997,-0.024116113758125165,-0.1449265020266945,-0.22366473271752013,0.10410280492072481,-0.1170684606984621,-0.26439186751737376,0.21058476727058034,-0.18220451414891106,0.05416138528911418,-0.16412056392610958,-0.10554500966299848,-0.05125786588933427,-0.014417961259848039,0.003996795247502322,-0.09998707859551346,0.007171545847477041,0.002768725232280445,-0.17338260456445584,0.057719382390028655,-0.028044652526792575,-0.06365977990436139,-0.13959743104570022
2024-01-25,-0.03567872215226343,0.2880649731451619,0.058037987117761,0.23129837250770355,-0.08285868261937772,-0.191921172831728,0.22767403361640765,0.16562782962247688,0.07230189629499867,-0.13009303864619134,0.3180151974428828,0.13140539287097827,-0.02268295627508722,0.26718395499664227,-0.049641061942901146,0.05538792353366927,-0.12972801454716512,0.1370696996322611,-0.16774968866400805,-0.23140934149339654,-0.19344360101365918,0.0430210286144723,0.01812428418101396,0.12115246938937146,-0.07935142229548964,-0.006240725101001285,-0.25722694631462656,-0.23150497886538945,-0.029133116548706855,-0.10917478929318594,-0.24834688684180545
2024-01-26,0.35292397708617923,0.23419463342922914,0.339129121040217,0.1902525993457006,0.10480430409377765,0.021951407921842536,0.1660505321955261,0.06685497504789865,-0.01747186926596877,-0.4619813540544714,0.2504132192612804,0.29152957856215445,-0.039437103113673475,0.2857167027962117,-0.013535841146584881,-0.07189655771276003,-0.14334018779152985,-0.025274788788163437,0.28768970200699884,0.21876648730270667,0.026556831500586353,0.028530048939280933,-0.03519401951115189,0.2523627748834254,0.011317901215719395,0.28423027466042056,-0.17677600998239884,-0.15991270028169324,0.31465681788938515,0.07957673823019815,0.19767144644489
2024-01-29,0.2001734040244073,0.1776856480966676,0.17060068970410147,0.15249194113641898,0.05748306975161413,-0.08201109548569563,0.18088833952808417,0.153032764747508,0.07036457993704989,-0.28882700723312943,0.18951865583930164,0.21335247062419366,-0.02146961939973725,0.15680087012714358,0.009778981338309761,-0.15887017226299366,-0.11574034457384878,-0.07252435410377757,0.15308490898226487,0.07251393416483129,-0.03554731059749482,0.02533382090202545,-0.017828706555619238,0.24460148847896537,0.018870386519852445,0.16096801686408668,-0.04732890696566064,-0.09218577458523562,0.15214394588799288,0.10503088116338062,0.1643438152431933
2024-01-30,0.3744833544651823,0.18561163976623637,0.31763123158849793,0.18945671960154395,0.13003778363981153,-0.20330188176517724,0.3957955569000601,0.3011601604509456,0.1036801982931897,-0.4070611818909428,0.39931396352713316,0.2678148139090231,-0.05987377506297325,0.31100076792582215,0.1819886211870114,-0.2217993086691908,-0.1527529456651801,-0.1183550581931327,0.3582767974709127,0.2369595391826271,0.016541190165948193,0.04933563561791915,-0.014269635698339476,0.2659375997000908,0.04291674038827256,0.2864895736946782,-0.007443337664263084,-0.1859945126145822,0.30218048768207084,0.16797707666837247,0.3024866504350956
2024-01-31,0.22898092204563467,-0.12121777053615024,0.15203224143038488,-0.056427222055279606,0.16262678681887763,0.028917266771088475,-0.06294970815115009,-0.12622608190197535,-0.10040668461867915,-0.11829115683599094,-0.005090928228591958,-0.11492725685781191,-0.027226462268911074,-0.015373500481037142,-0.022087201081469606,-0.11122171721816103,0.09238019522722818,-0.15597762134853638,0.2971317975835998,0.2894891688475866,0.18438558077094858,-0.016770045222130627,-0.032978653069553734,0.1243733369169487,0.05731615784262838,0.17649346511995323,0.17339537297194768,0.04359393341871867,0.2043842785430846,0.13455044375114852,0.30062675010908635
2024-02-01,0.2356882243710811,0.1041138091151545,0.21532826920798998,0.1457336828741777,0.0277501813767469,-0.29910372789731304,0.47123203655366613,0.43860167469367833,0.21117142210984205,-0.2288654129463783,0.3815594045537804,0.47806730148231014,-0.03406929948810889,0.39720951142075145,0.27058839023038034,-0.34505314764592926,-0.019855795107885797,0.13754605137392828,0.21636676682279501,0.11785733444959241,0.00291967840483211,0.011674301350484226,-0.042954015067433016,0.31984362637910785,0.01976442275036499,0.19053752301786395,0.1231539443783822,-0.20814283044232132,0.18042303506132606,0.14611523800532536,0.23739874410788636
2024-02-02,0.3795988254410544,0.08639490810532283,0.3282406031976426,0.1461225500445639,0.12776622753314393,-0.25790569630666205,0.5702473542585624,0.4799402141398025,0.2524882270770435,-0.47062674419766254,0.38556270142721494,0.7041377006935199,-0.010491761161783618,0.15706139801575897,0.13758659261460876,-0.3228615551314847,-0.11155948595984994,0.017986510998007712,0.40074279923685435,0.2777301512437763,0.06023216848105261,0.015145823778258282,-0.04347803207771048,0.35250748363542045,0.044891959425683324,0.30346225037699853,0.007171374456073257,-0.3072012198219858,0.32064188731472487,0.16650231477852898,0.39896954142368574
2024-02-05,0.34852370053516896,-0.016795203006066524,0.2842451373482239,0.010495937482827292,0.26007487520679495,0.012971606008432023,0.23824842563513218,0.17081632311137385,0.027846075298291084,-0.3202948718598621,0.07354161395217981,0.4728200949716826,0.014101227420743231,0.016067666696826584,-0.2824324670658371,-0.13171032735133165,0.19067029358321758,-0.3912936706979799,0.39211058873177795,0.36977673070132,0.19020941455550797,-0.01615119089271186,-0.04566757054924341,0.32404127314252607,0.08022698587146912,0.2345358765766208,-0.03563433567161417,0.069038475014648,0.30945405709376334,0.18024998182262073,0.4085147301598727
2024-02-06,0.3075836429259797,-0.0030620548422535298,0.29049379651126744,0.07970011609494757,0.011932925757715061,-0.5914094306576706,0.5464815143868071,0.4977578623319693,0.3372498254904458,-0.437971313031067,0.7241643595788155,0.6857913142324804,0.06312488458631622,0.6866858866412335,-0.4402777257936146,-0.2740686762100551,0.03789764107860805,0.05955919182356075,0.3389455711539431,0.270535428046399,0.07187139943577991,0.02107265023024651,-0.02581733432164161,0.4183998747105305,0.061159760774640394,0.2538440977335705,-0.08177023622118332,0.4550870030917776,0.2907253275472422,0.1692338297305278,0.4154695133662621
2024-02-07,-0.11739261595875959,0.12261522974810701,-0.11672800363996108,-0.0016371177519568982,0.25839672576645845,0.6426491394079076,-0.6939610492253779,-0.6959135151996304,-0.5730422709340179,0.3440739951475783,-0.6546371132361952,-0.631249390360599,0.21812600212028732,-0.5790795578254118,0.05725595627040753,0.47567310014067216,-0.06268841532217673,-0.4208947654954935,-0.2070270928251504,-0.07824071696323497,0.043294060137679315,0.0011951362129163673,0.054132223583134145,-0.4399396356058196,-0.0072986830935075206,-0.09348064885108921,-0.1272319890621743,-0.06791570560630315,-0.07453521093865395,-0.10248513541003551,-0.2538771986433855
2024-02-08,-0.2804012772197013,-0.06225967451710694,-0.2933030406551296,-0.09253738239021744,0.018977688219269553,0.43629794439442793,-0.6475386561184124,-0.5682377527549787,-0.3879707916748302,0.4933819838364578,-0.6570039414734228,-0.6859311370825624,0.05407956600676364,-0.6933685988616966,0.38244594891809236,0.14754632978695753,0.01982125674367086,-0.10418721293797994,-0.2870132154128599,-0.21694819313028002,-0.04423317150936639,0.005358792728550793,0.07335862823830804,-0.30025186789185704,-0.046640269647510016,-0.24361322428416438,0.2050278297133957,-0.3199999428308216,-0.2809805154493617,-0.10232028839571718,-0.3090438957080557
2024-02-19,-0.2421186103060281,-0.07577041830490962,-0.22648730613392357,-0.13240585321011028,-0.09491339536520005,0.12411591744242668,-0.46849170560170206,-0.40535438073107205,-0.22912824916385344,0.3192365406330763,-0.44957809937947063,-0.44208024741912855,-0.028214584065102147,-0.40548804267425154,0.2974579064115103,0.02980642918975302,0.028983295982996385,0.03910516788128915,-0.24268095040008353,-0.2031701744603862,-0.010537038477245148,-0.047716673186902286,-0.014132061716986237,-0.21356421311751586,-0.07010330813982833,-0.1763638349500165,0.23942453213298703,-0.32177243516339854,-0.20979452961859452,-0.12229049764972999,-0.24573113383057602
2024-02-20,-0.2299180727540283,0.09182254334425971,-0.16448906367156266,0.05519823623943636,0.006265013884220737,0.3523268895172706,-0.5052302374011522,-0.47916566242722003,-0.475883042267622,0.23480389641629845,-0.5864041699912736,-0.33570450024014187,0.05479981599173167,-0.23481744042886987,0.2520551527405743,0.2280560409227575,0.06078799171266603,0.02282057119772368,-0.2739077833637069,-0.25393282835887643,-0.1351916085582887,-0.0008183325720220106,0.016168358244219503,-0.25316385298007993,-0.04852849090066184,-0.16286976560266536,0.1440729400646502,-0.3612763832187391,-0.17722115013211648,-0.11630076780435805,-0.2541849671469221
2024-02-21,-0.3117970434545801,-0.13498169112474054,-0.301962170068596,-0.1582744764989266,-0.11696175755695314,-0.023757500265954582,-0.6113311602144004,-0.5789492619527339,-0.3050632902363268,0.5220567168564607,-0.4418448610330515,0.4667833352396177,0.2764238229428641,0.3384277066437134,0.2081711412073842,0.07148479165902576,0.20651277922481098,0.16718873359426217,-0.3079412225958039,-0.20256818973549146,-0.018503555635332077,-0.05254229867016916,0.011444580668198145,-0.22791681230617217,-0.01688555509047995,-0.2439290196155277,0.4247625357010719,-0.09865783907057067,-0.26764256063281716,-0.13610665518420997,-0.25798249224733083
2024-02-22,-0.3515402150320525,-0.08065593722754584,-0.32731681618211683,-0.12651721165455804,-0.08451829892836855,-0.06358933581739619,-0.6885222530003455,-0.6352629404403294,-0.3987894025801584,0.4842098809789407,-0.5082253741803674,0.6782793351791505,0.2652703732117564,0.5002232708035208,0.21533555391789125,0.21857531775796088,0.2313085929996947,0.3927416999683735,-0.36190993177306713,-0.2575366720617934,-0.07723141777257986,-0.04337036270310895,0.018381324353126727,-0.31669155136338983,-0.058757145633641664,-0.2927233359345327,0.3799989414552313,-0.08618633559626859,-0.3013285718025021,-0.14608346855826895,-0.33127609452743284
2024-02-23,-0.22376805724076607,-0.0813387710200495,-0.22007451723557014,-0.058380502643618,-0.030078914596704174,-0.039676748739952264,-0.51312003476007,-0.46135738436035895,-0.27549288995912086,0.23965661333390786,-0.4097091824602051,0.35763801328457895,0.09706849622001704,0.21555173744055367,0.09379261382943799,0.30987558977255375,0.16289503511185704,0.190103945080222,-0.20072579519827158,-0.11434476840938422,-0.02380092158266262,-0.021239369822174194,0.0356958096960935,-0.32997271406347656,-0.03045100255553813,-0.16267016682454388,0.15161091771104274,-0.07367062215657129,-0.1840987683154017,-0.08958121955903885,-0.20145881159124762
2024-02-26,-0.25209059318998295,-0.15994840016708928,-0.2479442159232189,-0.15187497589081497,-0.06403941389938703,-0.08849592349669903,-0.4404005422863663,-0.43614852414667626,-0.2103183793122211,0.404867361395749,-0.15986920579940947,0.35188190577869943,0.1804074054880995,0.16419732919471788,-0.026643420743723986,0.01011145919980851,0.18018290374786336,-0.13099512832984087,-0.21397007748703634,-0.1159628402528747,-0.00011474313375420373,-0.04357112551896257,0.009187523449930816,-0.13972863875905198,0.01003651382567775,-0.2317312755684385,0.3226756317049417,0.1426881109791973,-0.21878841238333327,-0.06835927206426416,-0.13329796988583578
2024-02-27,0.34143421853731665,0.17173747197298578,0.3492222977105688,0.19724603448405034,0.1258227280568063,0.3470558622056543,0.5858855796992334,0.5222924272693911,0.208160578237295,-0.5455554937692945,0.17297339981634222,-0.7430480978686678,-0.08676466237429685,-0.24523949887560736,-0.14052058214180388,-0.28548023973508985,-0.19167945282005366,-0.0021704355631378264,0.3137172672286913,0.1773484727353264,0.008342449086888288,0.021625472550182302,-0.05034709768445677,0.45021040223323244,0.026741679092598607,0.270362265222234,-0.4552962595730538,-0.027995798384466423,0.30728410321945926,0.13184767782220325,0.3068865910424769
2024-02-28,-0.18685905656474988,-0.2119245415335033,-0.2300298178576533,-0.16775761063975428,-0.03745240671261555,-0.14823331481082214,-0.3560117315729439,-0.35463941997475673,-0.131189337148318,0.40072179976405226,-0.046935290044124583,0.3174642348235165,0.011230724712057239,0.028191441661490575,-0.15759011193420427,-0.010665754625346732,0.05659308774882098,-0.3420368069506177,-0.1345478418132299,-0.024296480648392883,0.02441952547801207,-0.0318153171940029,0.03657984228756564,-0.14171874427574954,0.03183316625412587,-0.18958826381561047,0.3398765653178589,0.37967119616028366,-0.17713627456639852,-0.021469707948316662,-0.07973929886453551
2024-02-29,-0.0810696777531367,-0.14509618873708147,-0.11926677551809146,-0.13646051418151908,-0.05079577256553845,-0.09882090964091374,-0.17505893818673965,-0.20468063460850014,-0.02907260937605799,0.2212281655313104,0.044621357172924946,0.15012195886202348,0.11615941120913913,-0.02833497240042358,-0.16497532609570273,-0.012472596812787227,-0.0500943721544347,-0.22814301927487426,-0.06597248416243803,0.01818301894192493,0.06526070927048874,-0.0069924281803299265,0.06478532544188584,-0.06701517894008609,0.008278688644680256,-0.07683474886802762,0.1936129914207893,0.3425034865267374,-0.06684885734115396,-0.024159451935417343,-0.05171588720692837
2024-03-01,0.06092236452657523,-0.1804314445330468,-0.03249595489040924,-0.10351026153976753,0.028241761962582317,-0.15900029682170017,0.09854857703795704,0.1266093824674261,0.2501328989362325,0.038205185649172795,0.15246511481228647,0.06906107729734659,0.10543100994675836,0.031974712221377884,-0.06282007059159987,-0.0897213428445423,-0.054904605793008515,-0.001885102446045612,0.14393612234875902,0.1394732603442732,0.14380038482694232,0.017083034037662054,0.03069366536397424,-0.0033501080242978624,0.012492583454906593,0.02888239874528448,-0.0013918304959433874,0.07634488174838398,-0.005949743056329052,0.11102526409659047,0.12572507283477252
2024-03-04,0.21555624881786506,0.0186941258167225,0.17515036062929892,0.05989005152440527,0.02340354161313994,0.008807910229509934,0.39767281630878276,0.3943306450736451,0.3126391189758918,-0.34837146343992664,0.18685568552779716,0.10835270906205456,0.2457511687734852,0.038170505281847865,-0.027936442108653464,-0.21978639752444637,0.002096442285460811,-0.0068757910930670775,0.21689388377249452,0.14545575356999588,0.009932695884969202,0.05960831528781803,0.018094326562053065,0.24150245743988544,0.02185115768053544,0.1850701843746107,-0.27913886049597614,-0.028848215835507708,0.17602210707342522,0.12837769994482387,0.23992903712780117
2024-03-05,-0.07211539011841367,0.05623961903687494,-0.06819334319099438,0.05005839153047608,0.0354669208815251,0.0451898711498923,-0.344488102240656,-0.2661554463753407,-0.22892510421737436,0.20007754369020916,-0.28208207445284317,-0.34492351194702814,-0.2627839179190072,-0.19473057486976447,0.12201933630697936,0.23774331550365949,0.004167782854073797,-0.09779804447377455,-0.09076391894532705,-0.07349841426764175,-0.13326307043373417,0.018438617627422674,0.014968086839381006,-0.2310894524134575,-0.05398408170367772,-0.09622319109784958,0.13786596038537663,-0.05983665314211679,-0.07612948796245089,-0.05840417438389184,-0.2102720919731977
2024-03-06,0.10855850422634468,0.2701714991708017,0.15101810555030212,0.24050614049453808,0.0073060847542556935,0.08703617292196561,-0.0902435569010616,-0.0396311691327208,-0.06962522901795719,-0.1744223180680055,-0.2613733675003107,-0.2018413488945726,0.025515939379678807,-0.053321777012005266,0.20924208150679294,0.21370845866563223,-0.024201260447369484,0.027216570073582105,0.006929672119085398,-0.028881747912067855,-0.17755235547416676,0.06763548710979707,0.03204729453088088,-0.038184939183452435,-0.057093596038795116,0.10812542043621334,-0.15884307170997108,-0.24395429502890847,0.11169080573669642,-0.022467887388738762,-0.08995241717184281
2024-03-07,-0.012225016719894568,-0.11378296096786465,-0.07746065946897189,-0.0924768208347276,-0.035995270168031196,-0.1720170596772134,0.012820069654966236,0.021805132140099274,0.11084543329305672,0.15036325308734694,0.07266307195542303,0.009529912456647487,0.039530366658312846,-0.16322736419695255,-0.14683548649019348,-0.10126590065986683,-0.05796641146526471,-0.18845361213925163,0.02262247122700779,0.037605201650887335,0.06578098100473108,0.03487356801138293,0.04570195042765283,-0.05781086459731726,0.0016229597518018508,-0.02366311254218178,0.07990713171522233,0.21656398882069242,-0.04221742373342192,0.05782866327810828,0.06952536229041288
2024-03-08,-0.0973869683140974,-0.0045533787892853015,-0.05706943652446584,0.0005079467545562669,0.10988661082968047,0.2723953038027447,-0.29741478229788454,-0.3300910082413516,-0.31432555456624006,0.07551103436909534,-0.21848881084099483,-0.27168899927459383,0.10985659642203256,-0.21942187241671396,-0.13394666299331096,0.16925593547908074,0.03820181822588069,-0.1007298597842549,-0.08937959602243897,-0.05432507924999543,0.03692622704973598,-0.022433811315241775,-0.05559263483541687,-0.08559278240947628,0.023840932341762405,-0.0827850219096895,0.10225121891375495,0.10471291076928854,-0.07113020737903052,-0.029940223663957558,-0.05203373921447989
2024-03-11,-0.17439095957258557,-0.02220651708467469,-0.1520209805530361,-0.06698048113984108,0.10687112961565194,0.2829199485669633,-0.4508168017402675,-0.49346598502349304,-0.4144615550572587,0.1498885663860431,-0.31035539263322925,-0.2054070884658374,0.16456792723316188,-0.07965022254485514,0.053433928371814356,0.2998607846817917,0.17553157641232497,-0.05280846938825655,-0.16502046387844732,-0.09873698040054604,0.08999717164434648,-0.038466639292454904,-0.030183543828684097,-0.20851022309189332,-0.009616475363253328,-0.12570296973381287,0.1995114360800821,0.009798763887434616,-0.15254967524887433,-0.06734409608117345,-0.1253668374325726
2024-03-12,-0.000638485814957026,-0.09892784271760259,-0.06744425069009981,-0.07400357510029167,-0.030605801535435753,-0.12560297365085474,-0.01603550819481672,-0.06927759236925843,0.033561713347996715,0.10438734959953408,0.06004371744018484,-0.08368752166112782,0.1539206375505662,-0.015932876259877275,-0.14609946977634353,0.019446863047922994,-0.008511498291950493,-0.033535829489572073,0.0221655160923975,0.07158852380249639,0.05139221193676898,0.022949000119719513,0.05917932600117705,-0.1435613317864144,0.02692492254648297,-0.006569288821418442,0.03073819327645985,0.19980279527082692,-0.021986911427361994,0.05038993086460743,0.04524344047549998
2024-03-13,0.13689834181774294,0.2107576347154744,0.14743235306403574,0.1609159841145093,0.054333110918535744,0.10887203309453126,-0.05523253123105978,0.07020124401806273,0.0390904353804141,-0.2268362296030094,-0.20732300669168638,-0.11673869939319709,0.06629100016907413,-0.17715208511265412,0.19663171750101896,0.1305813859348546,-0.077189363935626,0.0492546141102735,0.07757048365293222,0.019228862424615887,-0.024824085100727342,0.05315924364958379,0.0020129578366368693,0.008509229297625856,-0.049831550042370644,0.12157292791170268,-0.15082659394418757,-0.2468138745455309,0.1087076885621541,0.03776334491246228,-0.007063013032202569
2024-03-28,0.08007743555382033,0.08519109159815538,0.057199995434169565,0.10570262101691767,-0.012750651872647137,-0.09694080838270547,-0.037916823448316095,-0.040890008169365694,0.016462961839705432,-0.06904626148377517,0.06768370246980959,-0.019886465689316058,0.12826872068243575,-0.014146734948288017,-0.07682863241497255,0.17943402207283016,-0.022244435715663747,-0.04919721301474329,0.051754696755443745,0.06310515698915808,-0.10617495766131951,0.05557304573417924,0.04181209533971706,-0.13300792370232906,0.0044749501351583005,0.062144682515033696,-0.16014692307517478,-0.013272733555118042,0.05831580171576588,0.010893424328737302,-0.03181467827366684
2024-03-29,-0.03332482233686977,0.023340622568423734,-0.024023671241331326,0.036188690824096176,0.0539789834805922,0.19244086185191328,-0.2426248150196017,-0.2595320451453011,-0.2455027875178812,0.013290106989583763,-0.20039949846728736,-0.208706242689422,0.06026220004435313,-0.2095547938625077,-0.1970577563660614,0.11982891536903503,-0.006234287973621587,-0.18923772030706587,-0.03511185098105076,0.0029694195443320313,-0.006454383688041526,-0.008459720324072153,0.03459089709096617,-0.08382972620547242,0.033907198235021266,0.0060132524515229,0.07463703818602774,0.1395574453867497,0.019157109402270524,-0.07204650993744596,-0.0013222054354358366
2024-04-01,0.1315453279377843,0.30638412402706217,0.21909004122578227,0.263770953384781,-0.02201976899027973,0.049377301556739216,-0.2099734805309453,-0.06746767660227228,-0.09117135445546873,-0.30471692691310714,0.30854897132186654,0.2239074585544699,0.03126326894716895,0.31950665274718726,-0.023098994124791345,0.26207467279890273,-0.03190296893184277,0.1899861049315439,0.011083670266733776,-0.002347314207422658,-0.19639037751021615,0.07695293212027918,0.057550715337038955,-0.049569658937624696,-0.03655476637027087,0.1294929465852344,-0.2627742232265984,-0.2018788210458209,0.19217136155788037,-0.10235353572248225,-0.08376395004825071
2024-04-02,0.24041652195783808,0.23253312293732126,0.2851344841993968,0.24500618052025266,0.0053778244047320975,0.05481399624473809,-0.06683121093845334,0.19096653780926018,0.10531045840691813,-0.4355684690040221,0.3150002535493898,0.25253084110227114,-0.04924041886048374,0.35825383245310644,0.1866758512128539,0.11574013468030159,-0.14472095884616956,0.2174401280631996,0.17219137271827412,0.11406672851172771,-0.06841135191867978,0.07865206022320352,0.030897755876244767,0.062296235544288266,0.0037519986988530842,0.2228019783993402,-0.4106953943813795,-0.26107290471558914,0.2593335814118943,0.03988471987845507,0.09494026518573088
2024-04-03,0.23226546716404609,0.08733985526537513,0.19986941593221177,0.13821982824965742,0.06373112180312027,-0.01424985904619469,0.17376876444774475,0.41451855790340913,0.3421333876315241,-0.2766172896614689,0.09725730490296082,-0.07254109413612388,-0.027139272634927762,0.10728285118745777,0.24737586907796177,-0.17862618376770242,-0.1410175906120524,-0.023346557003428976,0.21086459945741515,0.12180907176336932,-0.05017421453407893,0.04353093080055996,0.004654111670508998,0.2792753819011385,-0.02844165239544998,0.15414316023830726,-0.2661980890386987,-0.08946475237732748,0.192557454801456,0.14372582789594704,0.19455604708716479
2024-04-09,0.3123524266898577,0.16119974459209566,0.3091380671507226,0.15681826922637634,0.0076686411725087646,-0.05634946597340751,0.09344211657955892,0.392658917708758,0.3212575968625691,-0.3758593946930443,0.2758034719802609,0.26002487780871125,0.022511636802400436,0.3149571513388412,0.1778893817033485,-0.08953925665007796,-0.22552893056337125,0.06547688935803292,0.26379159291213206,0.2005138725288707,0.030907040437902118,0.04983558771466023,0.00517112915977683,0.14515680253750474,-0.05341148719046799,0.24331452501772644,-0.34697199918300164,-0.15177102554139377,0.29394922870989154,0.12945158367944753,0.19247875757755287
2024-04-10,0.1326371189840863,0.1390064224119305,0.10514441676603407,0.08740847972696676,0.029007919737587987,-0.048241409917417155,-0.04446758628290456,0.08955772950788568,0.12283932349389089,-0.1264339788985301,0.05542218245936065,0.04460626726610096,0.04105637212138044,0.02969892199076639,-0.01871807081043926,0.029749147666283664,-0.07877055829670555,0.030524276246380797,0.08635217541785338,0.06097649556695922,-0.015008251576236096,0.06133097313170697,0.04683271540765129,0.04119643835231105,-0.04422311381353544,0.08719117765697183,-0.12434659318638601,-0.04982887304648781,0.13359401166755813,-0.02479947946072355,0.0016939279503051983
2024-04-11,0.16618010250770454,-0.052004256434721514,0.08470646216850213,0.026614440071914526,0.004022067922474016,-0.18215949386162344,0.07156760116295764,0.12686213370124555,0.1919739498996564,-0.11955942457670223,0.11144453299587896,0.052707773867417006,0.005153642663139588,0.07563706135891439,0.024182925496774296,0.07710828325640597,-0.12148046885554276,0.013493227583201197,0.20772516911788053,0.20624551659305657,0.010006398389228718,0.07676160670305547,0.09366161203428176,-0.16014761718822584,-0.00023128596974307845,0.11735761415706707,-0.13988216977005125,-0.016960304194381014,0.13182738669349944,0.08964792389747386,0.10507754939152827
2024-04-16,-0.22220431055604556,0.03153756406635556,-0.21681337721803917,-0.04264824412383378,0.03466693573883208,0.17223625795006875,0.008279771210133118,-0.5540734582997395,-0.47464006875096226,0.45134412656760603,-0.4782441793387463,-0.6703511235285983,0.02895198970610152,-0.43708997930038623,-0.22105098260550532,0.322175463878316,0.2580045654410096,-0.3861199216031274,-0.26539223917097804,-0.16525024647952416,-0.0109572894201269,-0.016909257972473682,0.03173471994122577,-0.2923278847770982,0.014996525619524281,-0.17684427890252152,0.34569368673312223,0.25947925641383845,-0.23617482696951206,-0.23651269864765004,-0.3215728356990831
2024-04-17,0.17937936879800662,-0.0541314016347832,0.10128242839131704,0.011881077513626284,0.075868859825795,-0.09209410080617986,0.06657559500051972,0.19274973983549587,0.17446306719703072,-0.06941327448329541,0.027867611154013552,0.09677177997649844,0.07052723029377815,0.0890239185543723,-0.006627658676474516,-0.06689820161891183,-0.09496817987805202,-0.01776231451843412,0.20010584731621409,0.17958803037524984,0.058479366637259333,0.010927733188787037,0.024783028893208204,-0.002323951091489438,-0.006980969780152283,0.12295845390430235,-0.13180824487501633,0.06321369385905287,0.14478438180325498,0.1548947514308001,0.16646460571679364
2024-04-18,0.2385475021732566,0.15013302687227822,0.2180636705170105,0.10525371167874373,-0.020908955010331354,-0.21503949204172831,0.19736978884077785,0.2685168504446537,0.2586161914727266,-0.18995726034379282,0.33442538151695994,0.2261631316027921,-0.046921050692104546,0.17993033424579657,0.06552194737369449,0.010280844453902739,-0.011654581056809528,0.01255918827174571,0.17852290937296336,0.14884948375472729,0.008687502407306261,0.060246273454275315,0.027615812765785237,0.0019819965815922025,-0.03547893397305497,0.20011401509681828,-0.22830370181832474,-0.06479624645018506,0.20979997452877983,0.024418446399209395,0.0557955614683728
2024-04-19,0.12197495907142523,-0.0648527266979507,0.05104744864793164,-0.08423814795320822,0.18261932497273792,0.22357640212907906,-0.19571584873620712,0.0009777434438922891,-0.06647410203258058,-0.2752696997861004,-0.07872720773816874,0.0662213504875929,0.07311810305505649,-0.09592124094234783,-0.15600821603212545,0.1400176967412551,-0.02153639350930891,-0.03740923614620617,0.16822408710909734,0.16797429923142856,0.1879533878532685,-0.005335560448734685,-0.025008785547195888,-0.003269229676508909,0.07163634620791526,0.08101114072929012,-0.2935705920231935,0.07300144285625149,0.028910290232276967,0.18259464087124214,0.17412779586519553
2024-04-22,-0.2721994972855114,-0.06818826434856305,-0.28509645405380035,-0.1714093677212437,0.0632011435309381,0.23952147231606222,-0.2971540143108322,-0.49483203393018016,-0.43351100705152096,0.20534059917249287,-0.2956016617858273,-0.24754841593867055,-0.17706804173284274,-0.10795482366280211,-0.1591256254234702,0.40191136675900535,0.027183855570335053,-0.15894347790881047,-0.21473239403873212,-0.1711553429609804,0.09107279399448381,0.013116900116030016,0.03384732665621154,-0.33108400682904,0.02634829828889438,-0.1855782687152588,0.266097453894764,0.06653010846223298,-0.2912304019825444,-0.18465490106490556,-0.24956039794501308
2024-04-23,-0.20152036137881651,-0.13532049090899387,-0.24354568963274842,-0.10869474863391529,0.01431593095981477,-0.08635625825809709,-0.09709727057797019,-0.199039221738815,-0.1839861978789097,0.3611674127892254,-0.16359103166789313,0.12977560758485973,-0.0430540454671673,0.008951977425190568,-0.0806632711334437,0.10051382893055702,0.05532054342445516,-0.09997056873039348,-0.1363195868692081,-0.10385283101475654,-0.03881960353344555,0.04331730093787529,0.09785799477109737,-0.1556774677825127,-0.018514348545866952,-0.19387327191455217,0.25508331641096565,0.2596592500849308,-0.22732123730448933,-0.06712163215282549,-0.1454097454256933
2024-04-24,-0.028333009115553278,0.16140773886859408,0.01736989264196223,0.11497604143329863,-0.0012200890722074795,0.09192572866032794,-0.0982562481899789,-0.2354280520011705,-0.1491306633187614,-0.04563251361948385,-0.1283168795179536,-0.09468706334397803,0.07368299381983885,-0.019241475253572168,-0.04297849987909233,0.1829758137618968,-0.032302009775758554,-0.03518429758386527,-0.04433273202896934,-0.09410809348258103,-0.08820873422842108,0.10461210932311568,0.06059251841499289,-0.1083588407311857,0.039209894150902154,0.030510145535893166,0.016637691691053183,-0.12396830968590575,-0.0372783815197436,-0.10669240052233576,-0.12318374633023892
2024-04-25,-0.12946302251020556,-0.10476311203945904,-0.1343974733219255,-0.08163044311185998,0.10016159150965215,0.14748923934009026,-0.22753170043771484,-0.053337056544358837,-0.09055947316728186,0.06631289532682141,-0.2489044976836908,-0.1429546959912719,0.10871764225317117,0.017696200351262657,-0.14354579586255353,-0.07402514598600542,-0.015025964692289812,-0.10562451621526829,-0.027752616409431066,-0.08498959825954654,-0.006054774434945942,0.07721134361468471,0.07816585237443868,0.20890727732908762,0.022989251060353197,-0.12809556223758659,0.04332306949128051,0.21206487280957934,-0.18709242660071235,0.05523527827541026,0.01832429071415667
2024-04-26,-0.2719571195974472,0.052071569480062654,-0.23192777949718396,0.007892734064134035,-0.003697798378838439,0.23685588731280763,-0.3162379829704577,-0.42087258495620244,-0.4289901398677687,0.09432045548131401,-0.29301382430581024,0.13495992055294265,0.13262782328213937,0.1303479021362249,-0.17747803910885113,0.2679433286120969,0.07934386354637725,-0.10594035366241233,-0.1913560308712016,-0.24864857471861437,-0.06184409553638581,0.10317223562309197,0.06397101485580177,-0.0340282638547554,0.06209707253538492,-0.12987444627616124,0.16831135245339354,0.05891856432361084,-0.25954289395359104,-0.14119334191591482,-0.19747073109085664
2024-04-29,0.12540598799140376,0.0552699798697729,0.055060011374387846,0.055832296599356,0.08130377521256474,-0.06583746709345309,0.10842429781722944,0.06060411545690444,0.05841735031613503,-0.21296836088989604,0.12911745402925395,-0.020029248423302674,-0.027082904163827786,-0.019591673455839523,0.02429208572514103,0.1062378867568476,-0.10533321734538707,-0.04158667642768124,0.2921584345469804,0.10088938928631334,0.05940400873926664,0.24449943646601593,0.17725053637611007,-0.1045509574337345,0.0535114031566514,0.12426602106197915,-0.1499600876998553,-0.11835390376687162,0.09463038246096477,0.028402500913793677,0.04739249783214588
2024-04-30,0.11153036339402475,0.09600200094374745,0.09737738884049016,0.13299125467844278,0.0025739432021754773,0.0014157842387090207,0.1487702374352765,-0.031350297198125945,-0.06658533923416227,0.068842578568625,-0.04938941072460412,-0.020811005759741364,0.05788858413196344,0.010168374131541367,0.08129754146322843,0.15091345834517522,0.016447213199586662,0.034308763921437224,0.12423551519011311,0.1367704415954741,-0.01459279304934524,0.046419998961463094,0.06777018878153893,-0.2241251043547109,0.059895017695141856,0.1353883396441839,0.015674117047090295,-0.049131960007209756,0.10582548135057161,0.012039860975362771,0.003743739312388675
2024-05-06,-0.0940590532878389,-0.007913105851388979,-0.09454305309038699,-0.07257235682091288,-0.07012537543378117,-0.005358748345840714,0.00461651984934486,-0.11477040621818227,-0.14040272522441763,0.08455982029527297,-0.007629003644687675,0.0159396433197037,0.045982562176687954,-0.020422475996060653,-0.014692181028966043,0.1476975042002828,0.06848762874673248,0.022583707022758033,-0.09278054660164581,-0.03923398449732071,0.026810150948788632,0.014785952594227061,-0.0003416190426136631,-0.18504063054431022,0.009740013460707691,-0.003473846743127559,0.09145459213213773,0.04651225274867941,-0.07809668958575054,-0.03706100831997405,-0.07113576737396266
2024-05-07,0.14433449081267166,0.10997451675940102,0.15517243736131742,0.08280871862967427,-0.008910824752673536,-0.08871019020400958,0.19746708191900883,0.09742447366762665,0.15779977291116745,-0.21919173656108204,0.09893444592362233,0.016417495380486723,-0.021628078456672677,0.1716323721532851,0.17468239454369863,0.06749003826755061,-0.06913636497392503,0.07497722502510888,0.16477195172131118,0.06878419026040537,-0.004820372286924343,0.05524366817317811,0.0354750026958401,-0.02633644142073621,-0.02459147161278768,0.1333256564983872,-0.2095041223796325,-0.22113360038964028,0.1413840917438177,-0.001803401447525216,0.042763448991418054
2024-05-08,0.09694741218483845,0.08165760215680831,0.12314901089858717,0.09376811132496603,0.005050366483957067,0.14763600317498343,-0.05661743849513318,-0.0796763052224251,-0.10508815614815593,-0.03986350163155756,-0.09216266234676924,-0.07627265595566203,0.08103592461199113,-0.07558355919240316,-0.10770900753298852,0.08216959955096169,-0.03595795458367403,-0.04430870226873638,0.0057213532988197036,0.05863028529742212,-0.023160357481441365,-0.05998754375609016,-0.05251423763219437,-0.01301848609552382,-0.001705092191974804,0.07214806440123549,-0.09958200155780894,0.10649931200823025,0.11448560776695886,0.03734246665645085,0.055201055769563356
2024-06-07,-0.1652890701452805,-0.3044386445465102,-0.24748370865777924,-0.2863077904207241,0.01162998219594258,0.03524707120426217,-0.025163152001904096,-0.12249390893731972,-0.14015422423057278,0.2011077994428927,-0.19679570229567447,-0.21550071894271777,-0.09839901853949416,-0.3269869483268363,0.05708015388734326,-0.015202005375940507,0.12014642403907103,-0.1254656787267341,-0.05220368336416256,0.01938849548895986,0.14627395080605995,0.06549287876918693,0.09073405320263753,-0.137645812126647,0.05034875162374963,-0.10891609373844033,0.11789489012659729,0.2996599546451807,-0.17426464275746292,0.10158208356647984,0.03239580511489431
2024-06-11,-0.2580751805064038,-0.0690680098336217,-0.284232449032412,-0.09307815764870668,-0.047004744022426305,-0.03505072675023188,-0.29892579569799516,-0.24038372464368818,-0.3609308785956241,0.3380628320970593,0.022549205404262192,-0.4138777067879042,-0.06156257908941622,0.0928114689417597,0.12500730327786633,0.17943919231838945,0.08673788851150899,0.04496984211348168,-0.2169788280913886,-0.18969449710175,-0.039866787064707795,0.026060705699281258,0.0445355320007034,-0.1942053983277943,0.02606350506817178,-0.178973812879736,0.40875750878401945,-0.02274188895436835,-0.26429491206302247,-0.2652408120581079,-0.31707456456889216
2024-06-12,0.04364255957355513,-0.13699247171715626,-0.032191650310461076,-0.2046950423108594,0.022435132199299528,-0.03507997334689663,0.11723728662099155,-0.002906412534488405,0.016759750557468558,0.0110858086349251,0.2300523258227045,0.14434345227181386,0.01185136129119665,0.1604547565298371,-0.0370091754201169,0.01476711029724135,0.08106027221827601,-0.011846214358937011,0.05788624464612808,0.13073051177511855,0.11726559238454051,0.0028518679012338945,0.058448521231250376,-0.1824430868238013,-0.046551847002418587,0.043772310123878916,0.02420735066964873,0.21525835965942103,0.03405217433015136,0.07868372828456371,0.06937829746530001
2024-06-13,0.027142923746844436,0.05029369338952456,0.03531281531435689,0.06952285314830417,0.07835785996295708,0.03246323061341218,-0.01662974141409574,-0.024193480223480637,0.01979760374595008,0.0525781267302552,-0.15958778163895435,-0.12697456558159326,-0.0072615863132246845,-0.12640985662759788,0.0009379748001842663,-0.06796883813171609,0.04434151317174311,-0.053402150060861284,-0.012984454386506061,-0.026412899545858425,-0.042199025092778245,-0.008982329868225935,0.0023463478162754855,0.14691941999876507,-0.03837640351920995,0.029584500624018534,-0.0033564156978820306,0.005247064586011808,0.02180406106386996,-0.03400439319113033,-0.04198101083719202
2024-06-25,-0.23677713593896532,-0.05069675242518092,-0.26133257708663754,-0.11174713872208902,-0.005430590286836676,0.18502978234253484,-0.27766123147167165,-0.41503569218119163,-0.45753112795784573,0.21743887235940101,-0.20971945908702888,-0.4293405831210853,0.13553455990031438,-0.3572089574172256,-0.22632848326446656,0.2492405865728274,0.06279876843580655,-0.340001471205243,-0.23318082659581565,-0.12451662826850589,0.03160952700546498,-0.005735799118179882,0.05997529254078213,-0.15074879838196983,0.05784167802817305,-0.13415317929710815,0.12359421960325356,0.3790743553332304,-0.22594926067834745,-0.07698024999628567,-0.16601550079660507
2024-06-26,-0.02435113815765164,0.0946668999775397,-0.017306279051461475,0.005038735750132204,-0.028070149392416976,-0.00398376939900703,0.04411550324835974,0.0046506110116452835,-0.0428865389229181,-0.1286113917530724,0.052639089439045425,0.09404166887686248,0.027154464432446932,0.051281641012702384,0.1331872134883798,0.10274666515077029,0.04206896156098163,-0.004355603252282987,-0.08212149799939228,-0.09524649155235981,-0.011152860288875048,0.004644611909755247,-0.0051030863995575925,-0.055805124482607806,-0.042655559692743504,0.039628609160175396,0.005111112745321987,-0.20183132223903955,-0.02218083354661619,-0.08988178471797659,-0.07970091568628136
2024-06-27,0.14241211322372976,-0.030067771322497012,0.09177424700288529,0.030260313271393308,0.04944201244114521,-0.26355191464919636,0.2173230145302516,0.27952113116436816,0.24924088740868366,0.16282591939689944,0.003040277650331207,-0.09880350947972152,0.13467566798214456,-0.09046216646704675,0.05295401034954281,-0.13543504420461444,0.0037886088828526314,0.051375642864778366,0.1511100821278707,0.12880865215130044,-0.06676424489937746,0.09522281347671989,0.11264379217239844,-0.0022402021312689616,-0.050443086103029666,0.08964312070098934,0.010099668381498665,0.13451407295832113,0.10285751843429693,0.07174314397531362,0.05418837385038375
2024-06-28,0.13364251145242248,0.21876262182908354,0.18237155354800855,0.20746037091517938,0.03606751533026497,0.05969162176350972,-0.033049327880456926,0.04481638551689075,0.0726178964136817,-0.1453704937660563,-0.17266149178880213,-0.0018645348850121785,0.057994419112461185,-0.1330727924726581,-0.0014485626125970697,0.02543916039077972,-0.08818800332613853,-0.06870024137906998,0.09798935898862371,0.009856468153761908,-0.06852140309990008,0.020456441895339097,-0.03285194873403457,0.07900644751861872,-0.02491002118405631,0.11264577612938009,-0.09299713984282053,-0.166824176187848,0.12645528722049504,-0.0024573021390323887,0.03611730561749206
2024-07-01,-0.28656012909448175,0.17844192216650734,-0.20611955291032502,0.058017800442431204,-0.05314985009294301,0.17488854870301437,-0.2865096113303594,-0.3479182443432765,-0.41587930958327923,-0.0017978296130018883,-0.01818836061417948,0.08130674594363445,0.047219184098736704,-0.010245358955398154,0.07135309215334852,0.2845906193532827,0.0821084946458365,-0.12874154900337972,-0.3282912196687528,-0.37803267941945007,-0.08133577377255591,-0.03245139008739982,-0.04673419201890998,0.046185924626490876,0.006699765195450423,-0.22575610403084306,0.09054012556470757,-0.18000422408400774,-0.2734490086143906,-0.27967726986378805,-0.35558492543594117
2024-07-05,0.21882088276845144,0.015014764366543204,0.18614411820778817,0.06263346702010057,0.04382810538015517,-0.1976908340248536,0.30695525225072584,0.3123011497847871,0.39359568032347864,-0.19846878678508326,0.07316200758667854,0.011960685726848212,-0.02408433065349053,0.16554537574539216,0.06965195123654945,-0.152530214792541,-0.13561024267966912,0.11970098528388634,0.23538101222364638,0.17241830263001157,-0.020879672457749604,0.09288670314338006,0.07010195880868894,0.09397503487208447,-0.09478911848611977,0.16147922930352931,-0.17471287453979925,-0.12953779877743576,0.18904864674154495,0.11828596134685451,0.1817794846729361
2024-07-09,0.1000420418078476,-0.09196941333320806,0.024789893995912183,-0.07853689168293151,0.1175517311600265,0.027609080951512596,0.057250810812702994,0.11125341876596735,0.09812336133252854,-0.06279137570594336,0.010535183608222403,-0.009809792124803325,0.000568670204011461,0.1050383903324774,-0.15643119878264716,-0.07495421156160442,-0.025544774439006247,-0.03086167233685551,0.1621349849412444,0.149485712407043,0.09009420181716989,0.11258975007459993,0.07958643463598965,-0.01750395155166756,0.013427716353511823,0.09983009141167411,-0.0978428260605752,0.1932609735105256,0.07373007621545057,0.1645492360178497,0.15703654318253032
2024-07-10,-0.19953473981812825,0.08476818480075785,-0.15899875410039332,0.07002895139210898,-0.007088115452034772,0.24744790436154504,-0.3793328265275495,-0.3928116880232731,-0.44082630998141203,0.11204726647990655,-0.3073246635723335,-0.27521673774607114,0.13785578667326298,-0.2343312504130077,-0.15769908162634722,0.25722623051363797,0.05153605899133891,-0.09601074652126472,-0.20484794602118972,-0.15838913457353168,-0.09478502143084894,-0.0026317357689544627,-0.012944568739775938,-0.07160739070123441,0.10488071938495791,-0.12670678633896212,0.07682629634491793,0.1558721091620789,-0.1836073875877865,-0.10296813172964127,-0.19450214046639255
2024-07-11,-0.016290625069912017,0.17084922825958798,0.02634805149506703,0.12246059883235609,0.050011592763343014,0.10752934365648426,-0.1439064547004807,-0.07408919367447125,-0.10982932010298975,-0.15699584580983036,0.025582447566897773,-0.08397457030183735,0.03528694909962938,-0.006429882461177863,0.003314556999685978,0.1673927753821348,-0.0528372351621556,-0.06336604255535372,-0.03645815302926954,-0.11933217273566812,-0.03953986720047623,0.036836912183867844,-0.024491236141093692,0.06930039354529532,-0.0012138069794710904,0.006844897614928356,-0.08234412399239711,-0.15089501597445665,-0.01618204801594956,-0.05520906937320937,-0.056016670739721296
2024-07-12,0.197291076212347,0.03469283234671854,0.18118713206137002,0.025716141698031318,0.007582619633633879,-0.04048598857631981,0.1555915174314886,0.07642183120048096,0.30237599476721466,-0.24014996745899675,0.019870199651082412,-0.00944791448457129,-0.014417578061954065,-0.0833811674589387,0.016154598329734107,-0.17632755628084654,-0.16213519493409578,-0.030957975523962976,0.17087634241671332,0.12290744871148376,-0.00036013171840255253,-0.012103031418633817,-0.009851799752208774,0.21819971683188524,-0.07456388950474498,0.14424744077527785,-0.17598145376816318,-0.15513665032171073,0.18408578364722716,0.06922787455498666,0.1699238936789573
2024-07-15,-0.1684745508534585,-0.12377975255109298,-0.16846062055389874,-0.10655004149188456,-0.09913634688597708,-0.050861752102303176,0.10970708588256387,0.014599575707932728,-0.024741616284704997,0.1791329792063081,0.07378184132004259,0.12903695713001803,-0.059417371699368435,0.026719555447497146,0.041304714813851194,-0.16766221014101998,0.06391913276318788,-0.0007551757751156635,-0.13278491224854086,-0.1006129780222311,-0.02685151793993153,0.015064581170381708,0.005398755379670847,0.18647578719572258,-0.0070255131625530645,-0.15331922670200576,0.13831371810478255,0.1600662825412768,-0.15996450051494052,0.012299812541388202,-0.008028188362995549
2024-07-16,0.08443532676072794,0.17536954627628265,0.1639914309354341,0.12268669037457479,0.08674335245275291,0.3621219109725529,-0.23220220113393852,-0.23519383608015598,-0.11543862684946525,-0.38405482653727535,-0.06042706290350062,0.045931085358097055,0.007794891704038025,0.08144113574736549,-0.06890516254550563,0.11769675222692852,-0.1304363562814925,0.010249093667969576,0.0316247137167473,-0.024298533006066943,0.062257076075718204,-0.11799154518447544,-0.16607098097449619,0.1840732644576558,0.0003782308237664717,0.09057245726203167,-0.26798344327430734,-0.23391868292717857,0.11997212742436769,0.004179191892539482,0.08510606346500628
2024-08-01,0.07638755921973549,0.17440669858893493,0.1410573033996122,0.11942237838951739,0.020338887973214897,0.1918477576112122,-0.1498613581812842,-0.18991810370004641,-0.16616525971766485,-0.3480152890749555,0.019298854987296225,-0.16613213854228373,-0.10933727813056782,0.051714858495782536,0.06965024200619425,0.20720164671694544,-0.11650822493376778,0.11060960392229943,0.040171919535030534,-0.006595315628977924,0.05114068663226072,-0.06804433054948694,-0.10681468636145769,0.09630797209964743,-0.0034070822541617247,0.08396931848134463,-0.2557830201899742,-0.3308121176828118,0.10026804152120562,-0.02686476284846134,0.0237448181854798
2024-08-06,0.03724289283288351,-0.01699743995194893,-0.004061651032475263,-0.018743863486853588,-0.006890241222765393,-0.057791845600599405,-0.04552885908377312,0.04731505243936986,0.11756837086126606,0.017776127889185006,-0.23999130281075665,-0.2523096691058928,0.0790613930294966,-0.2714938074054788,-0.09267598805849554,0.024060956345284767,0.02703407266921831,-0.11528388641394133,0.028182111742014702,0.040869950809190064,-0.017843082661111485,0.037547795411647295,0.033629682665510356,-0.07990833102115595,-0.01950415209677475,0.05202055566449936,0.056249408486678254,0.058889962044278286,0.022354656393972716,-0.018914168474124554,-0.03159704355774682
2024-08-07,0.07837294611046729,0.22933584908015905,0.139334391812611,0.21845624846243022,0.04149848274562536,0.20458855168007292,-0.05467296960269863,-0.19071081447543106,-0.3088017757477246,-0.33939510218119473,0.13032436592302024,0.12138309501298364,0.13301525470299125,0.05890338988582829,0.04505173346580108,0.22140706438549768,-0.14621960843014184,0.15876818445072538,0.05858488219828052,-0.02723482183121108,-0.029835609877274925,-0.00035690149884814114,-0.023094637702825,0.089858792790513,0.02240834322398548,0.08983464841139886,-0.2787171661083035,-0.26782153141978104,0.09014082355452563,-0.016252127362845988,0.04324829369121048
2024-09-25,0.14338825150969972,0.16815540264533949,0.21773182200350769,0.14024676023130514,0.023893179237103667,0.25285329064928824,-0.10941482798262736,-0.1897296868901045,-0.12324070741941862,-0.174953411511686,0.049175721286922554,-0.000382406372727,-0.073235311517679,0.12963662442527008,-0.10554169227493003,-0.08554437408968811,-0.18791601185468165,-0.031929148537308084,0.1023838295921224,0.0811924440971583,0.04830369098918598,-0.03211251879327761,-0.0671277028429525,0.19088195246446363,-0.04383333175985926,0.15509644515201004,-0.10702059895172945,0.1610937036785867,0.185083309647787,0.06118572071784334,0.24192877270771532
2024-09-26,-0.1053683943793228,-0.23327369283206084,-0.11635268863529102,-0.23793124753349237,-0.026313216936693844,0.1446337539547004,-0.13634885966543173,-0.17252903760157337,-0.20550229583090235,0.2636223077736768,-0.08442272383751608,0.07921476711755153,0.04647554221249681,0.11245340526084203,-0.29495933326519347,-0.20988760513386656,0.03866081050175855,0.047111302648876544,-0.03681314833653014,0.04786933863515885,0.16674539707122688,-0.03913682068593231,-0.020682399909293762,-0.029842902717541035,-0.0751293293352461,-0.07760998286419028,0.273565178245956,0.46300361525742506,-0.07363906460751514,0.0442448476459623,0.10022555073052931
2024-09-27,-0.2040159382166693,-0.23890280156776064,-0.2326692160663999,-0.29150412052296226,-0.0474267620411215,-0.03002628611881953,0.009622128246793555,0.06549449409208626,-0.04907376139163182,0.3519425446556089,0.06901466626295452,0.363144110173615,-0.1946232865389731,0.39227002002531247,-0.38668999151634964,-0.11169317004564165,0.22490426586498588,0.26011543316876573,-0.12882212947790891,-0.03844063647466191,0.14755804581370208,-0.005138642178942707,-0.007734271738150763,-0.14739760260588453,-0.03689306379330494,-0.16834383276181503,0.34792298530806104,0.4611187446176982,-0.18928394476345106,0.004877835238823297,-0.03701607864838007
2024-09-30,-0.2181899820161684,-0.2742599958264168,-0.28523432667900217,-0.335715786969283,-0.03907917599175644,-0.12450510723364086,0.20590975864028696,0.3221027956412581,0.18707988021131472,0.39285070219083135,0.08375186118184323,0.519422919948564,0.009488333117174,0.5399550161682211,-0.5257519128113753,-0.12461036402382773,0.23087888871528645,0.2503423147817683,-0.1280288397853028,-0.05326930266976345,0.1316004131455131,0.012701317844877168,0.0023241275331994105,-0.10802839771083533,-0.0464622750846109,-0.1870177017877777,0.3271884311672715,0.5933835589851438,-0.21764988371911576,0.0001263575446633413,-0.08694869625739077
2024-10-08,0.1825948832303667,0.13090288306743866,0.1599819727364999,0.16629862666236744,0.042369782947877875,0.0481157601827239,-0.30448316342280923,-0.24786607274053038,-0.12116672040642473,-0.2880314916968382,-0.15678544654663587,-0.4742300080077736,0.05848525919049917,-0.32438435735650983,0.3434642606723829,-0.08057148332798536,-0.35894381011335497,-0.5133518057288453,0.15427238993557718,0.08480128707175932,-0.05096547385972113,0.042095196857262936,0.0253473501683011,0.24302048825748723,-0.0725898885873265,0.11442007098985381,-0.3044413844109073,-0.275687397147947,0.1452804653083016,0.12530778542183418,0.15636689317331184
2024-10-09,0.1827311371602849,0.1977346587897357,0.18357839157980263,0.19733869655014974,0.06060826931796829,0.16388549826031779,-0.31883224529834847,-0.3096318980738083,-0.1000963996031264,-0.22196313354632272,-0.3828516619058259,-0.4240350657369097,-0.06341821314228797,-0.3829913962754942,0.246260857063355,0.191168474755312,0.21805779015645524,-0.12989034121314083,0.09822621691141512,0.05839831384687809,-0.06804600309805169,-0.006765476768189598,-0.0015990565244166975,-0.12435517477912142,0.054621730018495795,0.18005720051329469,-0.030351140476468145,-0.1517887884324558,0.1702130580697122,-0.009298566545996817,-0.01225259922760614
2024-10-10,0.16885291721635837,0.19746939722384502,0.18410996248813913,0.2045131990412026,0.09297023450636668,0.15895358635776574,-0.2396811848054074,-0.23037310082902598,-0.1638251205930142,-0.2616403985387809,-0.05080013845665104,-0.41330444619973666,-0.20399979315790584,-0.37218813592244726,0.3744107675103847,0.13767645119003588,-0.20840884644005242,-0.03620809598544506,0.11969204918213414,0.04838375777053774,-0.09020231867839193,0.009737830975315666,0.026232334773344832,-0.02393802602262497,0.02090416566645923,0.13810095064381359,-0.18656094832763778,-0.4230076468418729,0.15279962861508856,-0.006163651123032277,0.013294875494339572
2024-10-11,-0.24137355135823893,-0.1802423417942174,-0.23911629812979013,-0.1547775920865072,-0.049989180695416545,-0.1975142496510495,0.22678671260937883,0.21834856085248186,0.21728391209002418,0.37259080559431396,-0.07059709760383222,0.07285510401710814,0.07883771678558998,0.0657022936283004,-0.1548119689797591,-0.04966768089260313,0.11327727088846638,-0.13679342704527184,-0.20519513523051297,-0.18596478777019407,-0.006126431842882823,0.01210653289054297,-0.00958898861142089,0.0346086777533244,0.011183700558776457,-0.23356942972547037,0.32560411560791447,0.25508349884294645,-0.23794246709645758,-0.020076954187347836,-0.10824390631248655
2024-10-14,-0.18574609644057172,-0.08870645876896861,-0.21702122668831356,-0.08578397427836087,0.0629919195524029,0.00843461194129847,-0.00532947169422279,0.07031662075595307,5.3471657785465355e-05,0.13431365019496197,-0.0640818611155923,0.06886638576783065,-0.0663083960128293,0.061258818978562654,-0.018907131719508266,0.14489878010355026,0.15456536557060035,0.044894227793711945,-0.15522030901215067,-0.1285072790697772,-0.020277281166961248,0.003298501006443349,-0.020965031031069163,-0.1199423707545304,0.09600816114724862,-0.15934895674987015,0.0794488313284329,-0.0662940865378975,-0.19974112316380646,-0.09781835035070834,-0.21720094339360818
2024-10-15,-0.02106076234786089,0.19062784155857748,0.04403344977774198,0.08555816559462305,-0.026055088448986435,-0.009280377878960645,-0.053110557672964374,0.03324980523601189,0.0114429624942363,-0.054899720562028624,0.06370416654498927,0.13446873732860656,0.060086234949797604,0.131156083909376,0.21646906488840878,0.07733750528425312,-0.015039634219335215,0.150978986884745,-0.11972805880416897,-0.13600621924375797,-0.04929214067482053,-0.0012351571353478694,-0.004866256555118515,-0.017160891207590546,0.06430568071299778,0.006835999508912898,-0.08394349000638564,-0.1837618846906278,-0.002064163434489335,-0.10350880878978674,-0.11990091019304121
2024-10-16,-0.09887431105626872,-0.28035331805988084,-0.20318502087417709,-0.24048331314439816,0.013980588151293273,-0.07848934004812695,0.1408749709489236,0.062250081099665566,0.16917612613974273,0.22608873101114796,-0.12188550996726975,-0.20623377052983521,0.061176798575035905,-0.06860308314535143,-0.26145517233359544,-0.01771822272760716,0.034146238667485715,-0.17014337975237004,-0.022770972867878,0.03999968325830339,0.09720235039992445,-0.005481875152518186,0.001463076646535674,-0.1184135198627629,-0.0333515086956132,-0.11096990913968474,0.18594284847419837,0.1740977366103353,-0.13453200024271628,0.08319142474425924,-0.00833444944508428
2024-10-17,-0.04871146318285984,-0.24979125838144597,-0.11965929111190342,-0.2376515079808957,-0.02995416689368205,-0.0615242998651321,0.15840146613142186,0.026671580484668906,0.12567077725066653,0.18623162318965036,-0.1260803877627195,-0.23450064456141884,0.06615804864227838,0.013100982952143856,-0.496704991890287,-0.1204543777632895,-0.019397193930242185,-0.2707109133789273,0.06535945583501232,0.1024620119804173,0.1084613248634175,-0.012693166713233337,0.016303825910015935,-0.006338981668273435,-0.11317199548307522,-0.06511975162520627,0.14317169612716835,0.4589765253774098,-0.06454285832325994,0.13173834203402526,0.11659833123797943
2024-10-18,-0.23709675876614825,-0.299416303723131,-0.27276287509783237,-0.2540398244360842,-0.01164432966753596,-0.16120384470886867,0.25429532830965235,0.2236794092739481,0.20745550298542742,0.3607616507879193,0.1851870335364075,0.2924031102756343,-0.04594694476178089,0.3322407628678103,-0.35894170601613085,-0.10228775141821586,0.06268253942264378,-0.2077257354597976,-0.14336383089540705,-0.07847753673593921,0.06025485696564271,-0.02479070776899249,-0.004175635736527985,-0.09312309698213934,0.005957519882690706,-0.19657319582028032,0.26932564483935767,0.2626083936361954,-0.23907589829665737,0.018694980057841263,-0.0628443838719946
2024-10-21,0.0029219624723287097,0.13468070382760977,0.039301482442574795,0.18621802878576182,0.10405415732941731,0.2904192093565998,-0.28305186651848147,-0.21452356462020564,-0.2910644645937346,-0.14082050382113295,-0.30747942714711696,-0.25058674169637857,0.16975827782688088,-0.18511794398389686,0.11874673972438439,0.1873161413371804,-0.0059719590950766685,0.08504594268230306,-0.0036196571129199556,-0.030224311515190488,-0.09027380664070961,-0.02548461776040049,-0.025141354979350845,-0.014996292262556629,0.05379874674816788,0.01168611432349709,-0.041837502460052294,-0.1427351291704381,0.016632916923114652,-0.021862177193610055,-0.012178654347485532
2024-10-22,-0.0038844823514792544,0.17246725379661834,0.06712260477280085,0.15116925909979406,0.024983746411790644,0.1403189899805995,-0.10940363631372246,-0.11307931967984318,-0.21493174743056234,-0.21647791080443243,-0.14543299751798222,-0.22070674185119427,0.09037398365790844,-0.09489486397725848,0.16230740118010886,0.06732973064518635,-0.04325382954459116,0.05682110789312038,-0.0863197319885165,-0.0982267216393654,-0.16118562469986444,0.0008110696459219404,0.04059493045653112,0.11141604128200791,0.046636290471324074,0.003449919829064588,-0.13818287994120812,-0.14731986967274585,0.024040157357590103,-0.040926116474591975,-0.026204308683863548
2024-10-23,-0.06934896918063552,0.059982514630329296,-0.0608106769172978,0.02049380449253837,0.11047663938320944,0.11015647275737753,-0.15034041655404767,-0.07684127889022872,-0.06556224269196252,-0.07855729176449734,-0.10579290718768135,-0.19052745203052948,0.0880037488325978,0.0004483179673229212,0.1732972246933375,0.2235319670392516,0.03294804026869267,0.05257454287594034,-0.06062697748227794,-0.081358467845162,-0.01199667574894817,0.001220812089047382,0.011081243008054496,-0.07045628715472296,0.08381254867642096,-0.07497994776606982,-0.057484296510583566,-0.24210236906983462,-0.08902152608192514,-0.07233543884822027,-0.1655385368951647
2024-10-24,-0.19383042946226509,0.020708628379092486,-0.14061369807255342,0.02061025504343432,0.005665754170746757,0.07566363883155545,0.12290003238550459,0.11138523197167491,-0.029370539133561618,0.10016578086773936,-0.022020642788718483,0.15352676602206478,0.06420859573043623,0.118150133340476,-0.1284026548811176,0.08683397493622783,0.028738325546674097,0.018525066378648345,-0.23288421581781635,-0.18742648424214456,-0.13149424924042927,0.006517823038259472,-0.020106176731077265,-0.05514113058118531,0.06807976718239984,-0.1383425577182843,0.03468420610131352,0.08061858893794412,-0.14685362370293323,-0.1561327313024336,-0.15205628857045433
2024-10-25,-0.26022795121201725,0.049310676655506334,-0.1860294545369925,0.07551351682509573,0.13935911901494352,-0.002835117867712197,0.0828598056783613,0.17015932177408083,0.012815205161169935,0.12566973652952007,0.12162527711756158,0.1431473969163804,0.06686711751345543,0.21705890842476563,0.14643359314459506,0.09605569760905353,0.09039695194878308,0.08605357801101302,-0.290365010658239,-0.283374675658944,-0.13702784456158842,0.034231313972801,0.004116084360618572,0.05127600347323955,0.11659513637493638,-0.25016739848598524,0.01931382129474741,-0.17590634388212917,-0.24958115960690638,-0.17118545170101496,-0.28044046614930523
2024-10-28,0.11425459090658464,-0.03508518547990172,0.04402766040586611,0.02007262607734968,0.08081636318341441,-0.03674505654777504,-0.04957397326254652,-0.04848137687414946,0.03297615732224947,-0.10702751619969486,-0.014741496422668761,-0.144035886966225,0.039292836627439355,-0.12719901258764535,0.08745962645467013,-0.11474145382373263,-0.15574690808683533,-0.12381778588650567,0.11555195876496532,0.07822620656761896,-0.0026185665867174777,0.08425885414798975,0.025583627438363007,0.1157788945408389,-0.034603693644071905,0.06543300992650468,-0.08038850699516567,-0.13713070867881016,0.059195136486878935,0.10444950120806362,0.08773133880927067
2024-10-29,-0.15685128665963013,0.0294336663529237,-0.12814831642402824,0.07925552353061609,0.10486882865913284,-0.06521024487558147,0.06410912526877886,0.0925381111405165,0.03820415729605125,0.08003828111577564,0.19499934789097687,0.1642823518998854,-0.008770601470533582,0.1573277918725376,0.0650148428249681,-0.07717784692074818,-0.025462712306906072,0.026308051193406193,-0.1600137711247885,-0.1822038292204182,-0.1620780679113898,0.12261784896975954,0.04727306542670677,0.18152774654806167,-0.017667638359228625,-0.18829842042241615,-0.017321073156180422,-0.102118053254859,-0.18094234661496078,-0.002262840464670883,-0.11854623755729979
2024-10-30,-0.1853412007152751,0.03471377353446173,-0.10973604579783608,-0.028023639621022507,-0.012020689814515036,-0.09186241582821994,0.21955125006682388,0.18771667750577997,0.10773815673205354,0.20072852140693526,0.14634372286762684,0.09362347193968756,-0.027992739427651216,0.10141054808691297,-0.13984327684158027,-0.06418981917650826,0.03146135829773099,-0.01218148851708992,-0.2161911802836543,-0.21300889066059497,-0.11312503206882144,0.11545247290026374,0.04572761009734268,0.11463550907725258,-0.06463562039209216,-0.17374232374701276,0.02732421236106167,0.07692741770821125,-0.1480805866015658,-0.09838462722041803,-0.1557969458856245
2024-10-31,0.37885650872900006,0.309391832582589,0.4206020836832906,0.2968407448731988,0.006571679009705611,0.30441731787157383,-0.4581252948071449,-0.3713618878529472,-0.3434143938327147,-0.5212548046940897,-0.2819165379886103,-0.20762641157528441,0.01928248230083491,-0.16673028586733504,0.34867765402439393,0.06732125532348496,-0.15921185898943252,0.07120765405754137,0.33553500261295094,0.24873669422200267,0.0243689783125953,0.0075579474296857425,-0.0012486106638371617,0.13102772371120697,0.025992707310199533,0.34591062133998896,-0.30118219702604576,-0.1919822506001512,0.3814340561365303,0.07367317284135912,0.26510023673912975
2024-11-04,-0.2945393088287825,-0.17178136293854923,-0.2578618965966879,-0.21504343849422528,-0.04595628008897858,-0.1859443710143196,0.291450461368663,0.2097022782570692,0.20399559084698757,0.31939035163045204,-0.05211575893416107,-0.1209389110935618,-0.04899436127800951,-0.17020871760416414,-0.2908411235022063,-0.1718570391400901,0.009180752003804646,-0.12672075249597475,-0.2539610306867071,-0.20632495858557945,-0.019012431212715394,-0.0014279531360903513,1.0541790922647156e-05,0.1498519700334685,-0.02109303859798593,-0.27050974653005233,0.19225830300462501,0.34909611142539193,,,
2024-11-05,-0.17260603331474358,0.045890462802686154,-0.09131591848934985,0.03249151330160017,-0.02886579039300636,-0.0032812851839345465,0.04534162998821273,0.008914030575979687,-0.04615703110586423,0.06277875349180127,0.07018135998232042,0.023218419013061663,0.040093931993868306,0.030639910653694338,-0.08294193905999499,0.049559120730452905,0.005554461165187115,0.006549552760936273,-0.19335709219377425,-0.16728940657361033,-0.06576352125224177,-0.05219590729252056,-0.026860603269774134,0.04716327311405168,-0.01873261865012963,-0.13568463146176593,-0.013316662643913936,0.005803672818803762,,,
2024-11-06,-0.06067849326255713,0.1766680836812732,0.014837855682349556,0.11122117884681282,0.06621068831152188,0.09807799882525993,-0.07470458667734378,-0.08221782461488165,-0.11147795564278269,-0.10441869652565293,-0.03192675802797894,-0.007534253594642587,0.1520823566169363,0.02366219832256808,0.034716633775008145,0.0758803148827608,0.09521811342828862,0.0800252639962146,-0.12115383269340398,-0.1387206640695004,0.00684442636812203,-0.022948288877545707,-0.030037516177382772,0.08520412911420105,-0.005938536442144411,-0.04137920645290868,-0.008792813277043008,-0.07278638375822465,,,
2024-11-07,-0.11406616977888567,-0.2037254028442896,-0.17726147769245998,-0.1655037946784629,0.035315217906337355,0.04119316924161132,-0.01732212662265069,0.03046785503295361,0.06416490223094762,0.124855030024712,-0.2122562019866297,-0.2833473194728882,0.05714180911771681,-0.23677318645534717,-0.19316014370526946,0.07662628655837792,0.002190684094908131,-0.13636505387436135,-0.06696505556105724,-0.006661230700319661,0.01652847430359732,-0.02504080696759104,-0.007040022339206799,-0.11260235336508287,-0.008798782647357319,-0.11673659020151395,0.11627863448900067,0.05356344968568385,,,
2024-11-08,-0.18334343934706546,-0.21859580761215447,-0.2380964898762167,-0.20063473380619465,-0.056392666033769905,0.006839097140391628,0.08900094373793406,0.10862967068429343,0.09214986679943414,0.26190862983182445,0.057317881463461076,0.12147234629493611,0.010022671414345397,0.03796989646314931,-0.3771246139922315,0.09053441096660708,0.12068533946930356,-0.07987523787741307,-0.11214524524732108,-0.0432106121422021,0.028103848936462006,-0.036006937487754645,-0.011353493891396615,-0.1632518868730467,-0.00740424471676014,-0.15517147065005243,0.17548214375478632,0.26651068177199305,,,
2024-11-11,0.1059481247292188,0.13132303564046546,0.12348100300073002,0.13139511496972722,0.04601632479261782,0.27957428772922666,-0.34317232539699044,-0.3142150848943798,-0.2769187447382754,-0.22538375349458106,-0.1046728345683604,-0.21520600401343631,0.1270536786806632,-0.11103844275026219,0.14848433635611194,0.22282319452463792,0.10962124850727484,0.03162589490045755,0.08101799968319458,0.06370870779479133,0.05246736383912572,-0.04703586297262915,0.00013037887135534417,-0.15340023966089344,0.025319816751729042,0.17184271334547271,-0.046921220597047376,-0.2196269838805388,,,
2024-11-12,0.12239835640553917,0.03163789370916925,0.08574324036987419,0.0015637714845202187,-0.041269262162085325,0.1390410311010189,-0.1895486309720525,-0.14673326284667318,-0.1079690233456182,-0.11803722127848301,-0.15989885207337395,-0.1405317066748935,0.1792864563815029,-0.06647564103137002,-0.09187549215217058,0.14063514157436138,0.113370107520848,-0.027965225867239506,0.07305371744547476,0.10162576556609093,0.008348324455256498,-0.01261064444225111,-0.007633098398139279,-0.12631127034153958,-0.026860140253328422,0.13075293206904912,-0.001623841927151907,0.05504754442352379,,,
2024-11-15,0.32337744157357273,0.48728258003160346,0.4280496089690447,0.3654436909594624,-0.05636832538387746,0.25467716744921653,-0.32327199547963614,-0.36344486799573644,-0.3303262943803136,-0.4743445533423503,-0.13666587874471836,-0.08453220572354161,0.13331326907601743,-0.15874760932783674,0.14764158274178027,0.07155553172057058,-0.11776544717091936,0.09841353448793085,0.1866254560199855,0.12796148247623357,-0.04995393508810395,-0.0012011289996643334,0.01260880785780403,0.14908092358961364,0.02370712066379543,0.32043786234050115,-0.3342927205692163,-0.19532047933994687,,,
2024-11-18,-0.11945616428203977,-0.25574341729668226,-0.18894111013022627,-0.2184531827246791,-0.01948429715489358,-0.02715013717867711,0.07579553799326041,0.0985504255498734,0.08131419754855046,0.28799414125390016,-0.2622059963617449,-0.3951129580887859,-0.01702746846603141,-0.39562495506568957,-0.3598595161254483,0.10958591291182138,0.17438491097934003,-0.15848805142321193,-0.026273482043798656,0.033401696259383634,0.06196351354293295,0.015050282104063565,0.009946307181724736,-0.2106267185539705,-0.003802863785114881,-0.10676251886551881,0.1746835410614072,0.36174061336619256,,,
2024-11-19,-0.3281116829962574,-0.11660271494750923,-0.3197486190712533,-0.11951479330053452,0.0321369333855039,-0.05534650570182124,0.14644423462852327,0.16008414002965007,0.10857289031538206,0.3110618493657412,0.013559530903430747,-0.17246463372900486,-0.08201854084010958,-0.1776691988112664,-0.20146330038781482,0.06221810165820198,0.07118821211534765,0.010646237553846426,-0.32480423364272576,-0.24865128012163526,-0.054502210625503346,-0.03848495136523367,0.00993383430943593,-0.0991407642085839,-0.0198455591066028,-0.2800989328095955,0.10753013825254014,0.010569962516858678,,,
2024-11-20,-0.038234817606927575,0.043437422719767395,-0.05655543525899278,0.034455477488852866,0.03504808250198466,0.044194626725565914,-0.08190942749872648,-0.0486071921574596,-0.05235724479562734,-0.025125379601822526,0.04408195908950214,-0.033393369270344225,0.06529766433189903,0.07718998885015543,-0.14450989686799784,0.13102721187066113,0.018617345435225603,-0.08618777113468937,-0.06839646584239627,-0.06407789727884962,-0.05721372268073877,0.010908005698074322,0.010352135688213325,-0.05926232716519344,-0.0398167575845449,-0.020398725846626577,-0.13055224138579272,-0.09292937558233727,,,
2024-11-21,0.07031511640389905,0.1474593819912979,0.11402137485595602,0.15629236250476067,0.0213246715575884,0.06986955625043634,-0.16554608867033888,-0.10943528735628243,-0.08895223629409672,-0.18370794691313788,0.09088110800197748,0.10258059708373202,-0.08222251683263587,0.043389942355326235,0.1242907255171517,-0.009585139725735275,-0.11169500764509738,-0.08712968409063267,0.007683640896870259,-0.021555885300409316,-0.056758383129254075,-0.006273447395503622,0.005651522664835092,0.11778142467723636,0.02301222338875201,0.05749778573198594,-0.16145415184715523,-0.27104281780593203,,,
2024-11-22,-0.12574062986960982,0.044570884262678245,-0.10370228867114269,0.02235855634011094,-0.03967567751461867,0.050845491900398665,-0.030247152239643492,-0.013012056087525358,-0.0782288717878136,0.03460447901318376,0.1145625613980932,0.03910763467075061,0.08089539660851537,0.15588233019570596,-0.25020519523518053,0.35036241958837117,0.14067461834372136,0.05195144245972012,-0.14353839529721882,-0.09595600573724039,-0.02907753967218831,-0.041236528836040745,-0.00822657651640862,-0.32076735096758435,0.0006350970016655641,-0.05009180660941283,-0.06970136293472395,0.003253368218693875,,,
2024-11-25,0.0953962870179714,0.1260370660958498,0.1197375622261119,0.09262904518992272,0.07900152911766152,0.21239906184335033,-0.2917519354343138,-0.25239405408786536,-0.19248552878565875,-0.2282458339137555,-0.17808107328793635,-0.18311386245277994,0.1561502800735708,-0.09630288351238077,0.1456902634138118,0.111266300306965,0.03456100901917609,-0.25280675300802313,0.0780622289421322,0.028199513730611477,0.06551573607031443,0.006217744657850696,-0.010900210541439826,0.05483539588100473,0.016665721095062997,0.08869447612477412,-0.14387547684529584,-0.18572762806003132,,,
2024-11-26,0.024330086547629276,-0.16585272153237082,-0.015859715707631197,-0.18456811893472097,-0.025928705515535045,0.010008188462832524,0.037483960031444864,0.011642675974956768,0.04848221767013365,0.04672034800664968,-0.19672654943010076,-0.23039258582764569,0.0682467454168609,-0.19951151642089113,-0.12798984328852964,-0.10820889341036893,-0.02454192030118371,-0.12382140034688803,0.07563029200257598,0.10166299504035024,0.1892916734979236,0.012312582698505837,-0.007211964930573495,0.046464850634223974,0.0031605029781710953,0.03382407249967799,0.13250111112202287,0.3079558344117316,,,
2024-11-27,-0.15670393207167235,0.15485417269489815,-0.053741134938979834,0.10563925223145036,0.01252314018019763,-0.01786392765685327,-0.016141799988207674,0.03897220039974359,0.022330496501843076,-0.004917148187997843,0.06581938968915643,0.10630099951771843,0.07712090890027913,-0.013072315555095606,0.04730791959843949,0.19377313167905866,0.050765915973614344,0.03566168200802433,-0.24792207303270464,-0.2253272816353751,-0.12589007363539964,0.006468959667168561,0.0009370084418180793,-0.03754995561022057,-0.043062893020489816,-0.10710203001796746,-0.1330124409768405,-0.16861493155035312,,,
2024-11-28,0.08778274874324397,-0.1102672263853524,0.02815614020983312,-0.07747063559770842,-0.011718344347858695,0.06172877720234987,0.009923792071901106,0.03375791771163177,-0.048148525430008374,0.05647968663335621,-0.1480093059694759,-0.13955921545527983,0.0700337569016296,-0.09005284682897086,-0.17769834586379418,0.03167405944444677,0.010507504065255965,0.026120165605481336,0.11415048893459162,0.15382079940168916,0.12254067196415745,0.012891799564955236,0.0006082132475074628,-0.08815299082880008,0.02143841361717499,0.07207903067625172,0.05932764729413034,0.231945477253267,,,
2024-12-03,0.1936451833887086,0.06852994542202571,0.1459303834314236,0.05942273452568581,0.000306013384366321,0.14728404602311526,-0.15954745080452504,-0.2490323533719784,-0.2020686886509563,-0.23137096123567655,-0.08495305306123434,-0.10668944953813203,0.039811450810191336,0.029618225809349835,0.02850837593359556,0.05828517565626514,-0.05095060866731588,-0.1205586777620088,0.18130370920818542,0.14273598417376135,0.033249888292516745,-0.008482792742819325,0.00022855044768485048,0.009438188100280562,0.04265085852981481,0.1734345775869373,-0.11057762216822131,-0.07150464886539769,,,
