TradingDay,EP_TTM,BP,EBIT2MV,SP1_TTM,REP_TTM,RBP,RT_2M,RT_3M,RT_6M,TO_1M,PRank_1M,ACD5,AmountIR5,CCI5,StyleBias20,ILLIQ,BCVP,M4,ROE,ROATTM,GrossIncomeRatioTTM,E_Growth2,OR_Growth2,SHNum,FundsHoldPropT,DivR1,VOL_orth_ZS,Beta_orth_ZS,Expect_EP,Expect_E_Growth,Rating
2017-01-03,-0.008286160144796705,0.011951096010189807,-0.014118653845060803,0.03744410852060504,0.07407966642537737,0.0559238150286259,-0.19263729377768413,-0.14981783495239157,-0.1281146190700759,0.16376948461411805,-0.2215623624173159,-0.2682170891288289,0.11461308612529615,-0.21670514603802252,-0.01668856695318981,-0.030425523117982634,-0.05252768666370586,-0.2144913091550429,-0.004943007251744679,0.01813883452132401,-0.003078105281771398,0.005206832887281141,-0.0035216984997769487,0.021558799889332132,0.012205173327404945,0.012613768458814106,0.18822970127797964,0.061892645996105056,-0.020325013134352924,0.03877781120405922,0.02470964076855775
2017-01-04,-0.03055264362248149,0.152851076428712,0.040366350336191376,0.1587486593688458,-0.030682304789774423,-0.04756202500202936,0.06417868405045345,0.0055370743455787266,0.049460966860680765,-0.11163826004794365,0.06126828250110911,0.0023620117106620733,0.024136890265701406,0.06230849693467619,-0.04709277667482787,-0.06613857539362385,-0.015360448967506784,0.036284274314692715,-0.12510536858473362,-0.1591125280747233,-0.1243034934081471,-0.0031315803848504372,0.0058206383387090985,0.06950580207335694,0.052091689033078564,-0.0018027004145478713,-0.09937313580057164,-0.09296873863272477,-0.013097448127414412,-0.0335187152371612,-0.01190098048443036
2017-01-05,0.026775582564660633,0.24844587586057265,0.1133325534386795,0.20259877668686205,-0.03644466359011954,-0.04084419831564206,0.20839407638253055,0.08666946565012101,0.08850464895128389,-0.21577864636525151,0.2171239740460108,0.13190175906240087,-0.06014003445170855,0.21049143512712565,-0.1202900897034408,-0.11161724558755277,-0.033575521461023466,0.16141538961901092,-0.10066481242712531,-0.15299984793867846,-0.12513818809458327,0.0029280344933998257,-0.02396484413141925,0.1385525131912768,-0.013755879594979628,0.049669791823547214,-0.23827493465437533,-0.11338917904928657,0.04245567504031584,-0.010119056034858446,0.02246879663495676
2017-01-06,0.06567101970872334,0.20411745971547005,0.11862560000985799,0.2168118606102742,-0.04063047153451952,-0.019267860802862642,0.07996409164873951,0.04626617879187782,0.01175824563405569,-0.005761804518350936,0.17691436359669305,0.19369000069026016,-0.04721857844893432,0.22164118158638382,-0.09155168335857179,-0.1032399338740865,-0.04741039970613346,0.010018000887242461,-0.015352958153305571,-0.07862532649925799,-0.10410352277916973,0.041814559634011365,0.04508091154822317,0.12205595640466975,0.023806536841749767,0.07530472753172826,-0.05669417048021825,-0.005984541590115753,0.0853101863149846,-0.023768946008261068,0.004591644304817232
2017-01-09,-0.014715076077049166,0.008501999093184687,-0.002737675590539747,-0.014221034311753342,0.053267568548053895,0.05528301867436274,-0.08898449051228799,-0.026493659361913377,-0.033219189158810905,-0.12867545686887435,-0.1942907292169238,-0.22880049850620243,0.12110036642939409,-0.22166816467723097,0.006845317684549588,0.05884872980698479,0.02237313188349295,-0.028058472660251153,-0.010908635646239303,-0.026257785639764105,0.016381699029368885,0.017343086639340716,0.0029842862453867292,-0.0455306647540537,-0.02469345127279943,-0.01490780979919627,0.0036130286563518994,-0.060924692982215964,-0.014965113391629894,-0.009571305411226584,-0.01957757457162884
2017-01-10,0.016886138219763567,0.05039628008158337,0.0031257524124552014,0.03717756629482619,0.02424611525846117,0.0801205185704813,0.057320292620288614,-0.02061685716007458,-0.05323604559250444,-0.27253163864119323,0.06692061430873715,0.10922143385840827,0.029617687299507485,0.0842566744553406,-0.03401178238778139,-0.03292400452675952,-0.06713295763744352,0.09635203049919548,-0.015765729943642857,-0.04961749921050985,-0.031018865945776287,-0.04060880600389315,0.00027069598095084415,0.043910379201944495,0.06705331291480567,0.033184654099382586,-0.10370478139146308,-0.013561303547577721,-0.0013783962169481294,0.04059795955813707,0.06846940710471836
2017-01-11,0.053557922871596976,0.004533017325281706,0.03175128159482729,0.0010004236935950857,-0.00032229085323733477,0.051080770448659114,0.050053166882826995,0.02527855345868655,-0.01072873714064293,-0.11153276717091319,-0.0180675959418238,-0.0199012994571431,0.027101804083514636,-0.03607008328153771,0.004168550818820554,0.014365174702733605,0.01231932113621414,0.011872620965928112,0.05487874228411482,0.029303705715780396,0.010374445396213476,-0.0010078523871477844,0.010720240386407356,-0.015176909552833068,-0.02438318887747423,0.015231653698240009,-0.06726452381646923,-0.03919212400366915,0.05944887876560877,-0.04056804709944299,-0.05776852478601837
2017-01-12,0.17818032184624982,0.17845171438655014,0.17817519227953407,0.13728284370712776,-0.014094311467866103,0.006115561613376954,0.21321200280668465,0.11883128027008388,0.09504060391404327,-0.3406539638984135,0.11383977854678576,0.15693379050998735,0.052659382377330054,-0.029566112876879918,0.03071252576580408,-0.09481680775487279,-0.02975395175141508,0.15745621243177887,0.07546416031853502,-0.013723828785854335,-0.03858695352170773,-0.019468895177962662,0.0057213506199932165,0.12609496324094155,0.04510317360238128,0.09618472052121625,-0.1952355019952177,-0.1840531759865823,0.15716294012419568,0.0021547204939455222,0.07851397767273358
2017-01-13,0.2959720502267145,0.256278063951527,0.314638708539023,0.2602506358803328,-0.05425085050002163,-0.07262080148569816,0.3615695801301472,0.25860112563657073,0.17906101821767367,-0.3831737421866184,0.3360833803418936,0.30517116766566693,-0.08046958798633252,0.13589576946347443,0.20675408436107634,-0.19554364877938685,-0.0059227480251167145,0.30520106886330267,0.19212629648616913,0.06242451279228165,-0.021983696442903343,0.005509903366987562,0.008699111775114102,0.24174772136951464,0.13690701913950204,0.1354215136313723,-0.2352071288511501,-0.24822437048223991,0.2748170373860866,-0.0018048070771798088,0.182410351318495
2017-01-16,-0.05688172061150223,-0.17995538969274197,-0.09024709551486468,-0.09956054675694329,0.08252098259396787,0.0854659782867844,-0.261550108992863,-0.2086670232349756,-0.177211609601643,0.301352294173127,-0.15385199694133828,-0.4167053780393551,0.20044759266782133,-0.007721569174139958,-0.1052188116662616,0.06834337917615786,-0.10101242492326201,-0.4222840411902193,0.05574724610664992,0.15211128689602252,0.10694112566914327,-0.0025033947609653735,-0.024789346880964864,-0.0892075564984275,-0.010397909607633956,-0.09978428673842753,0.1943477760677996,0.231041249552164,-0.04653458490129949,0.012589543423272918,-0.06756623189125582
2017-01-17,0.06057399169802267,0.21986838987675336,0.1344717165364291,0.2327143640457904,-0.1016300960083011,-0.21318045974356165,0.38029249615868016,0.3308245540705574,0.311465869109194,-0.14899558729197937,0.14427458900873302,0.1890354107581777,-0.11596363552728256,0.13460814079864103,0.08080071965829318,-0.24438740034468692,0.020898252838511714,0.22324552667638708,-0.0520426183131857,-0.1825104586371779,-0.17189901859271525,0.028613981878629544,0.0031402721604721654,0.17196094208358395,0.005435603260180191,0.04127983822162412,-0.10264831026574074,-0.2513936329722717,0.05265410059219192,-0.018562437974501404,0.0285399101926564
2017-01-18,0.05649797356151217,-0.004027991662471137,0.03285029181604335,-0.051118304188323846,0.007925085448140697,0.08368391541812792,-0.08468372449592779,-0.07349873722236813,-0.05895326861628316,-0.1268114218669698,-0.05781423921543086,-0.08842212830022253,0.03138881394006203,-0.043490247282270224,-0.05954175574617773,0.056210558195686225,-0.0202637154310165,-0.0974003752200411,0.055689372157221716,0.0778390326100913,0.07796595507245216,-0.023710918365661044,-0.02701955647988141,0.004295998058326042,-0.026009659795998133,0.016066210436628908,-0.09742731348240805,0.07806727135438485,0.06582185119937817,-0.017606851727619027,0.0014158619696153295
2017-01-19,-0.027843063617468217,-0.1497941044335365,-0.1067184008898131,-0.11037944866746673,0.15471699454780666,0.166842752703099,-0.39997466811511995,-0.35488631656789954,-0.2705045210349169,0.25573378469705343,-0.20941204194276736,-0.35006000989861225,0.13179627168918068,-0.2339431389200485,-0.19619101260245736,0.20004900430622313,-0.19316560344163342,-0.3338597190825801,0.0647588639340388,0.13083892967909325,0.11127439138412794,-0.007907861863325087,-0.030114948489042892,-0.17055432401858622,0.06068797240792947,-0.07149454966960467,0.11565773339380343,0.24851208846143086,-0.051641956445128825,0.040889267491806415,-0.04983185277643669
2017-01-20,-0.08120570901569667,0.001465626110192079,-0.06759075680785537,0.03114358327591899,0.07012805664794083,0.021950992043471146,-0.19316532665715794,-0.13220645065412923,-0.05462080062709906,0.15654846679193613,-0.2079919463170155,-0.25643965179489026,0.03748150662797185,-0.19486197077751718,-0.16914882584725593,0.050210748978376886,-0.08981423835329637,-0.18027137128504483,-0.04269555890840247,-0.0365691411768531,-0.056493869272351574,0.05450121890364972,0.019133873269588663,-0.04732410245003607,-0.007052118406191341,-0.09014839831285364,0.0875170084035337,0.06486791835777869,-0.10975596824530856,0.06691043507103671,-0.055106981869343735
2017-01-23,0.04749299360046057,0.18981888004472233,0.08956115175742475,0.1832214975881586,-0.047696331652958605,-0.17555229593766608,0.24288725973922348,0.23457315158408257,0.22068269360126141,-0.20277225557708492,0.13455106525051116,-0.14329501528392416,0.05894711669810548,0.09369327249040668,0.00788291782802121,-0.08020069226021,-0.02819144072418627,0.13533013634764252,-0.03535886258884249,-0.10576423605724072,-0.11628159676223805,0.009396123828731008,-0.003677839697991941,0.08104726398762997,0.002101400427355142,0.053181081678814766,-0.16426298256901176,-0.16135095939824662,0.03485363526816021,0.00937625267190502,0.006094615781881062
2017-01-24,0.13768086668715107,-0.09890084828819364,0.03491952112333417,-0.08222592446934884,0.12585634628713058,0.1853120865475369,-0.26590500260872163,-0.24731275267208883,-0.2049402298124561,0.005936712144294579,-0.14857300704678242,-0.1793243742464704,0.11824100404096514,-0.1612457543514311,-0.10435738782511016,0.20723477333624774,-0.09740411813358575,-0.2133404682405796,0.20152319611312106,0.24048876830373794,0.170244211409215,0.008128215643750424,0.018550381386839454,-0.12302341032907388,0.04041446037974649,0.005416336150871664,-0.027827236645289608,0.1459650419952805,0.10629281417732045,0.011360256599188922,0.0018487923426326281
2017-01-25,-0.017499114827624798,-0.05225758193276032,-0.04729718741440699,-0.04016308892794408,0.13011015152492805,0.12555759282738882,-0.16697127595128397,-0.1915490975743298,-0.14837106694600716,-0.015132845341656518,-0.09792710109963568,-0.04285243962463129,0.009424642166942287,-0.038918320678742076,-0.11162448735607207,0.09068928781944617,-0.06742572441433183,-0.04055052707197237,0.026269032159780135,0.02219864274906882,0.0501732741430458,0.01825468048595608,0.028396805330879113,-0.04837121324758168,0.07748623585378138,-0.025099998525349273,0.012327696261962354,0.07131367774596868,-0.03704774322054148,0.08705515855595175,0.04449603703649517
2017-01-26,-0.04812237554943088,-0.030023727804398357,-0.01877058330924524,0.01849126667192404,-0.034635510491754604,-0.0059228932589181415,0.07068553005643112,0.027682757128447585,0.021446792089129817,-0.015852382906359784,-0.13083169813832,-0.22682479457116997,-0.006981181734322952,-0.19856452765881102,0.02480926610412475,-0.07363856697434325,0.04678233310311439,-0.1429717905018189,-0.05903790927831497,-0.04454087620962758,-0.06032806936749146,-0.0018130749867147874,-0.0402393874615319,0.020533479828280778,-0.04174258016488748,-0.02320329363178286,-0.027315447367761526,-0.06518459654972653,-0.030098442609506816,-0.02154940548610086,-0.03901179845493764
2017-02-03,0.02136468402633922,-0.1472921824603844,-0.03058866429739883,-0.07655055024826524,0.0765441711354503,0.1145699868797267,-0.257298528793964,-0.24931910888394762,-0.1503995442966709,0.31119042544716474,-0.1987453751446159,-0.1245264589646069,0.07580784692434424,-0.13281511368309032,-0.10179447038231286,0.09297959810738668,-0.03965111521696756,-0.20876104956138186,0.11034901977659049,0.169784406805022,0.09352680640144989,0.002661419784586095,0.017104606647703715,-0.10815673680364257,-0.021665822536361727,-0.07556270732485187,0.1474998351961952,0.2030701712259919,0.022804837246638142,-0.030478731422231224,-0.10251821254244758
2017-02-06,-0.09214926203636904,0.049795930834641004,-0.023667797366174494,0.11068126135498703,-0.08349095045930255,-0.1843712488703759,0.18323774817976585,0.17662130759048586,0.1924237166812163,0.039683174835718725,-0.005945436232310344,-0.10919429166877474,-0.04731655127455293,-0.12679628835625342,0.04791824516760073,-0.18587979353386758,0.013153038125871121,-0.02012094391798758,-0.11744821049737122,-0.1630077810786218,-0.1700075489798252,0.03589366335167755,0.02226478791138831,0.07624362093345674,-0.10285227624709435,-0.04776006317560241,0.0445673746960065,-0.12087571724041907,-0.07776604170452237,-0.037502948666462976,-0.0912732526638414
2017-02-07,0.02358117156232323,-0.06284528694899186,0.013045329969027014,-0.04470025507615827,0.03496329761476963,0.10119403158671397,-0.22744330107657068,-0.21532991413565955,-0.15812350196466812,0.14698017573100064,-0.08925557062724161,-0.044090829231963904,0.1349270800724242,-0.01877661356469846,-0.08040854290816926,0.04381888295071575,-0.03970803941088398,-0.04033244030598673,0.09150774114343567,0.11516944210453667,0.0797497608520202,0.00921523743711978,0.053680719214421184,-0.013404045694906786,0.024938494210961178,-0.027587084571041982,0.06098379283134399,0.22096627466413568,0.04818162872973233,-0.04008640931239624,-0.03637587543035002
2017-02-08,-0.0015616796917068874,0.06402043520562131,-0.011840155295184694,0.01528528190324544,0.10721248432319991,0.1632927096476111,-0.24863147677918804,-0.2605067989332461,-0.1774864170133182,0.023466238887191203,-0.23984662626692632,-0.19583579996040634,0.1919628242300335,-0.15881648711965526,-0.16309570596957795,0.10263563901148594,0.012231215141867043,0.01434455416984129,-0.03083420672336411,-0.014917863895058971,-0.0023664574765489186,0.012453817301942763,0.019441351323732196,-0.04977842775199937,-0.028771207978446085,0.0107291584280663,0.06936310292381517,0.06663601080838066,-0.00673763789851153,0.032216954453199546,-0.03008683332735488
2017-02-09,0.10598568070299524,0.35971659252891963,0.21273415971290566,0.28215761966655006,-0.055472268444869036,-0.09908230657583104,0.1733129618388774,0.19832977936681725,0.12524263298671554,-0.27080148517429886,0.08843886573517368,-0.21396015423636272,0.0018661250861939024,0.046416885654484145,-0.06165341161637517,-0.12439093525497368,-0.021993948719015548,0.024985505060494927,-0.057656173691678914,-0.1864195731707934,-0.17297946367026204,0.03154872491941623,0.03040960286033525,0.2571569455264415,-0.05855322581862108,0.08290313515518127,-0.22624724108616745,-0.17300902504666257,0.12092715933119741,-0.004515142971480402,0.029001082041775945
2017-02-10,0.09853429637371211,-0.0691442156247619,0.08503165642740271,0.01887645535602622,0.024370402743262683,0.09150670718266181,-0.1503370920329223,-0.131430335923353,-0.0897389397746066,0.11219548784980306,-0.06819969006692211,-0.10387800817906322,0.152131800415034,-0.15007796555554653,0.02840895321169164,0.009644382996840012,0.01823789705456551,-0.14045155466037068,0.16930212819279672,0.16759551411518067,0.09680104281377264,-0.022719094080911502,0.025924708707680315,0.024064543080790236,-0.020399121979294346,-0.03823450284129303,0.05273995888581869,0.056401671147707465,0.12012068092259735,-0.0704385172036939,-0.0313017008089549
2017-02-13,0.06782121257898285,0.0020575929942301305,0.06454302979808474,0.0872104383659566,0.013659064444673684,-0.0687008033503674,0.08687176984489212,0.09533912102022916,0.03927467705292972,-0.02798302478382092,0.10769200433382209,-0.0106304721626046,-0.03206665951052201,0.038424482131937485,0.06348684249703943,-0.07963823823153272,-0.05435988490007062,-0.1595283277767953,0.08074810120907054,0.06765632670999112,-0.04720427500383722,0.026047713282324785,0.04104689082228124,0.09426972460578867,-0.026531817942589794,-0.05655433788238581,-0.04574504108359488,-0.017437405245356304,0.05389855921514654,-0.0058310801389455935,-0.0029794332978389858
2017-02-14,0.08913381733664649,-0.07534802612835564,0.09052196333422377,-0.07070725461658468,-0.039753826837130225,0.08974800476431982,-0.12450623986369963,-0.017238976762332204,-0.06325374992941687,-0.2010250352552785,-0.06027044888981674,-0.11709608210736532,0.10341059240580723,-0.01937710819658176,0.023135705439589996,0.09781845323529838,0.0038487849176607313,-0.12500336536756487,0.13147000677851076,0.11341486685716455,0.08570160154255775,-0.044229219444520386,-0.019205304084716452,0.00870462769566871,-0.04985379051302891,-0.059050001466264455,-0.1818484984337214,-0.07139897666240941,0.12591327180065393,-0.13254207975558221,-0.12475121224541562
2017-02-15,-0.008345891155019084,0.2423236300632443,0.09886956426750376,0.1753180374769824,-0.04993955903225486,-0.10434015022085688,0.19995807986913056,0.1328657777633877,0.08988923151668178,0.04126612088887987,0.10807798264403469,0.04645514791143334,-0.0062045095909053745,-0.02312669869234753,-0.11741555602298931,-0.2445991918617353,-0.032913517027418696,0.10406547310843914,-0.11971414968432308,-0.18532976051385142,-0.14780436006630523,0.0045697046670404645,-0.0018261062645169976,0.20256281949823993,-0.04407578754294922,0.048916241787898024,-0.049293209160051234,-0.02764156987741212,0.023254455605439435,-0.028621775792920724,-0.03580773224896708
2017-02-16,0.05475776900170923,0.02209447523366921,0.051171522854051674,-0.005008141358771247,-0.019472531823584157,0.054271605521081734,-0.0005236235684577217,0.045436880270552565,-0.013400719252328337,-0.30989042909023395,-0.05651726913730167,-0.10118604152374332,0.06510725570591964,-0.1133570825074922,-0.058026421721970284,0.017670686695124088,-0.06348556561197287,0.009381922934670224,0.004092340290158746,0.01274903416201242,0.037711508842903314,-0.040161015465936985,-0.011279361147547093,0.004808782649016672,0.050057561073891386,0.07109219287455938,-0.19194305623903163,-0.04530876999052194,0.0583516283941938,-0.022820595779314216,0.04477652099189769
2017-02-17,0.2163083378101781,0.3620374406718304,0.2553363238170285,0.3079676760698018,-0.018031065552365427,-0.06286869896882649,0.2289640817494694,0.17010578557033657,0.05243012586578917,-0.0556471874430443,0.0875964214208624,-0.0202992877232113,0.05141603236436078,0.016963349585679976,-0.046710269925464724,-0.22397546398746113,-0.06580110026836268,0.030427779439682185,0.053672991993668415,-0.05595067400657601,-0.06079291089288538,0.031953341626730684,-0.0017377723096309262,0.22883958166215645,0.02226118183426268,0.17765586684481233,-0.05885202006708311,-0.11911018277677103,0.2012212106688024,0.041706208350747495,0.0988077423885686
2017-02-20,0.005252334767028824,-0.16241849560220017,-0.09362969166841281,-0.12386130228983296,0.18133813378361685,0.24238204514375528,-0.334344898631238,-0.3594872737661097,-0.29158241619473824,0.1520304683162647,-0.30344001143423854,-0.3791525513507436,0.19333141266092307,-0.3851441755604667,-0.16622263134045254,0.19248014011853068,-0.06964684310901423,-0.21241450246056964,0.11319546724064541,0.1793200169971858,0.1665396502911341,-0.003280195533810796,-0.004512798894524895,-0.13092613035183856,0.05113389905587616,-0.05976931260718426,0.1497497337037064,0.21897575736170793,-0.02509577522729296,0.05032502936463859,-0.008684005520311575
2017-02-21,0.06548649407510873,0.09272255602317926,0.07529247105734944,0.09611388488915279,0.005343449819614786,-0.022787637930382666,-0.008148584873563106,-0.00993308045349951,-0.020642977987070838,-0.030548131744934728,0.03407406852481301,-0.0760125457950793,0.10582088875199626,0.06656115939458375,-0.06533977810922337,0.025764391101700958,-0.052924624384463735,-0.07437638994471744,0.04319156524248791,0.00288243315687468,-0.0167018533748582,0.0041268340615412315,-0.01220779287800371,-0.020489444985905096,0.03740283783979995,0.060715231325821205,-0.059925400804830935,0.024689493574914557,0.05426155109485138,0.04487961353350562,0.023953122490710674
2017-02-22,0.05399142382520541,-0.24743702769314438,-0.053220421917552586,-0.18426084775776744,0.13142605792165354,0.228175193226317,-0.2676528339652604,-0.29453933393248477,-0.2533862727762497,-0.09305924319348585,-0.10931829473925844,-0.22026507635744916,0.0627470952751129,-0.08891211199155463,-0.08541359580425502,0.25928982565147046,-0.1303562115903074,-0.11132373271192025,0.19255654983287626,0.2855842638798636,0.20705291479543625,-0.050176141341614466,-0.03419119845463655,-0.15997375922236654,0.05284626742603461,-0.06904546986283286,-0.039906826022084924,0.14593225262192683,0.03379843083378712,0.025485589811352977,-0.020787812352712022
2017-02-23,-0.011880082448389052,-0.20494100801512763,-0.08749305434404048,-0.1819900656789165,0.09112335078222641,0.21071791016585303,-0.29544980616470723,-0.2783853860898887,-0.21034856656457504,-0.003663562984128729,-0.17448213892284517,-0.16930025920528988,0.15437562123309995,-0.14875887169433344,-0.04332915229902935,0.22225674555822644,0.036933094408677765,0.00021501932371777486,0.07336365280672266,0.1565530775238211,0.1379789957173072,-0.04284465210603615,-0.04115330387322499,-0.1414890876649662,0.009446436452813177,-0.07421107139987691,0.019253836645165057,0.16493257876065376,-0.006781541954984661,-0.027333034212502372,-0.04881581918806553
2017-02-24,-0.03061167704688341,-0.12763071268553897,-0.08461004156294691,-0.0897666322020452,0.0808911343329675,0.08542941661829993,-0.10587563443182262,-0.05824466910892624,-0.0556868964611132,-0.19835189606830655,-0.07511515150094651,-0.10087744182952992,0.05799125576601106,0.0014143226105837673,0.03971262617267797,0.10089640376195842,-0.06447462826456087,-0.1591641920071036,0.05344975129909434,0.058002418280458615,0.02811848223591993,0.04684855970290961,0.024464954327644905,-0.11558615269140732,0.06830999019852066,-0.07423741324384567,-0.04795228441788266,-0.018739418432030103,-0.05799541943006038,0.0559558769859052,0.02167598543263313
2017-02-27,0.02403350790243005,-0.004384442370666072,0.0261398680828047,0.03420222350464945,0.016219028105798627,-0.052683777894740436,0.0032519332368936937,-0.002851463051303168,0.03097370017525874,0.12462490890492553,-0.010117609018350453,-0.06329702198939013,0.0811887150563493,-0.08957001459406866,-0.022152800882668112,-0.05456784280134083,-0.008954911067733409,-0.11709686810822922,0.05910326513278211,0.04223181718314789,-0.020710055398201924,0.02234692543942069,0.04588525706482781,0.07524338207794395,-0.09513885511708899,-0.047458519412670666,0.04456967577915545,0.09433539611068417,0.02764587885857708,-0.01409056924221393,-0.04515307514193471
2017-02-28,-0.06884537207382362,0.0316782662568394,-0.04726558990737028,0.03290524690800418,0.04523059348135689,-0.007509415758308021,-0.04422871611389889,-0.026279589883936437,0.02308766505386212,-0.05045519765414104,-0.15767385250415464,-0.1925912713314607,0.08922085013286753,-0.18650953981028315,-0.023017894786377426,-0.0174229871042578,-0.06417044515406294,-0.14420447230540798,-0.09937286621452918,-0.09235542637294245,-0.05790676815773716,0.05152084334837528,8.742783214179188e-05,-0.024525542941699764,-0.005077095383428158,0.020706364270126284,-0.029747254895320985,0.01429909930958992,-0.06723254095224761,0.041590381575056644,-0.008736299249871415
2017-03-01,0.060750808094337805,-0.07445386877200098,0.04684977976241775,-0.021722126916835942,0.017533987516389443,0.06523644946114768,-0.04212945069279739,-0.01645825417611323,-0.05989012829783896,-0.15068092641783132,0.06327642722522603,0.03606501232394228,0.039246382060574576,-0.015918414128965656,0.012926405606994451,0.07807799654991825,-0.08612858966831602,-0.03332471047926588,0.13981085785162356,0.10988037041917181,0.04450399391969728,0.0006578762143993407,0.04683428242432447,-0.01673931107638126,0.0651536459296522,-0.03212299581446307,-0.1861003907007196,0.014185305105623585,0.07205072020854619,-0.006428802729192509,0.049907310352015254
2017-03-02,0.05770574389301748,-0.12203522725607706,-0.05278731295839863,-0.10385227487155654,0.08513515584806897,0.1410685485291741,-0.12260144463867144,-0.17271065366984537,-0.18312356783835176,-0.07120401030000442,0.07784611865453626,0.02935393964068784,-0.016539795996385286,-0.0036357217905674828,-0.12779820957135019,0.18124554036608875,-0.134694255975971,-0.06121490574050072,0.09902889597663755,0.16956242316432138,0.13473701529127005,-0.05010965384136693,-0.023516056293029886,-0.18029968804432367,0.1447594364410422,0.07472724414349005,-0.03259295892758597,0.13920775172776106,0.0299506190934822,0.07290323828854203,0.10055720025323307
2017-03-03,-0.028869428522064207,-0.11512417237152504,-0.07794599321430612,-0.08879604937591502,0.08204085293617325,0.08979705485357548,-0.15744240876415536,-0.22368694713756557,-0.19075735245652525,0.17012164240725838,0.03227199730557167,-0.06762095217011163,0.09870524072113582,-0.06759519780568538,-0.13361187329247842,0.21857760185922698,-0.0322466609763711,-0.09986739691623556,0.07561249547052992,0.14216658782172284,0.13408747899644952,0.008740323066145604,0.012267677889307885,-0.10729213397032764,0.019098588829552406,-0.03133617347185442,0.03473126398496522,0.2177272121255893,-0.014006737130142895,0.016060210788188742,-0.021017926436125958
2017-03-06,0.06374437857826465,-0.13465209709330697,0.0024247677833562787,-0.11562971180906662,0.0664912473241356,0.17118389211855828,-0.2559702798707994,-0.24132472244371408,-0.19725344030454472,-0.02565730324077595,-0.0314498225878835,-0.08021151790940596,0.09819453319592425,0.003268075360271691,-0.024895981167321193,0.15042669182643567,0.013012606188226588,-0.0977568945417445,0.13528265196958383,0.16912111297723306,0.169757857832674,-0.028048226551785377,-0.034860086496537476,-0.08261678182673055,0.015460169430863186,-0.028908886039807256,0.0014805390423326635,0.06110913335924768,0.06943909925987497,-0.038998793380264705,-0.03724885314924491
2017-03-07,-0.009083504242349189,-0.008186928939745822,0.02415885602167338,0.015896847001444236,-0.024505196815683934,-0.056362484271725154,-0.030778481825368017,0.0935258242758661,0.13049595208466053,-0.08926488988748751,-0.18016036437582744,-0.18621383904738026,0.05255794549548623,-0.13778225030561458,0.10925016706138517,-0.03810208690655208,0.03022617705437037,-0.11617462287432002,-0.013867896267710806,-0.027340850492616985,-0.05381749185519382,0.00994462860226627,0.009723091959503345,0.036376042179363244,-0.019990267474938702,-0.04211723934980698,-0.046307672345129045,-0.0812345632964232,-0.0015322603990606531,-0.04512048532266987,-0.06224615494369348
2017-03-08,-0.055810011933633955,-0.08854576424407391,-0.07521720246823824,-0.10314607811507702,-0.020037140022647344,0.02863620918186471,-0.06840445611746862,-0.04598323667746317,-0.005053007052391809,-0.18682433216228284,0.05653783764124265,0.04937162142113645,-0.10681603026442266,0.016969324809689632,-0.060689059904478045,0.10459866694892403,-0.12865566118135965,-0.04426899953265104,-0.041897180434130904,-0.03172718975993267,0.05873006593329981,-0.003942227489807265,-0.025285802701158384,-0.12117874428217461,0.03130145386414081,-0.002588130611567134,-0.0899038399090408,0.019999453872964715,-0.05158311290978323,-0.01901990106324174,0.008158027015343912
2017-03-09,0.08093826795305048,-0.027554136369062954,0.055452774135082296,0.01890945096347616,0.02969853001810648,-0.05395771649615554,0.029732688899327873,-0.010271664185918428,0.029844775803173438,-0.06014996885308765,0.0011420380689495194,-0.0559013785566141,-0.006625591360312141,-0.08524829804426926,-0.08857962625935603,0.10727364069678845,-0.09189063203038861,-0.03500255006210565,0.1124958391853482,0.12241007808688174,0.06392448629656287,-0.012825976498154907,-0.017767637977449714,-0.08534358303768637,0.006280091441327456,0.03943609146696087,-0.00025413815255696305,-0.0009410715869827816,0.04205682822984558,0.08543861048635329,0.05591266038888665
2017-03-10,0.15797881399791525,0.03649043338989395,0.11467290141689071,0.07245419812452612,0.04171276469601737,0.007004946488110129,0.1373460360102368,-0.0003830552373120449,-0.05768466245323299,0.10043881984020381,0.07019592056218121,-0.05226757221690637,0.03990510912669449,-0.05068764255139505,-0.08704418008306203,-0.012730897727434645,-0.07356266284195402,-0.07809908948649615,0.19134953179429795,0.16906818632984383,0.07943593152414723,0.008479616492651654,0.009511066459811516,0.05370263339525168,0.11609589972307008,0.0398174816795224,-0.004155671323190036,0.0642906436705317,0.13942059696297365,0.05914482416186895,0.09833645427718153
2017-03-13,0.015183018019199565,-0.03305616807550359,0.012748733310398077,0.008040380698089027,-0.006719884228528671,-0.0031875879104769004,-0.056494670788167826,-0.03763340695220193,0.022231880171662367,-0.09477052250202872,-0.08748517144445475,-0.08436861057571034,0.09077480773608587,-0.10622769270089559,0.08947015325569145,0.050130690018928926,-0.012111128307778777,-0.07751923549614097,0.04561354171000089,0.021667187373581476,-0.007049545718314663,0.035785374745760656,0.018034167597318566,-0.019232828046218464,-0.0216057754249199,-0.049012402968283325,-0.030911820659431655,-0.0420120156933508,0.003421193081081867,0.0005316065787405823,-0.027884449658327894
2017-03-14,0.07764966071239372,0.04763668099523133,0.09269744257111004,0.061957008026471645,-0.02064328663559912,-0.029361535048627152,0.11915683476585684,0.04699080072439377,0.027171148504450005,-0.12508490897864855,0.07131253360423266,0.025706227488793233,-0.016837061503307833,0.08804557867207172,-0.04334609038823207,-0.016293672050421728,-0.06746090066804755,0.0029986342841587335,0.07196371506440559,0.0419963056877611,0.02594065217251728,-0.007599764564471135,0.021691379712108907,0.031039915311979627,0.025364700474614137,0.007555606913726574,-0.12324657521790465,-0.04344350819742727,0.08676866476126734,0.010416509876977684,0.05997225803736958
2017-03-15,-0.027989669960998397,-0.09666235426834832,-0.05288974383381299,-0.07286188958780958,0.052127508640699066,0.036321666186203354,-0.0070191411552177575,-0.034709032767731775,-0.059034054613472955,0.33415354407497827,-0.0299627746799947,-0.11314520407634285,0.12191769211772681,-0.10578993514207326,-0.10136920602121438,-0.004533301643267367,0.05076489281107446,-0.178423397817624,0.07516234641602397,0.09484131957778862,0.017992757711477,0.021365635014928448,0.03840691348676326,0.013441958877497431,-0.03781978274237327,-0.118718120250155,0.12298705090719327,0.1749366709590133,-0.030849483600454575,0.0072052259602383,-0.08497069734577302
2017-03-16,-0.08178371371600685,-0.0007978534492070591,-0.0743724328946913,-0.042948365212588366,0.01545497385865758,0.06572467219154604,-0.20872806775575975,-0.09675661989845175,-0.012454754154326852,-0.22964218609793,-0.14556762820902333,-0.24126899331747131,0.03337601432742434,-0.17632609533361732,0.05544970370978349,0.08085478936311531,-0.06709105234399525,-0.061629998037881877,-0.13766609877333535,-0.11044376413194214,-0.02668423728117203,0.0007026806479317884,-0.023948370601835793,-0.13018730937098685,-0.01853912493513175,5.926922124186832e-05,-0.10431830121313317,-0.08425163795778773,-0.08523249463716392,-0.011012553741696612,-0.061492781366414936
2017-03-17,0.024968274101596334,-0.0892508205213353,-0.009441006049035318,-0.035093870356531755,0.0071219252678164195,-0.03646020767063222,0.11921880291549995,0.03771672856073239,0.028429506294987944,0.11561345322353808,0.14949725242657821,0.1475651787947351,-0.009671473805614669,0.1801425321173532,-0.05110113135929476,0.08581230939146327,0.01318634890420496,-0.1127163745155067,0.12201580420997418,0.1563536606181404,0.0957485376516471,0.019075318235264784,0.026630716344562797,-0.0759535506403229,-0.019461944182448482,-0.0901216182731516,-0.062172006936578275,0.05260131223662737,0.032671438785702764,0.0003751371561842374,-0.05590531048721804
2017-03-20,0.14664063481629394,-0.12054781639775136,0.1049654097002937,0.004909415252442642,-0.052340171065987866,-0.07414668173616966,0.06120583468484402,0.06105855151948481,0.07628547224544895,0.00888023151367893,0.05049471387617549,-0.05737429450301666,0.08598557235387921,-0.059246239847861225,0.011812121579313143,0.055330582680570506,-0.003962020884021524,-0.05642643105675853,0.250746973949341,0.2353838305345128,0.08050835804300156,-0.03887638556730681,-0.021686894964471296,-0.05548095958397135,0.019521015024369533,0.015415308576828265,-0.06825532982062561,-0.02016766390265373,0.15486724240941305,0.008344847516929712,0.03590962736605926
2017-03-21,0.07726121722383131,-0.14728743923364196,0.05330587115967527,-0.026938081097447993,-0.08308137295900885,-0.12046301430401521,0.22794279208550833,0.18151067158629453,0.1642902226044851,-0.030553186591255027,0.32521103223511716,0.232093716632943,-0.06494027609454404,0.2221338525183043,-0.028931802830643776,0.03935590937557751,-0.029518219630871763,0.014143710646162863,0.20853074506438882,0.2093414768267297,0.08048468260123862,-0.0300449534404289,-0.03212427658781564,-0.08048312388688272,0.0570009802461588,-0.04400314987958774,-0.14578561365442563,-0.024869866634981915,0.06767771045949644,0.018833412103628117,0.03940906383924165
2017-03-22,0.08919433539775118,0.07345493840670426,0.08713342482593653,0.08252708559243832,0.009907301829038456,0.015603146300449892,0.007706638713586287,-0.007756616082921551,-0.01411213231356115,-0.1205995240319758,-0.02321263685907543,-0.10841882340811586,-0.028289510330601963,-0.05988792836532514,0.013560069074670328,-0.04201680199462643,-0.02987730309399555,-0.018303957423289753,0.03446496240839664,0.010024921460659206,-0.010212495177399772,-0.0007618644729341096,-0.0012525249329363869,0.017843622467438463,0.08044662670592102,0.06108252002342952,-0.007779169797068384,-0.009049793987233979,0.08827222184561578,-0.0051389601090319065,0.06016628794690956
2017-03-23,0.1138200040421944,0.11730173253964399,0.1253270189240658,0.0846255024695599,0.014854066860013228,-0.008114497676805702,-0.0259080700955588,0.08539317811382385,0.028730309978623296,-0.09073361787064994,-0.05711620030280831,-0.07098862532547585,0.12360864577924251,-0.0378552391286221,-0.007914164787680056,-0.07624233262013119,-0.00035558318051256076,-0.09465157435984246,0.05857254258914358,0.0226904296456228,0.004708156360084023,0.038144338028977154,0.04153903843706838,0.1400962929210221,0.010534805531826475,0.041707990704363096,-0.05522938215762449,-0.016752614541754147,0.11518283130037968,0.015843799987755078,0.004065212870963089
2017-03-24,0.008101224761239785,-0.027230352985073217,0.01616839868561929,-0.015511499713231028,0.023899739579560354,0.02144939602064772,-0.10279702387296498,0.008706587229238498,0.017849486465197118,-0.021236063104086662,-0.11866949926188529,-0.10273675697250667,0.10375170232942406,-0.10940313637367256,0.04950299775270601,-0.07778258499400224,0.030475912765370487,-0.09239139016301971,0.03388577309570028,0.009901513994824314,-0.04100754154503274,0.010265833463796871,-0.015366366948669236,0.07621522410299598,-0.04195986936319964,-0.04083537113445323,0.059966726903950544,-0.010472775598350805,0.011610926727771562,0.0025984853376449482,-0.04817397126899955
2017-03-27,-0.020401245583513944,0.081106515187663,-0.010166739389542215,0.035431158767478536,0.01089259441583909,0.04539604861773685,-0.18083974745008372,-0.07169899411046013,-0.02810915194333254,-0.16888281018675622,-0.20006830270209472,-0.2232889263988231,0.0012426512798412663,-0.14011283337032818,0.028128330555920816,0.01882394390661577,-0.11906036213940822,-0.14751900455689465,-0.09527780274693715,-0.09608439354356046,-0.049851197807591514,0.03182625493004211,0.013591303739953754,-0.04730532112696512,0.02110451045315822,0.06439193409754135,-0.04180326830361233,-0.05718997627367235,-0.021234670631995623,0.0049273759590426685,-0.010743059011840143
2017-03-28,0.06525410361365604,0.25963948627412936,0.13792466944812878,0.21616105780033595,-0.0413360051171206,-0.17254168343167367,-0.08806382961919866,0.22803166099454517,0.2246434406659596,-0.27696368155752293,0.057320968811749015,0.12280959524323597,-0.028219178913919063,0.12429560406963751,0.10164912297689863,-0.24128677159471135,-0.18526937801506616,0.016180984258447228,-0.09257910669411902,-0.1682472885441712,-0.14326380339995323,0.03299332778715975,0.01664108980932387,0.19076176569275113,0.05822848865486834,0.08315871616959204,-0.09084774132071698,-0.17091610752628608,0.027651253258060195,0.07555621212027883,0.07043730195143237
2017-03-29,0.1812169781898745,0.18526856848714943,0.20846435911231645,0.16187175331656162,-0.03311256010195304,-0.09434072783952917,0.004678459517496634,0.20687138599174004,0.1653779743899258,-0.36448200371455763,0.19031913147407634,0.213443736037222,-0.047286655058285755,0.14421097191487517,0.06623282186002294,-0.172527364234364,-0.1636922147263572,0.08909473790742964,0.09033313425450296,-0.008229574810614718,-0.01452556803155429,0.017211593262232323,0.0029145261688507088,0.16832456874814736,0.08955500987698135,0.11843510754337933,-0.22328946877490008,-0.19428918072090404,0.16323420878651498,0.025041396566649932,0.10756138718804899
2017-03-30,0.11381272221604041,0.08145065714247411,0.08576776004608853,0.05962511187564346,0.04856963798894158,0.06067584730302391,-0.07120040880214742,-0.013241651443913857,-0.04221075094328566,-0.09293084234581393,-0.08330161029771276,-0.061989913656829806,0.07924290956476929,-0.06006369986769311,-0.10264019505806758,0.01799579736840374,-0.044621034007487466,0.010010583906813794,0.06423362029240515,0.04977620901591612,0.03419071402523088,-0.008180553662068105,-0.0012016593568153818,-0.008693332398584025,0.06882326192507061,0.07806104459705224,0.004682196186403889,-0.021444872019119356,0.08350612911298858,0.03293448040775884,0.08466924108803482
2017-03-31,0.04204611556517962,0.07270439745118423,0.03831772092881173,0.06716811120995957,0.07940005716492618,0.0600628422509045,-0.026451854598574766,-0.06887286025989996,-0.10646486798259774,0.16792733235057597,-0.14811685502200375,-0.19692595808415303,0.07635090521803638,-0.17371351026473225,-0.1162665457838874,0.020416071733228246,-0.08004038160145123,-0.18408370475238048,-0.012119009468365968,-0.0023272943777113337,-0.021047975227175084,0.01818943000155967,0.03449206239279369,0.02714319269333193,0.02476734413481541,0.026264992828583036,0.11514092341193688,0.16761131366936488,0.013728561661938976,0.057398325360281555,0.058604572682836906
2017-04-05,-0.015579032379766178,-0.036269836381861716,0.0011596274551045748,-0.014843841689062373,-0.019041383652276873,-0.008997543989804471,0.024654192680752824,-0.029200405527005348,-0.004901106277880562,0.019495504424199585,-0.03474579452878228,-0.14998504492853984,0.051051947487397546,-0.1404423081364842,-0.02394213437533613,0.03992511033597765,-0.04650999724955311,-0.11979856693980634,0.010184895917536631,0.033344940837053215,0.000307716962130199,-0.009446560488421957,-0.01151408172466966,-0.023948288974467092,-0.03695018127862175,-0.06672991303050792,-0.01875034381715236,0.04873332705553041,-0.02276481550727257,0.005784548101738603,-0.01651935720350331
2017-04-06,0.05233530836660778,0.14111022579481952,0.06477537788487914,0.11490079332872158,-0.024697207449000926,0.01583178422182551,-0.08870392289966955,0.03554616988849684,-0.00868282104972128,-0.25024343936224736,0.11206958391497497,0.0953167162447093,0.04878239501007116,0.16127192285867767,-0.05212726360665413,-0.0582583391157455,-0.0766749970653696,0.11737326089133013,-0.05168257389043103,-0.09411346659247884,-0.08744104961162073,0.019714494482660428,0.0022272280019294895,0.05654657044081294,0.10397173976252537,0.10101518003124896,-0.11527931636557101,-0.040743513186824995,0.06767712391409568,0.01255026833401142,0.062015723461910505
2017-04-07,0.09243475064380996,0.2836966671194514,0.16378534701663747,0.2280431072261077,-0.057923144043485184,-0.18653953391671974,0.14906076594270753,0.29709045681151036,0.2282820060122875,-0.32211367811759495,0.4261938801526402,0.3334768384189755,-0.13807243195479274,0.33567139118527345,-0.032168601896404116,-0.2850205246701145,-0.14827369571789523,0.17047828509136292,-0.1014125646868653,-0.17664682460642192,-0.1277930534651035,0.05235903909024757,0.01776476638033794,0.18188874228045013,0.0707072444320184,0.10753398788121757,-0.14108192020526655,-0.1362649246527607,0.116469914570623,0.06497369758290399,0.09414991640754548
2017-04-10,0.02682122294375563,-0.013324202322394086,0.03132353233665157,-0.0066084746831628705,0.019802000002245614,0.027574273692282873,-0.03593115061099516,-0.0306449151671756,-0.03448111335332677,0.19681734018514457,-0.041222590501960504,-0.11221131437988546,-0.002506470249731288,-0.05986890522122399,-0.05699990146333311,-0.06416885990452396,-0.05991603977485484,-0.2138230703654796,0.0588219256203333,0.05244671047690999,0.006754441847424,-0.013538888154789744,-0.02508154773841637,0.07443941558495938,-0.015081293393712916,-0.06951529327721014,0.06401257707867823,0.1272999902005914,-0.004486599133571256,-0.011808992479103268,-0.03594274553253859
2017-04-11,0.10646618955141908,0.170133160494149,0.1269731905459225,0.10329128093497894,0.01245339818748552,0.07326460913486238,-0.10004201721677838,-0.04989219393521822,-0.018099000910988025,-0.3771557479367524,-0.05973987533522028,-0.08246026175418562,0.06930018567200684,-0.08439713194811022,0.09209110102391915,0.003440820135075934,-0.0185678663713478,0.2031835613430216,-0.006526077878327081,-0.06890981635154317,-0.023313945848036487,-0.007749347827841757,-0.023517976596202132,0.10677642258635145,0.022609392370054746,0.105404467248779,-0.18832817674641944,-0.16162912921528427,0.12018878755831666,-0.05377078981317738,0.004553886999256141
2017-04-12,0.09975576398334571,0.05383475708798059,0.10832715895341372,0.02785539603867275,0.019265904028793295,0.012509401054417084,0.016253445421323523,0.02567665653864125,-0.021235129266581797,0.032327744362783455,-0.04123147268797281,-0.07901436222000162,0.0744566087862632,-0.10801587708304775,-0.11411950380508179,0.02172659643318544,-0.07631800375461643,-0.16344689729815634,0.06775647566327854,0.07768767127405585,0.0725057645607367,0.0241854324694411,0.014475958807879044,-0.027146250838279946,0.023218319768186054,0.03552366247927895,-0.04272196751486332,0.05715194792406553,0.10426389809603734,0.01363249009037055,0.0208749995214524
2017-04-13,-0.023116954063456072,-0.04946045262151762,-0.031751710807270586,-0.05092589255521943,0.024005644623865584,0.06215190320668899,-0.0030924113595342325,-0.004621207129505905,-0.02631238979258239,-0.23777028178709653,-0.001702368414522999,-0.036126246992330115,0.06628587213714535,-0.01723067691909729,0.012562889736458246,0.040437574143816254,-0.054114649303579246,-0.05682659100627277,9.960472435777243e-05,0.01852647430282117,0.037064339019742674,0.036026488022516276,0.05260429970980864,-0.012725131073870188,0.003374846320529085,-0.028885541349323918,-0.09212051080787942,-0.0280556332792424,-0.030011437073803868,0.026133237211716617,0.010784849077185101
2017-04-14,0.19994882032280753,0.2020271355694065,0.18672221802722563,0.17199080911758644,0.0290392674420142,-0.052708682870563885,0.16255056721927727,0.18195804115689185,0.11047127492689685,-0.35393652932147196,0.07294088640538339,0.13056512084139707,0.12473973247637005,-0.1140023792511344,0.06151360149335931,-0.16037270364447115,-0.05063689643962725,0.18797807018703022,0.06183836688046187,0.00600337027068999,0.00034380496926591586,0.03746142232925273,0.01601765423637536,0.13228355901099348,0.16143016681660563,0.1976311999789799,-0.17036064023769648,-0.0927121261018316,0.2209814050621999,0.062327376161386366,0.1761024093814993
2017-04-17,0.10514229313583909,-0.04782516964581998,0.09097276312289998,0.026192611404612487,-0.05551239030865581,-0.15334931483784023,0.22888544230040225,0.23287144444610786,0.20357784660472344,-0.16327429896183876,0.19409045832943503,0.06219467154683341,-0.0767452293381427,0.16294356639639684,0.1373878613004288,-0.02769831332607452,-0.04521617508812806,-0.027176895566610907,0.1318234123879603,0.11254311783399852,0.0411331928094416,0.0340813222305396,0.034499150910792635,-0.03283428937349716,0.0638821963786778,0.02071073579539649,-0.04163616105135294,-0.12397118560271089,0.1159110021196778,-0.0018096654429440528,0.06680645752291241
2017-04-18,0.17747025049480755,-0.22298410113390807,0.0780629058979832,-0.11896429116266721,-0.0013517205148898155,-0.04313697295603819,0.1269947540463964,0.13157022662812734,0.04177964884549405,0.04199077156131438,0.11804496197508833,-0.09785806715689332,0.006899327698366839,0.12618589730001883,0.04785850971550214,0.08701483457324716,0.007838484145358692,-0.0607334097867302,0.33758728431769536,0.3501260943777481,0.21275674088283428,-0.006221577532229057,-0.06426865710376578,-0.10160889049385728,0.05272490266758901,-0.05712781604919776,-0.007568795230972505,0.07391134826898937,0.15634663307484417,-0.054315992535797795,0.05063220214905704
2017-04-19,0.14997679447891524,0.018498583524188143,0.11391362433185749,0.07082495772787233,-0.0031164640658922064,-0.07663360694244342,0.17213558142321328,0.14611174173152297,0.135384794646173,-0.20736314710463677,0.1088647304468646,0.19727733302532255,0.037929948077105875,0.13337171552631896,0.12745652446743744,-0.04920170310086228,-0.03148651579948713,0.10528201515403948,0.11489656081144589,0.11096907461439524,0.06828515879982724,0.03959629053086376,0.00676644138460698,0.031295269028521665,0.12458820226712598,0.0789790603829242,-0.13341101097029348,-0.1490346593469376,0.14860728333855258,0.004439037094087438,0.10627812742389374
2017-04-20,0.08303598283195787,0.10111788892652292,0.086181457623417,0.06379697621733703,0.03923905235827796,0.07034960376457156,-0.07614222621143917,-0.09173542104073786,-0.029004564096405814,-0.24287203592075118,-0.11212898120327779,-0.008470935770261456,0.06485568347370403,-0.1198263561260333,0.017095070890840308,0.040169889870168715,-0.02107075578584136,0.021211029976452182,0.03732712030034416,-0.022257091576743566,-0.012889467442672567,0.009711725196662578,0.018220116876734024,0.011345514008768065,0.04135357394749524,0.027221870570004084,-0.12026849921762454,-0.09291358289842411,0.09633921947236256,-0.03493648487006459,0.01105719024693298
2017-04-21,0.18818279143361918,-0.06109662459638676,0.12367223569508835,-0.02743854804436567,-0.017057474078194024,-0.11710855177541396,0.3189134161442626,0.22447207112868717,0.18504907945647509,-0.3186724936834009,0.2754474724727605,0.3061602482380694,0.043747185017296,0.23395510349821305,0.23523144639880308,0.05717846678265418,-0.057725929342892474,0.17083652934900964,0.21270193127360268,0.19403659026271647,0.14235977511736764,0.05838015285256934,0.023331391045396676,-0.0914841402900087,0.1476369672961558,0.08400301763563126,-0.1838018181956488,-0.0913862419904601,0.17866778815302414,0.03522924952573151,0.15610013440765302
2017-04-24,-0.014170757279092545,-0.10785215583311009,-0.04516835079594472,-0.04485426257923551,0.03544888929736904,-0.03892746628941236,-0.017266209978614486,0.03702054425867619,-0.0030944180201727756,0.20372494200685162,0.06169194634960689,-0.05213719388546214,0.042173591613013414,0.033581325817840804,-0.010236222356577595,0.03097988458266755,-0.056655259774277884,-0.16721403692682646,0.061063140516983035,0.08391661705150139,0.05519467501090938,0.03232889254567243,0.03914703827105361,-0.08989319239476508,-0.0503124005001076,-0.06368386274233608,0.13773490885051132,0.06689862992569268,-0.027292470146058373,0.0162312391738277,-0.013801551250798622
2017-04-25,0.019676820481264245,-0.05502494267256229,-0.01135919254600967,-0.05043402905685977,0.012167989834566906,-0.06172217424794838,-0.05914274239801393,0.00831195261166481,-0.019909896374316192,0.21291382049431365,0.0549545016255582,-0.09434857994245242,0.028728554973018065,-0.029965000501372914,-0.06614281512171404,0.008502330553220893,-0.021492042616094255,-0.19300919797093707,0.07648371285878308,0.06905272631741892,0.032208113549586186,0.05148188757518178,0.04880407967005342,-0.06483606964201881,-0.06851519538235598,-0.053833419479418866,0.13917355661872632,0.13396076859750788,0.01547902209212433,-0.017832945992963742,-0.012596442769661187
2017-04-26,-0.017282451001275574,-0.18809810169461058,-0.0913474537669411,-0.14936230594458177,0.06402322531763675,-0.014534922487551312,-0.09911973960950302,-0.0068706047542276836,-0.09955867424238311,0.22609707203214677,0.11205341463643874,-0.007213310944713383,0.06088200776611062,0.12290093042006693,-0.019214295077578103,0.15953975809774826,-0.0161097780111395,-0.029886752817011725,0.05023107984117233,0.18447215089392605,0.13036297351238826,0.059677243657899844,0.0776162351063456,-0.19986293218272488,-0.08624458007395275,-0.10548621127216819,0.06932972911332,0.2177867986760548,-0.0316473231557905,0.02844890035677685,-0.0048250413201426255
2017-04-27,-0.1056327225405788,0.06446657538880388,-0.08313468256292163,0.026880854765422083,0.10513959444171249,0.09912299164596977,-0.1951350523536385,-0.1828262894695045,-0.11210419545643438,0.07736045872369549,-0.17452654671979795,-0.1828903052474284,0.0685308259640304,-0.10936279921238744,-0.17559216087823526,0.011484503427393135,-0.05299348989022229,-0.15912188299054075,-0.0788424414272554,-0.14808233519370131,-0.12754625506862344,0.06980475029505112,0.06585627516603253,-0.015838663511285794,-0.04656740396208231,-0.05750155239434142,0.11695992292242241,0.034388150496472876,-0.12987116478714608,0.008635221778276247,-0.06583682166563372
2017-04-28,-0.05571300761279859,-0.016854178356027403,-0.07608166087403495,0.009749228967089676,0.028207594558199503,-0.07867047823084175,0.04527271345584159,0.05012729416301081,0.06523563624050059,0.025921249927700476,0.062051357134506824,-0.02174361660974528,0.03956713850784566,0.015171081829267826,-0.08134490536561689,-0.022768696599305083,-0.06594212361856207,-0.15547958057222405,0.04858163999467597,-0.045462879177574675,-0.050720813802742286,0.11759383891638814,0.14069768937606708,-0.02755577863170145,0.004084516140316896,-0.011558326108684097,0.09155035850908026,0.04848780475174602,-0.09996646184133638,0.03997596436941693,-0.030387629244104652
2017-05-02,-0.048311927049236945,-0.10798494147640779,-0.09299670316902658,-0.08211023912518553,0.04390102230880706,0.01821310227689431,-0.07306870500541313,-0.006232723640201738,-0.04237701851409893,0.04063841621781003,0.014864268607544848,0.01600110062146874,-0.037914911443002665,0.007111994335846779,-0.0004407510428637246,0.003846231331855601,0.03350202072867327,-0.05295687658026741,0.05105885917270689,0.07607521580880376,0.011754043520748884,0.07514314945659434,0.06276355964863436,-0.022189190145639505,-0.10928580118193325,-0.09377290756098441,-0.008052287037925458,0.0737320248212212,-0.05986797747025913,-0.08209085395591766,-0.12313654620711956
2017-05-03,0.0018736153308838517,0.049329258861314944,0.024305474454816796,0.02348007082453293,-0.05761731794037121,0.016879126652569333,0.11216463369583556,0.0546360710861483,0.04400171374651709,-0.1439144630234662,-0.06301044091807077,-0.11981957890845858,0.00786799177570046,-0.09634248658909494,-0.006007661499284976,-0.025683434902580283,-0.043959497440859426,-0.10440282486335117,-0.07767866709145224,-0.061232950255995906,0.010075099151593549,-0.05391304098571503,-0.04364971984764655,-0.051972803786068195,0.06340772424291813,0.07928445440688257,-0.10563424282063025,-0.06656842325814855,0.025973906701329454,0.011521898630505243,0.02297106884990105
2017-05-04,0.053626246997184365,-0.028693199587738152,0.025413831700001978,-0.027692426013233018,0.012308147220119083,0.0072752656608337145,0.14827223291841102,0.09639773162021223,0.065388381583316,-0.29758104918159745,0.04390037020108592,-0.07929346513236608,-0.02193093968205643,-0.05150005223193444,0.14861679161391245,0.1191299864869657,0.01285528742699065,0.0016104985105584195,0.08549114063918806,0.07723924967688613,0.06807685033676171,-0.0054795863963303555,-0.047703841201760355,-0.09668487609648999,0.04229434114026389,0.04976142177381421,-0.09599848746715747,-0.08877208591397912,0.05844826039688019,0.00639298555082227,0.06268401272894501
2017-05-05,0.09150104472129628,0.05544819642523893,0.06914810391991431,0.020078437504732448,0.033612668540881525,0.05977269782851323,0.12187232562004419,0.05951095624268162,0.02093428120299469,-0.3666424999359139,0.03479035511800293,0.002930887666283736,-0.023557463459695067,-0.0347415243722474,0.10409251719304698,0.02266351308714604,-0.0452433176429457,0.12603461010418715,0.08828202196854461,0.013712761202497474,0.05865197361372566,0.019099653716899707,-0.012009872092686742,0.05904389429105491,0.08655928940740451,0.07223312946354779,-0.2111153549573387,-0.06185721624279226,0.08884147157237532,-0.02695532842953548,0.03648503226626644
2017-05-08,-0.04263108171775986,-0.05286076585316771,-0.04018120145659212,-0.043484251077941474,0.0941772183817735,0.15441170676041893,-0.26527686395120315,-0.17345873954736665,-0.1885543349879917,0.2393910956608689,-0.11206870076096181,-0.2829166124687027,0.15864548713003002,-0.1895526916173029,-0.18081022978286634,0.07152173439236482,0.058752617302482976,-0.33302281637616193,0.001428480567058015,0.07106241626804193,0.04717176845921704,0.006993456225055782,0.07158794475338012,-0.0358351628887315,-0.11817157990003296,-0.08395468966980166,0.08415410011127496,0.21851382318927337,-0.028462657992689648,0.0160492027328449,-0.0671923184275359
2017-05-09,-0.005568845232494359,-0.12494306387222079,-0.05385869080519102,-0.09831049729358964,-0.011066321983612144,-0.07578323964365889,0.1522005954345343,0.13908107149971433,0.07596982250881891,-0.3095142505074812,0.15538957044645704,0.1797153584176816,0.007896104713893043,0.1275912492941845,0.17112706449165804,0.13558700534151438,0.0057170755914810155,0.20113314706834295,0.0839511456601835,0.05305759843224111,0.05081169043538829,0.032801158957523106,-0.011599536509833195,-0.144902290342069,0.06132540772641232,0.0057173592984104005,-0.10668692756189299,-0.11654615558028925,-0.008184579940574118,-0.023584058526611027,0.010934534500838162
2017-05-10,0.16768393366537415,-0.07143364021985604,0.11892068975042984,-0.016703598004118886,-0.035369021944899465,-0.24620373709812635,0.27431291678050224,0.3371801229312337,0.30046745671090447,0.09764388927756053,0.24554034613429299,-0.020005833828246295,-0.05356927267793185,0.17105299720119763,0.2107950714377619,-0.09535378511248115,-0.02919067493035305,-0.03667431382554204,0.21271880795737313,0.2323293583513619,0.10292788072167025,0.0336908471108929,0.037526793804064575,-0.03333345805497872,0.16279024653448496,-0.019377592619307403,0.06158417505862336,0.08019527419216423,0.15670988038738803,0.024102556229300524,0.09716006378999907
2017-05-11,0.07392115211308863,0.0023339866035676166,0.08225865209474849,-0.039768899166351915,-0.09239799991632001,-0.1670866338932499,0.20310619551454925,0.20438318988568385,0.19389641279662345,0.0340622185834259,0.18921251120721075,0.05856807499014968,0.06938788203475638,0.20662339177800718,0.13551435283987615,-0.16621936354492395,0.025329736414100766,-0.026234300806226504,0.08762039431182364,0.04280188960900995,0.03394572457370586,0.020580334318914133,0.0006687418634989401,0.06717872113724636,0.001410975169387564,-0.04166957495141201,0.020985625615265947,-0.07631228108129767,0.0712427064756417,-0.05917529752138352,-0.025479294765893286
2017-05-12,0.0027015844138778256,0.050640848592140825,0.007102186632334481,0.04279633209087814,-0.054302540222459075,0.0027737210054052408,0.03443239593385924,0.030563487252599754,0.006186111635650448,-0.05868888241012951,-0.0197549133943519,-0.05835475412799445,-0.03581088272159177,-0.0535991921638491,0.023454714221100174,0.005705219965010516,-0.15724156434024641,-0.022301851428913416,-0.008855630772999536,-0.02108560511701199,0.034296293123527555,0.05570438352003312,-0.0026894455261574925,-0.018252916941610374,0.08945593938289702,0.02908937374257774,-0.06501537571624283,-0.07556515007176762,-0.004548520273263738,0.04480477741245419,0.04830034158440475
2017-05-15,-0.03202953958051989,-0.08397271235466529,-0.07863924470917791,-0.055186784477866846,0.09533122680006352,0.13002169248900486,-0.2454976053735855,-0.15811400638982992,-0.18244230925277435,0.38579953692233054,-0.08185518374262335,-0.1098586149386146,0.146656409585545,-0.15012763169483503,-0.1516723321156181,0.06500965184344883,-0.1073573568627647,-0.08495643926643062,0.04210156370993091,0.11903960631876351,0.047747499447346374,0.00013875453790635265,0.03837339185959519,-0.10490237152033662,-0.06596370360675088,-0.019170550656186586,0.18316206764063392,0.22502284991647753,-0.03979002926886513,0.04089751112196367,-0.0038445494052067645
2017-05-16,-0.07259107021114737,0.015982734119765814,-0.046450877177021226,0.004938218977950839,0.08630929638622804,0.1531604574489241,-0.23455544647395107,-0.22797300722221714,-0.1784225236655592,0.033680478051852245,-0.23733873612341252,-0.24982492548978658,0.06127174135014752,-0.23728703175783075,-0.177946794317231,0.09491695786633231,0.0253481598258578,-0.09824707293907983,-0.12749774990523194,-0.06975144481119716,-0.0574115317708794,-0.024352682865672094,-0.010063185016791014,-0.03760996277411694,-0.09706837397802656,-0.0625467415209453,0.07280769138099366,0.06753108187372436,-0.0675276210057388,0.008379150792715112,-0.03911333520830916
2017-05-17,0.010614624711775792,-0.009764174549054453,-0.007678822300189478,-0.02136334587994491,0.05640487285332371,0.023007885158182882,0.031421131503424966,0.058719582690072374,0.018996783511254424,-0.219648385421164,0.011950294448921364,-0.11809228507852244,-0.06318764660903922,0.03312373452228219,-0.04079184763208052,0.1126458771890175,-0.050139255866351956,-0.10762012205895102,0.01801814837225065,0.030855914143184223,0.030602624541080304,0.028130242047340007,0.004163276914326767,-0.09250783695330146,-0.019874739997842873,0.02091260100818122,-0.1306351059902112,-0.039793730630883116,0.01061541099591567,-0.03566184861819499,-0.030539595487369
2017-05-18,-0.0053899052316234266,0.16720539345286503,0.04996844816693915,0.12044794882260926,-0.011152323216738272,0.059066662718812356,0.003900658034247425,-0.09655193103453831,0.007246948562883187,-0.17756311695225258,-0.14033102897356264,-0.09988609290334619,0.052474070748800165,-0.09707043313611953,-0.11484135411422483,-0.027024263274051094,-0.02891094573798758,-0.06512437713346068,-0.0770201278297554,-0.1482691669560716,-0.08959228089630389,-0.03032138148076793,-0.0099144712600432,0.11895939153900242,0.002157203605204437,0.03592374798890139,-0.09119136545543563,-0.11608194275164299,0.005097948824994905,-0.009146572276375008,-0.007803647454073788
2017-05-19,0.13102237014075896,0.1601019024550984,0.1508396561189601,0.13823364369014607,-0.010249568883635051,-0.11271278682295881,0.3666753570839608,0.2668885795127755,0.33177859000899834,-0.42016318899492844,0.0400087249344795,0.004723129399446634,-0.006901241120658395,-1.0149101835969012e-05,0.1512502479459591,-0.14522088595477728,-0.0939435018981213,0.018616382941314173,0.0751218676480341,-0.07854921673504563,-0.03169225147684988,0.010401969510164984,-0.03055637817385354,0.12711309013562222,0.2433413084340202,0.11198478744057692,-0.20495053737736516,-0.25382565131139806,0.11129468064386924,0.08603925598283532,0.1384516744179516
2017-05-22,0.20011192812483913,0.10872107818268043,0.20109057367099142,0.10332649762368827,-0.07647081657022733,-0.1931643454736554,0.4285791770890007,0.3410264572134428,0.33457433586939694,-0.4084199977344038,0.22615267565114028,0.13183460922272122,-0.04369416362662884,0.20088287325819926,0.18615632142770427,-0.11829077437954567,-0.03599668844654333,0.13038567981618504,0.1530313067853723,0.027580043650147688,0.04693687473601454,-0.0032170340389611474,-0.05332465942777356,0.11737739015267769,0.22689699721277162,0.09562778756947422,-0.24634041031619236,-0.23412409746949842,0.18976477924603485,0.00033294088394209085,0.12123039086010996
2017-05-23,-0.019383683425855447,-0.05061896445021106,-0.0440643720517421,-0.055490335511728314,0.02849812261336268,0.06389353762354101,-0.06419298799336008,-0.044550591880188777,-0.06184050653678771,0.2604303244209826,-0.0194385588026481,-0.21405862536329487,0.04315306391978983,-0.043351625869653236,-0.06643433064594591,-0.03222804141418348,-0.0630363866533241,-0.2878934040005311,0.03481104681090907,0.0688872738871243,0.05510041876858531,0.009813712948811334,0.026031256929018906,-0.011962144619122006,-0.04059013785664989,-0.027643015517480298,0.11489315970662772,0.24231254039726113,-0.012381651731357817,0.03417442082736227,-0.0181918823407835
2017-05-24,0.12141984065845451,0.36541694312711864,0.178486438419164,0.22789568297082588,-0.0008117588115937339,0.0995947753276573,-0.054485865729797335,-0.12284279321043022,-0.06013217546104466,0.025890178328300907,-0.03915162339799394,0.10383472263743229,0.05760748876095994,-0.052559570962787974,-0.19421036807573336,-0.20307763624956604,-0.10326759781242792,-0.04373300992769575,-0.045997044009115626,-0.22471808319751596,-0.14425824938932494,0.02615363924539447,-0.002997612463944065,0.2885524511777239,-0.003028508103424674,0.05279941352771799,0.02618316931383213,-0.04918831004820581,0.1103454038776657,0.013370776526062986,0.007719787022327062
2017-05-25,0.012796943586602133,-0.10917581855183975,-0.010871213416804085,-0.06472163819190785,0.004903159638801964,0.051951442336685916,-0.11197162743872163,-0.0958549989230141,-0.09797492938862712,0.030022165006760672,-0.05960579828474943,-0.16737190262482451,0.005254858043943088,-0.08590396147019928,0.03413375503001801,0.12342141707982579,-0.007631977335043191,-0.1151036428330494,0.027233601283320013,0.1278670539754757,0.06075503331328252,-0.033130818090602,-0.05500706616960953,-0.09580818823839542,-0.07615016791123563,-0.07051439949387822,0.007733951443254326,0.03692431850518657,0.03357410783956291,-0.08030120957118712,-0.05729817137589946
2017-05-26,0.14972171905597345,0.10160450938213879,0.15411664343171266,0.08221082961547256,0.006976669400629085,0.04161546783863199,0.060824891652779024,0.03304704625177385,0.03619780884136401,-0.17306556462854247,-0.01724432014075783,0.006684047358891554,0.05656129875120703,-0.02046719152367006,-0.02703875798206787,-0.011757771996457455,0.08612241921191527,0.05364891229953269,0.08242474194235501,0.030229210066638566,0.015778983573004463,-0.01959451037355868,-0.012848967118153398,0.09561767358213558,-0.0050105178082481,0.06869295783937474,-0.08663107911190915,-0.08148626679014369,0.16625722439230697,-0.06645579523642019,0.01754487660598057
2017-05-31,0.1595228902041084,0.16323380047879502,0.18206668134774714,0.12115092217956953,-0.11768327383583223,-0.27458048761636955,0.44330910381374966,0.4055794412949573,0.37302245747738755,-0.46141707195198584,0.3283459051833684,0.3390105809341793,-0.11838478970284207,0.2795103392780338,0.12873323018267496,-0.18697346363787753,0.06777304318348938,0.4537275055468145,0.09471764075963131,-0.05926480973152512,-0.013071285241462753,0.00707470474223886,-0.034134182403817305,0.15918333762295278,0.19439176100403321,0.0845523007535755,-0.2573488287127958,-0.2889351080013991,0.1538733227479922,0.004743603036414928,0.10687198315496095
2017-06-01,0.0010828626384161864,-0.01605462250419154,-0.018947418737250577,-0.0254677900878234,0.13464301568289844,0.20655434323916452,-0.3060349369784233,-0.2939810158427605,-0.2814929544124434,0.32746568973428797,-0.1955798210268319,-0.0613173542600975,0.18408083866385982,-0.10556160048180008,-0.15947762832263637,0.15380833042235642,-0.09434554957313715,-0.3568154434714298,-0.018448415912028757,0.08254976177101632,0.03536439089802543,0.012829058103776608,0.005733474259771715,-0.052265617461945704,-0.16662359438052077,-0.06404161917125356,0.14643108690328982,0.286881190982352,0.011632561489578369,-0.014712274426634885,-0.07041910590842484
2017-06-02,-0.032965116090618335,-0.039934424872298695,-0.04800729943054437,-0.016363828662526683,0.10919038540596306,0.19094587513106512,-0.3194003320070417,-0.3014375295540074,-0.25696441503054307,0.2239157985715626,-0.19737561133749212,-0.1792862296912874,0.14060147556174804,-0.1538691017713194,-0.17220961892319409,0.1582546223210612,-0.10150270143414077,-0.27157070453374116,-0.03652135325725352,0.056780732020792826,0.019697037720611058,-0.005708613860409824,0.0018472586749398218,-0.11447591198080756,-0.023531642706020983,-0.02195074767419257,0.1139381663059798,0.12897236140484628,-0.03713922362832975,0.056793385688205196,0.0011688325452579753
2017-06-05,0.04712609533212274,0.07611862578296369,0.03823807283296109,0.06964707507086362,0.10340701441164765,0.15197757412435817,-0.22575679860421285,-0.23893879277885235,-0.1998157224963026,0.007423725400293759,-0.12693135233479805,-0.08917832505015613,0.16944872501295424,-0.07481819131934532,-0.15383054707325203,0.06374227294827091,-0.06394894579463997,-0.06368965641505643,0.0014581780233331532,0.00762474867591014,-0.011836367704575254,-0.01962932736927885,-0.02039317577585835,0.043743670618153374,-0.023820309645226415,0.038321819430786844,-0.018774164882097818,-0.023601386908032426,0.04213944413267154,-0.021462250739918413,-0.01098595852426347
2017-06-06,-0.005131036193338072,-0.1570637572452953,-0.055565770589742866,-0.10621892353719277,0.08107918074423856,0.14001874538904635,-0.32940834125644636,-0.28696711334769415,-0.24435894455905974,0.48213824055900417,-0.256824802460851,-0.3439159050785913,0.08785224771846235,-0.24384303693906606,-0.02334529464167364,0.12454093402919471,-0.10173897783416222,-0.47059143854695573,0.0585392433454269,0.1986464072485369,0.10752349451936344,-0.0066224820840318135,0.036707816500447354,-0.19556495038339608,-0.06312310759505457,-0.005577865346773589,0.2898638878304169,0.232762040473754,-0.007964355426666018,0.027942173508974193,-0.006824806580560959
2017-06-07,0.06419934488350688,0.010655599731725805,0.07295520157667268,0.05424249990782962,-0.01693975389273637,-0.05300610677179606,0.1201486043443496,0.12509503359333124,0.13941703892007112,-0.1643674797999954,0.035066555115394644,-0.08692312601490071,0.01467877891121521,0.0038034472266774066,0.0747719732784681,-0.03733619325934339,-0.06839241163760988,0.05528234203624666,0.04300857539684768,0.0012257814169777442,-0.009803264617969354,0.012236904410058974,-0.023088816197010927,-0.0030457473840731757,0.09652313301004975,0.02471064743031533,-0.026326430879995467,-0.10603014857408882,0.05400671974152902,0.0108081590700677,0.07635941878161508
2017-06-08,0.053923334052530164,0.015044153752241302,0.049788298632995436,0.03237642807535968,0.03454343555952566,0.06169546133173683,-0.05787374389463607,-0.04314834968532966,-0.0031129143812185303,-0.06902327146345559,-0.04061468615675814,-0.05907401063860878,0.07322287718048112,0.0184691001609892,-0.08624786712232968,0.048273383565754516,-0.007058747136031642,-0.06794470342067524,0.06364705072337497,0.042458225896091065,0.02507169395724499,-0.033168762692414214,-0.03372945800976739,0.056081868993937405,0.00779884628262944,-0.024618572760141143,-0.045200352456010846,0.0061907270698671,0.057068292135796686,-0.050397596560027784,0.012646240966254912
2017-06-09,0.1378020541113114,0.1251483921599857,0.1579087381615691,0.1227917930230092,-0.05643485194654282,-0.17649421125788253,0.3549100890027307,0.40370914749771974,0.3690047089340574,-0.387978935035768,0.26486615885424786,-0.09994930740616634,-0.03366496371420118,0.10540794930821017,0.13444756034342167,-0.18846673763795077,-0.009780291176818064,0.016086924300690662,0.07996074749968889,-0.05085607977195012,-0.01508383895027605,0.015324288607731464,-0.036833272299649555,0.13959364623710693,0.19317503470899317,0.073161772217283,-0.17013638524617242,-0.2293886555660687,0.12686469602411546,0.023729707120370255,0.10618165463488768
2017-06-12,-0.051090420530884195,-0.08103743870902808,-0.08666357669970515,-0.058622211257756185,0.15638202239455917,0.2923444078358658,-0.42010211385943985,-0.4698951012557387,-0.4227883941578439,0.36395670862881463,-0.3338618695835572,-0.20190467065272777,0.11533182684327381,-0.29967549506468466,-0.23207742825070082,0.20528991728537133,-0.04180500324303057,-0.25654804964910954,-0.013101488230864695,0.10822132757079825,0.03491324502983686,0.010902939653904221,0.08003643956921529,-0.11555612715784296,-0.17315507065419952,-0.014609159180728403,0.18570371291852603,0.29656300145335657,-0.05587360264811264,0.015930448314876677,-0.07491516658038398
2017-06-13,-0.15080032832961748,-0.0005156123353123301,-0.13103350964902577,-0.027673044297620717,0.13284533948903696,0.261415904904604,-0.36263547290285486,-0.38829368636126027,-0.32274451623640804,-0.018868381521336748,-0.19390458090808732,-0.09560838821694292,0.08012672206508703,-0.11247919750058682,-0.2930425691085171,0.18157777837842964,-0.00029891784009350247,-0.12415232274689306,-0.14436584112608178,-0.106173736557279,-0.05268324612515138,-0.007244571349116699,0.018455633055254186,-0.02760740971503353,-0.15820207961715746,-0.028727434754847597,-0.0014382139346111975,0.1341162165544178,-0.15072054077447217,-0.015341796271107143,-0.12153378107172694
2017-06-14,-0.06649265808510482,-0.10119099249557549,-0.11338121717300559,-0.11834786786369506,0.14281281142918098,0.31611533395847524,-0.388791555658564,-0.46777033757500797,-0.41061708720558926,0.26339734252712443,-0.30135587779013545,-0.2212436825744515,0.19355451312861321,-0.04666007360822898,-0.24892780167758666,0.2693239879222914,-0.003888472879597684,-0.23529919502336294,-0.04685439172080774,0.10899968725848878,0.061803548488840114,-0.0175466595678852,0.012330083078228964,-0.14758976303137028,-0.14369360299913453,-0.04196948997499038,0.08989369651823188,0.2107916076340491,-0.055216673290177626,-0.006267643802887445,-0.06210173711520739
2017-06-15,-0.04740153033945157,0.030534554362694977,-0.03152449331960344,0.0142028970201264,0.053800969411839976,0.0505811665970823,-0.019882411005006782,0.08360673076441419,0.07833540959847286,-0.12142068961458206,-0.09628528084986394,-0.16136777765740085,0.1119889190214155,-0.11387761619895989,-0.039068281178483176,-0.036790289673884494,-0.07050791527956372,-0.04905621209846538,-0.06426969187453448,-0.09130804937344628,-0.06493514665599841,0.04030349133481903,0.03491249524807327,0.030719439567602633,0.042204468481812744,-0.04409685245218155,-0.06052574348005264,-0.05679457799644959,-0.06111236967743455,0.038918336037488614,0.003618626015309874
2017-06-16,0.10655617425944656,0.181165056185829,0.11615511019133679,0.14340859688681548,0.033143432624593,0.0685297377266181,-0.17226798449521763,-0.11099577847694266,-0.041387228811233474,-0.002255604259655993,-0.02323703205273396,-0.035566200038182526,0.032808817837296125,0.030531226194851574,-0.12346387602769678,-0.0031339974106534643,-0.0583430702532865,-0.012262387220954381,0.03862169381508974,-0.04797354543730713,-0.06697428634744793,0.03448954994912524,0.04415316767199154,0.09965508152169902,0.06116588354425189,0.0649465447254286,-0.008762234765045448,-0.023998968119957945,0.08760846341795193,0.009445945582273766,0.042983770889096794
2017-06-19,0.00037231501965662254,0.04556980331208052,0.024423225178692876,0.0866108922272351,0.05747912278284937,0.050471284318955374,-0.03348904591196833,0.05717447737027815,0.060627353793501516,-0.0698929793970616,-0.08126886611521443,-0.1567128588761204,0.05058635422411233,-0.10409349842832948,-0.047075170523868136,-0.03852068199466732,-0.05985762205880105,-0.06680665295644575,-0.05228590651935458,-0.07647322847664739,-0.09108836774497726,0.0023746013109047096,0.00761702247099205,0.045589049110248,0.09499461599386617,-0.010405619006168482,-0.0385260469380104,-0.04034273971150599,-0.0027165728046195554,0.06791604632120314,0.04633163333682394
2017-06-20,0.11767299846206952,0.05803173233191599,0.10622321691296535,0.10291452076357158,-0.014612400959193613,-0.09128496295915477,0.07523883059347151,0.16896457565134618,0.17376595901171143,-0.08468284316341025,-0.07138531370592055,-0.15882482940297785,0.15781130073713673,-0.044345689391216,0.08165512902952304,-0.07447901485720738,-0.018777632130130627,0.01440503687380278,0.12298882262322454,0.031069595693495697,-0.019659171306705754,0.02029056697580099,0.0012464827911912787,0.0807227824884295,0.08377092459242544,0.050575495601486886,-0.010300229510203322,-0.1348332778839124,0.09891210264586359,-0.015595732847402176,0.04019007503296474
2017-06-21,0.18802277033465623,0.15930340412272664,0.1997613481972766,0.11721163994631574,0.014110469969113628,0.04429956051026743,0.1276605941135888,0.27610446978676007,0.2015630730808088,-0.49174569920773276,0.050593138583067555,-0.08946538284670662,0.07398662940357134,0.07632286780023241,0.03353832214769942,-0.034091185791657895,-0.08277546265825914,0.05423251769568064,0.12162525811457872,-0.024896380486189036,-0.009232902373205348,0.04612181687633711,-0.030875173283657784,0.1502711127673534,0.16821642794301453,0.07012911443337887,-0.2993874418051475,-0.26136804668741803,0.18961626869668782,-0.002728787866415588,0.10800335841058031
2017-06-22,0.05492399042462123,0.004712072687707832,0.024472790000777622,0.03474336412147214,-0.01265930103434511,-0.13038098174409835,0.10221520247806218,0.07471179468465672,0.1041460946416218,-0.04501077110299946,0.11714368522129791,0.12186431147658307,-0.05541922996647819,0.0891066527093818,0.03272653719039187,-0.04977742424954492,-0.0731906959245529,0.0027999429501311076,0.09744086072918345,0.0334399770656171,-0.008016127206085065,0.03795499231474836,0.02051279774272327,0.013600190103121296,0.06597813920144338,0.021524125516726507,0.01914078933190969,-0.008796387544524071,0.029628199388306242,0.044855977986331945,0.0530026281399065
2017-06-23,0.17730781705114496,0.1492516724365849,0.15294743829658286,0.14579364109023843,0.05806086429016891,0.011706779700027039,-0.062385337583683115,-0.07725244757778138,-0.021425237124002856,0.14374243131003814,0.08297381901951051,-0.0453845728419674,0.13583548080475846,-0.060264083273847364,-0.11056899122965698,0.007333860781743494,-0.09391949391975887,-0.11840712275663315,0.12532683930991823,0.0719203483286595,0.013408870271537844,0.05875480812910909,0.04956748162286297,0.06635724609549357,0.08408253299858613,0.09290670592537974,0.010024624742430127,0.05561575098143775,0.14216105410581034,0.058646768463072936,0.08756222615284691
2017-06-26,-0.006059057971226883,0.04470942600402464,0.007322701388901486,0.0518477127325458,0.048414131685636005,0.08116764843484536,-0.13167189517760763,-0.11345466683907436,-0.08039574590941179,-0.08251602733478659,-0.012568065588628986,-0.14116639779274578,0.12958400474782633,-0.06724468769458165,-0.11368868441462891,0.05802952385357181,0.022116443162148853,-0.06866033557716616,0.012412816668901564,-0.029327603064237883,-0.04436179998204625,0.03176672931767325,0.029204769198991995,0.04146642024605471,-0.02096182397417813,-0.013457852357493917,-0.07660158150294812,-0.030491396606906206,-0.012818257738474502,-0.052869001933998,-0.023233018892569044
2017-06-27,0.054764349070511684,0.15105829896072653,0.09465530908181437,0.12524748420776574,0.04440336586675787,-0.05154958712304598,0.1506558280779782,0.20285622893866795,0.16592450455711688,-0.2575940628254521,0.1455227586830231,0.13936421802581023,-0.014031466264379094,0.1601884495927817,-0.037909145420425304,-0.12165993270630261,-0.04882446951769289,0.016243216409622407,-0.0003289092834492388,-0.11745353875377214,-0.11267211479752562,0.041705845170350024,0.031341892722860434,0.1301527284791589,0.06489172116237714,0.009128637892977388,-0.1512045259910536,-0.14410264739521372,0.026072766820945423,0.03169427066060157,0.04768285528030985
2017-06-28,0.09385151526664907,0.07572367366804857,0.0654221108424429,0.09115865700390074,0.07466644222392835,0.09461793636069275,-0.1024974445977267,-0.07645140445003784,-0.053908114986932015,0.06385240612973958,-0.021462782732123913,-0.07900269526928543,0.14893411980361942,-0.07233744030900327,-0.18974948104819683,0.020291873788140135,-0.07605164457852646,-0.1214699131311757,0.06201445096031149,0.04691941498808464,0.0027615426112398487,0.02580032949047022,0.04051689667870146,0.04214133572556612,0.009239980219799637,0.022754929393405753,-0.03509874393685919,0.09157405943676994,0.07185715862266458,0.02782185257743258,0.0008699952527791268
2017-06-29,0.07242066944079344,-0.09080176565391482,0.026663448000677468,0.00447087414077186,0.03539945059523386,0.08013571519144251,-0.08881764588205701,-0.08470851102307951,-0.0608532318977199,-0.09330179761717372,-0.05910426905827183,-0.06995839115207661,0.0717053359625812,-0.10568316529307484,-0.08172958191175422,0.2193184507751092,-0.053164784060927235,-0.0576073789561256,0.1530276459030572,0.17330527977429455,0.06421108808209605,0.029674858202686692,0.00642089565044334,-0.12324488116358538,0.011604166403845406,0.010755575391290968,-0.15028687961006737,0.02993880342343044,0.06746623716833086,-0.03232721662572828,-0.02530120640905048
2017-06-30,-0.008023994811866057,0.046730765683116175,-0.011872436134927129,0.02983143467957927,0.15554435499755967,0.1566353403951656,-0.24698866410037099,-0.22233815076666164,-0.20114816151704074,0.16680388037916866,-0.1090709050780713,-0.07186501843650163,0.17169507494283226,-0.08786816427011376,-0.20689577772136986,0.08507223120455823,-0.08562050373368409,-0.12909810984216613,-0.02188945439034412,0.017373740040382526,0.0012080147906446356,0.028163458017459116,0.0260727646505501,-0.0018565074209230621,-0.08173118421990624,-0.006099477346059381,0.1201644486634485,0.15310752736180114,-0.026849401413490778,0.09252404480256997,0.005322436481966512
2017-07-03,-0.167449743606558,-0.08269016176603532,-0.15904424508749032,-0.07623970522194715,0.021697895691158094,0.10617088476101087,-0.12276660596841008,-0.10949534453519677,-0.11942559416352613,-0.0227651150998712,-0.1227987114562378,-0.11315543616265875,0.024107851318013226,-0.051937466000378275,-0.0488261777563506,0.049586276556581016,0.009346037253542862,-0.09307667909602169,-0.12733606259648747,-0.07320998513226759,-0.027492089636709873,-0.0016957816516426183,-0.011489630122439838,-0.03784197219297595,-0.03662320946630728,-0.07253306647996087,-0.02400240481283942,0.05887150110655256,-0.15326333306686907,0.005754954763939426,-0.07152918026477662
2017-07-04,0.0750982989155682,-0.006131758349988614,0.05759611816804322,0.036588713814437616,0.029275851184890858,0.004989498774127364,-0.05139307199150231,-0.11428891391542463,-0.07029337971644359,0.23265999261408984,-0.03212874905484634,-0.05672672992725825,0.10681501235298457,-0.01746060377756265,-0.06826681256024844,0.010338611381579746,-0.057100454894154176,-0.11839977613785174,0.0953410345035656,0.11676281848308996,0.029609295083928563,0.02955572332906331,0.051556804329116815,0.04281170906037914,-0.03786385926578742,-0.0004271199559810012,0.052754221343927585,0.13066606261298014,0.06926621405124249,0.014624140472590898,-0.015728231271069017
2017-07-05,-0.022561073168359314,0.0042810350748537975,-0.0068769595456042686,0.042629006053818363,0.06899882100254266,-0.03564936093418109,0.02683711615258162,-0.028059872157748494,0.01491665876681051,-0.026362978786011022,0.15143601132986728,0.11568381762657691,-0.021233581519701044,0.15647328477757214,-0.07710455151822317,-0.007262818401154035,-0.02112974632008174,0.01620256937983118,-0.0005238913033308441,-0.025642007016188646,-0.08954863220469687,0.09097185952878153,0.0726878813286649,0.04842584613247731,-0.039668018374461954,-0.058835875148209586,-0.042310288040523884,0.05224024976379112,-0.05366277153470868,0.027663129046157333,-0.03276426352420166
2017-07-06,-0.0057742517971407364,0.024082250990226168,-0.00587930778416503,-0.0015018851495173212,0.08049824611015496,0.08131078203478416,-0.12203464446760179,-0.13991027443167608,-0.1547433107846999,0.06726993865187017,0.12084580260543677,0.1532996085344823,0.012539666459415294,0.12560182355873098,-0.16764573167027175,0.10986753419335944,0.03617162791662773,0.033452511878016754,0.011731513279573808,0.027034613676253354,-0.026011907120162686,0.046258910056591385,0.07652708328470151,-0.011725225551930804,-0.15132630989000484,-0.02868684727882086,-0.08876744570854984,0.20003032713980512,-0.029073496135251096,0.013758328001123402,-0.0818034947390201
2017-07-07,0.05969781907537057,0.31437756982974613,0.13704341838811646,0.24170591560787907,-0.0035352312613963197,-0.05417571671383158,0.08689330083499447,0.018001336361215876,0.07828005790083224,-0.22910687078015504,0.019269452599309535,-0.132931759465022,0.112784541106957,-0.12152717896559048,-0.06931057292165257,-0.17823284776262063,-0.025362321585615015,0.011388694169127425,-0.10211973146496892,-0.2695352172655747,-0.20777979526061174,0.05394481985513429,0.04646798291886139,0.24214258020322396,0.08814236594543384,-0.007998627062499621,-0.09434727230369787,-0.20736288476426967,0.03349358864886846,0.030799249775904838,0.0203290106180827
2017-07-10,0.08539684975658533,0.09324169373194892,0.10224580287313849,0.07857630235204849,-0.019675510989025886,0.05894294554585733,-0.009359253749462662,0.0918442997215865,0.10636996590617791,-0.35104263598700153,-0.09196714355307682,-0.16750299304044458,0.08060068315309155,-0.1029960730056041,0.04084020570538272,0.020230101833681208,-0.005657292828144308,-0.038017847077275804,0.031738996714404624,-0.05000780646613051,-0.0012598106136053372,-0.018058326374807223,-0.05705243251113606,0.06981052221702523,0.07933432989832893,0.02000455609724231,-0.16679515474676404,-0.21746453822276166,0.10357614220096735,-0.06998070650574886,0.015189260304229114
2017-07-11,0.0022877184715620084,-0.1515295213026513,-0.041325551866200017,-0.08342164760826166,0.02365634143928174,-0.10711726193663225,0.054818686302605946,0.17286326819586162,0.1503474289401336,0.15050720024724307,0.020474983280745575,-0.020046608585504715,-0.05322229986182355,-0.049258583324308346,0.06349942010125621,-0.07543721720827214,-0.07482242265193009,-0.14544559900113696,0.11957211569212985,0.1259707985285534,0.05667969230892156,0.07898600902360883,0.08830575812364769,-0.04645055329216547,-0.014215420785646736,-0.03538214243523344,0.07015587292318672,0.13924334509622757,-0.033796541733605745,0.07165274599467955,-0.00024005553235028395
2017-07-12,0.06648957134665519,0.3047622427586026,0.1357782110650792,0.2048828673084861,-0.030158398034016206,-0.04034906478973907,0.1326396187568148,-0.017666868830983392,-0.00018484841111863693,-0.21662528407055473,0.12758780000177775,0.11988861910991812,0.059259367170253215,0.05572106048736531,-0.07980933766082395,-0.14627851045586024,-0.01584079851409062,0.09494915774914678,-0.06584119193664911,-0.24171608484732104,-0.16821174136861086,0.05475201361830602,0.01611495323752599,0.24107859008469662,0.06574615557758973,0.00710613406566451,-0.15343002375380826,-0.18033789197653244,0.04724679292950238,0.002080063859819877,0.0019414156567116195
2017-07-13,0.12264944582096889,0.13248806429484036,0.11153010911835481,0.11092245029461983,-0.03583796641753127,-0.05566262933903276,0.11129367935702965,0.11365834523369751,0.14918755718823,-0.2283990523537421,0.031297391105568874,-0.008332009290860764,0.13680602062947983,-0.008635637089758194,0.03054522487051924,-0.04848447046836061,-0.07278572999401091,-0.019976876284437464,0.10399452610900545,-0.035123205017907076,-0.03096315322546512,0.04880110891434399,0.04830336986672363,0.09853345737526711,0.10746728124623861,0.04857185157703631,-0.08033358628939197,-0.11763697305457121,0.10107558361028865,0.02783408001526257,0.08882708677526316
2017-07-14,0.17288854776889473,0.2038413947996528,0.2053495543490527,0.17761203146243648,-0.11845142046625232,-0.24299588388533847,0.4134116107286493,0.35169303107368305,0.36189088605960074,-0.47759465314001576,0.3543250970858015,0.46144288526229116,0.1284939311732202,0.2842350858747641,0.16224634495109355,-0.15999636197238,-0.16883813381284532,0.30121403155138415,0.10207035688623634,-0.11097752450228358,-0.09042011390068581,0.0644070032965377,0.015069339229559744,0.1687840166759501,0.21877553663713584,0.04754298409545837,-0.26758444348265925,-0.32402380406207376,0.14464622332939922,0.06243625457731373,0.1362866596067051
2017-07-17,0.017018493488370062,0.1441184132521154,0.040243298749617414,0.15835117857776435,0.025903366771950147,-0.0773340403546537,0.11426235317772784,0.024754600777488606,-0.0016624723772924062,0.22654538875699767,0.14989761524366169,0.04392260079315859,0.06638804022739116,0.08969264552254023,-0.03265500347034686,-0.18828672246145578,0.02945702985196928,-0.18629801793122144,0.015861329651086258,-0.10005566230887597,-0.1403302658059598,0.07225853821857797,0.06324689367444587,0.16652317079669818,-0.06348968862516333,-0.03617960847292007,0.15900060204222424,0.05985677449329899,-0.03316290676870265,0.04708434718643291,-0.04091412725575449
2017-07-18,0.12325839586753098,0.2951894864997734,0.17756037774395292,0.2670605782259811,-0.08987321206291622,-0.21792893907929797,0.2778823308299407,0.1379744873716911,0.1120179779395539,0.16355725590789216,0.27362662055029374,0.2586568038993825,0.12844719648644268,0.09680401722400657,-0.05468017136456121,-0.28964950069711065,0.019443638309753614,0.05704628325875894,0.05581807349899881,-0.1476572806168512,-0.20706117466065943,0.12240190271684086,0.12081435563055683,0.30672037392649004,0.06680055377039258,0.028330200738383174,0.06739577726318007,-0.03808867855407532,0.07162186710202682,0.05694237269878905,0.033460230678289314
2017-07-19,0.034413754100035394,0.11244672695550745,0.08188805824855029,0.11139828476473385,-0.019948007658171223,0.0063130085348368425,0.055698774644872814,-0.03254314909929724,-0.017593228669725246,-0.09872014852907374,0.04812308769544344,0.06707246502605772,0.06500145971862602,0.03183194394355095,-0.06362202625776822,-0.0490665930913012,-0.0006225257416394554,0.018982808351088863,-0.032348893291936916,-0.09116352201652511,-0.07991403453713218,-0.02663458166498465,-0.0476164786436274,0.0670702220212354,0.0388958598807946,0.03869887723034341,0.004132634676162333,-0.09152610578388479,0.03975734531624971,-0.0016516417268727754,0.030344690092675743
2017-07-20,0.04437309944594445,0.16569655180845388,0.05321601474677748,0.13339291469912665,-0.0030163178273699786,-0.023074874128770743,0.0832947761804697,0.07210564786533649,0.056128503426482956,-0.09058534893035103,0.1115468075487138,0.09638802295486731,-0.006485082197633011,0.11362054720640696,-0.1508786371640425,-0.1005978661044125,-0.03021857962733292,0.026500667827303315,0.005385544157752289,-0.08211836268692352,-0.053268067476545666,0.034452200474402075,-0.025796914263355075,0.11098755612542603,0.08744855085037591,0.010065019217403923,-0.12508703507395066,-0.04391481484634622,0.017476276760074117,0.07467210720950529,0.07849453889795599
2017-07-21,0.10944259699080075,0.06289744666171952,0.10408110006095488,0.0529386754939734,0.04436885420504342,0.02944711722662128,-0.025493861642629928,-0.0784012692301145,-0.038159163906459286,0.11482637990112683,-0.007103386848828688,-0.06445182161253346,0.04028450350670958,-0.016797354724153103,-0.1413428246392811,0.03221589685561789,-0.07526546279922772,-0.11940640782999402,0.10908599272542709,0.08955071016980337,0.04021857732939303,0.03136515702806659,0.00954175380148812,0.025529062118080117,-0.005873700870919517,0.03761157603815497,-0.015902708814220647,0.1349905155380811,0.10208785612378961,-0.020538886554439306,0.012127022523191495
2017-07-24,-0.08741763227522438,-0.07558696961373591,-0.08902380528517669,-0.0640644920827402,0.09569019285944459,0.16085216008510808,-0.15843113921720717,-0.11953377595663708,-0.1390249363416064,-0.0627123876514902,-0.22210142024224266,-0.19750274419116132,0.08635102125315196,-0.2095224861064875,0.0069324556795175305,0.1454100366964227,-0.05938066689063614,-0.1741880558650048,-0.038854503001049034,0.015421832228035403,0.06335580438117418,-0.03950859605949645,-0.02203464299262569,-0.0962845299819692,-0.08407386958831692,-0.021416532911013867,-0.03686123501483576,0.01873941529461716,-0.07972443163826783,-0.024443214360560583,-0.051787594230666
2017-07-25,-0.03427452421157544,0.09933370540231866,-0.02778528526864085,0.04611845544456788,0.009562854881392562,-0.06159357482202649,0.14632206816026144,0.11655388018819693,0.020314808062544033,-0.020785208138777957,0.1674833165135602,0.08800770980278244,-0.05940528863170215,0.012592282958877167,-0.1072931891777713,-0.13241782915186648,-0.0635619105428904,0.06187479346578267,-0.056899995840442974,-0.11268133532098734,-0.10174229104333109,0.03591730022292154,0.010179663093750905,0.07891455781337503,-0.035878043062657516,-0.04522710889985031,-0.05432764733267436,0.02436737786364164,-0.0634416440867742,0.007363888530306292,-0.022349432946352207
2017-07-26,-0.024132461174951787,-0.16171613309624092,-0.1041528276134644,-0.20091195178049845,0.23692058860718257,0.45672289961088164,-0.47936150665813737,-0.4944395744544679,-0.4039827119434496,0.11513865633013268,-0.45543306822754176,-0.21549358992597842,0.1497626258397612,-0.11704009227815737,-0.16189843083086566,0.3976643061839332,-0.04623012512580766,-0.35294749207357423,-0.014393597941829997,0.2195810723815471,0.2475854002501315,-0.06303846788136,-0.06675091272054158,-0.26599107505559566,-0.07852100588347191,0.0600827517107991,0.10599988647240845,0.21653081732809726,0.019736233553054584,-0.014120713676560833,-0.014806094923343406
2017-07-27,0.06779960289797438,0.12856597795954705,0.114567896368783,0.1547629155100978,-0.023171771995948005,-0.13774884860451847,0.1913075089083525,0.29080386709885925,0.22138282878517232,-0.1350403880886468,0.09272202022048896,-0.3023805621268323,0.19774422177796125,-0.2926009839867568,0.05037854003756335,-0.1900545438206903,-0.093681901415857,0.03245883256037649,0.041851763560199706,-0.07689919392676839,-0.10872131085984671,0.0020717314392738966,0.016438244041505002,0.14153502019474995,0.13447065954259324,0.016868860005191937,-0.11014838029017711,-0.16931512941712187,0.03706462397064641,0.061689749377161804,0.07782290136658367
2017-07-28,0.08804080606588965,0.18393407310806523,0.11241630564338509,0.16151962406488274,-0.027519726980267993,-0.18134506286731816,0.26673371557133,0.2407487486353298,0.1634752418115469,0.11990684864141944,0.24340654094873806,-0.05549554238974082,0.030243784886772537,-0.05553383974168278,-0.04095433595357827,-0.19822893719726778,-0.09853973446698626,0.0315150997321393,0.07150215681435332,-0.059187178438652205,-0.07389604771417412,0.09083184179444515,0.08603541137547793,0.1421799342217238,0.0481818204054411,-0.003089233252664176,-0.029322946662838103,0.0027882833457262327,0.037970873891179,0.07558846926108911,0.05826132420722587
2017-07-31,0.03280234244260395,0.03941473006350548,0.04909375990199203,-0.04600351180807777,0.026110778467422237,0.2083892854441434,-0.26398755790163175,-0.1967912382829654,-0.0880846596209889,-0.09552588190405772,-0.24788385815998112,-0.2197037621805739,0.054418467207909826,-0.1451672858549473,-0.003623377155435962,0.04091635285298122,-0.033740861520803495,-0.18770314298385313,-0.05060209263666602,-0.016342897096588614,0.06394480158640381,-0.05253480632099593,-0.07838591630224266,0.06409343549378042,-0.02213370204675256,0.01707279231422993,0.04280978336047437,0.019676162035577354,0.07556121377308751,-0.06796870711729383,-0.02952227440433146
2017-08-01,0.004676956980741841,0.09847863081988698,0.06561949023488911,0.02485506102912335,-0.026143817764014456,-0.0809651750979341,0.0629678447047777,0.17149508744469505,0.21920744985841206,-0.21854509874419795,0.12451231806073038,0.027038130069699056,-0.012178169675633618,0.12988876272896013,-0.004718381633158773,-0.16115095845429303,-0.07832874188342039,-0.036339734237622746,-0.03512600476040533,-0.13049873575779208,-0.038632339806229495,0.008014486061040889,0.006968713326344625,0.1422317775429228,0.06522590708514263,-0.02504927204027152,-0.13105880406021536,-0.12739190751323037,0.0016551224567171172,0.019910038843196715,-0.006590634722563472
2017-08-02,-0.08458749721590286,-0.015159141848247206,-0.08820754300177772,-0.03213766796257475,0.1688129519531499,0.2026651685395271,-0.23082926788277536,-0.26314986488466924,-0.276245432553859,0.12010052332582563,-0.15761436129068396,-0.07593640005380793,0.007884864034634242,-0.14815882539591824,-0.19104655238404206,0.11668998838433563,0.022060926100291863,-0.13649327244498255,-0.07549151079248768,0.0005956061707833214,0.0054439992880135095,0.02738325378188425,0.061912033401730494,-0.09425010522446815,-0.13353453733845372,-0.05035372294553814,0.03902767571140981,0.20481069513783967,-0.0885859309810809,0.01518403413889123,-0.11242224838157504
2017-08-03,-0.052810015050083065,0.1295811651119302,-0.013505371200238746,0.07011909199636744,0.04924125343807986,0.14219794857285722,-0.018294662941763306,-0.028748574159588387,-0.12071077152726409,-0.243273556962573,-0.08079104193993307,-0.15608653718935422,0.0907588843742289,-0.18358189348979417,-0.11257318125356744,-0.0189502800905471,0.047886699872229974,-0.04316465397592251,-0.11970049908220941,-0.1626092146201781,-0.11659936617493916,-0.00924117151989472,-0.011935194463895335,0.09794904764074336,0.0006360471240370141,-0.05458770464662899,-0.18633131115847346,-0.101464223411093,-0.05169274195659496,-0.013267456299694856,-0.021112094340170855
2017-08-04,0.05163386446185541,0.037536660089508164,0.06123233351609921,0.06859042961146934,0.054273396022980216,-0.039652793776828656,0.03018712527129164,0.02740147676991959,0.03242970967117041,0.14934915879248745,0.03478627208996014,-0.05806668318193201,0.0877132782679435,-0.05733839295081025,-0.08910764684803667,-0.05556382513090037,-0.055415332439728744,-0.08541235846845431,0.0725090053505061,0.053273702813943134,0.01064113131229168,0.03403054883439525,0.06536299393987571,0.04211574908287585,0.018219026241446723,0.002124279167652084,0.06070740202241074,0.03679273305758014,0.024940030444337354,0.059658490927006425,0.030749489760419926
2017-08-07,-0.045962976230551025,-0.0296815573253894,-0.07570943578923522,-0.0936155157389164,0.0702116483267436,0.15415556990552343,-0.13469919995120644,-0.143660715532104,-0.12480726481441583,-0.043655372629179894,-0.05144017580310918,-0.045552406487441674,0.06587658572941402,-0.041003253538609806,-0.04589273032177153,0.04504082135355729,-0.07180338474272074,-0.10009437140474084,-0.07540124451379354,-0.002007685871532482,0.0790708077345377,-0.0014583166736080143,-0.04623743256018723,-0.06325188428713241,-0.00015069740438544222,0.003413159644552312,0.04361256568243111,0.04204519441427949,-0.026317719494135014,-0.009145204932829273,0.012528018620569896
2017-08-08,0.022583696966499443,0.02084722202731159,0.03161446846831469,0.09186373889536315,0.05676114678489962,-0.01347009603363814,0.005039722706781345,0.03722252276206657,0.06696876289435187,-0.01882869811998545,-0.0681393623614153,-0.1105217921048529,0.1626912827205285,-0.01773670879524731,-0.07226552654976527,-0.01010493164413429,-0.07753218498057884,-0.024732920556138342,0.04461198646345717,0.03356893081290139,0.0021957093014544375,0.03202780197746177,0.03600390904849941,-0.007494941628310789,0.04802870568867059,0.02059569185330868,-0.03290295931908214,-0.023166030110308274,-0.009477666942951185,0.08805858166591245,0.03522547189163543
2017-08-09,0.027474174606143757,0.010650347154861654,0.04915241600695134,-0.007258576360438262,-0.034360740856778975,0.01148181992263824,0.06389469832814368,0.06896557209468228,0.08381388161745704,-0.25661601524785893,-0.02856823523133975,-0.03671905393942344,-0.06200769838616803,-0.020153202095416545,0.0477089808880641,-0.023232462740867228,-0.0806278795844271,0.03054610234814009,-0.026596327508317807,-0.02945213729185733,0.009664288466980274,-0.029116317818301138,-0.07156426306336783,0.048662398451408385,0.07753553287200494,0.008699189528078818,-0.14242127159715795,-0.15232107203930634,0.04456665897025977,0.011021134681254088,0.04599290709252256
2017-08-10,-0.07427901979697225,-0.19100652983588814,-0.12210737238925067,-0.17881504124672182,0.07006518132149635,0.22788025565929382,-0.2851987363574556,-0.27937005854603414,-0.0794904134093087,-0.3155241627801234,-0.1933073399313855,-0.09486725631182963,-0.0007814404783510277,-0.1020942786148231,0.11428810402301108,0.2705646576392684,-0.011556404942874885,-0.1025940541643843,-0.05710927288899644,0.08995059519216539,0.12630075543687636,-0.06339338952567235,-0.10936625736471989,-0.2300884268704443,-0.0015587246452932085,-0.026827393678584634,-0.11269144605003466,0.004169835621139379,-0.034395959041386606,-0.042377326030195846,-0.010686578076953413
2017-08-11,-0.01126796823319452,-0.0633194935180878,-0.06894996471236328,-0.09180611241764947,0.07793492127680327,0.0860544719057442,-0.18288190757500836,-0.1957330991617649,-0.09692709086721453,0.2725724682875837,0.027707537018150447,-0.06173422671199032,0.12482653036601775,-0.04885488182666166,-0.07141614877156999,0.0872035537090373,-0.14095822332666963,-0.26155601999463357,0.03794855594075667,0.13327235896181402,0.1391646798725297,0.014440553730762444,0.02116883725629635,-0.10600090656931681,0.05176094623907823,0.07389297668780445,0.20700855216221428,0.21483908614024044,0.001995219060763597,0.10577562307029446,0.10032888782710456
2017-08-14,0.015901320817507267,-0.09786382868140145,-0.020624134966968143,-0.05259331831059291,0.08059839617238482,0.12775143871503203,-0.22159278297064347,-0.2156288051778922,-0.14656976240158043,0.06306538842299524,-0.15099227309961677,-0.14624299966392573,0.13108628866789582,-0.05319291662096715,0.0645609775645839,0.12590074207049715,0.07706801390568596,-0.22965043457754358,0.051591923749262296,0.10658465325147383,0.06633236323515417,-0.03817444530483308,-0.028960677955355334,-0.06091641181980288,-0.05760721004863181,-0.030236476094326663,0.09151677355201228,0.09007216397926252,0.017993962234214542,-0.04978699928784705,-0.028662115100658313
2017-08-15,-0.06117489443807211,-0.17194997975271079,-0.11680570806295912,-0.17835009026712034,0.12282184357500835,0.3556836849088108,-0.38604025605943076,-0.39101441372741186,-0.34880977926741663,-0.03158768095450565,0.0349362307441036,-0.039210754049691154,0.16565383832317998,0.17575775449522082,0.0006782769079857105,0.33666116492296033,0.0007636191653201327,-0.15082656238672934,-0.01738702494113605,0.15443234765731878,0.175151636178778,0.006793628907730103,-0.035293744710526785,-0.18757692585083502,-0.08935533507019223,-0.013368321273298898,-0.0239791222643739,0.1985998602010292,-0.019327204192321954,-0.06345042556192718,-0.06455680941439948
2017-08-16,-0.051321930438758843,0.17166519661921542,-0.007003399695068945,0.1279674152434959,0.015195721719003175,0.050343429296522225,-0.02675274395025762,-0.01697986237099793,-0.12822330911099894,0.12130156792633234,-0.08725387282777501,-0.20068507138147781,0.05374510086898305,-0.09279401929866622,-0.09893918811837797,-0.13093229064904394,-0.029789035932230694,-0.14895608265063387,-0.1326132179246677,-0.17771640738197503,-0.12512325700788973,0.049378937082650745,0.03871287705633448,0.13473912203393515,-0.015568293683543387,-0.029272083183574188,0.11729019718671178,0.06468484370651016,-0.06405668152027943,0.045175055463175434,-0.01991194127364012
2017-08-17,0.05614013515935347,0.1362213430031373,0.10738982120554597,0.1438822861586221,0.02613126754754226,0.07264889505678179,-0.06604818623912181,-0.05526769372147985,0.03269700074343721,-0.24162665669255015,-0.1363480200981021,-0.1818571548409308,0.04252033116328433,-0.03634926800209621,0.045204997512738,0.00726824830636204,0.0329506526887408,-0.0031495360903767704,-0.02878943290074252,-0.11532200051411744,-0.11174442830154364,0.05524170060723477,0.005186394490082871,0.09597318299427464,0.005333822198270813,-0.009395103514298168,-0.10921422716057312,-0.16090882660095532,0.05470916467851279,-0.049637684263228794,-0.020209478264349042
2017-08-18,0.027472285979723125,-0.030324167597753412,-0.00019457204611840115,0.023669375490964106,0.053960861361719875,0.004324201316704412,-0.04631290353699453,-0.03654856603342458,-0.09188974665037523,0.1971958466773441,-0.16863685641225223,-0.09446679315783059,0.12628810829300569,-0.2037347185648956,-0.12307693629730669,0.06262366342221881,-0.016731303204064213,-0.10058726261693478,0.05678781247886218,0.10012773529641059,0.03364305989073401,0.0410094895858927,0.05882739510122216,-0.026624956499930394,-0.04466920526060641,-0.0424017331594061,0.07691713268063853,0.156329133987489,0.007995049146844449,0.029962211715162276,-0.017385436232309988
2017-08-21,0.07120655705265705,-0.03260050541826518,0.06751919892430858,0.016587659642120247,0.004577243537416598,0.006320855207571558,-0.02840948359897608,-0.012310883708796332,0.08082737138638617,-0.21868220889219242,-0.18173210192133718,-0.16133654718169171,0.10356715749889506,-0.034614627929772435,0.03313510703591115,0.08704829837608564,-0.02651716640947803,-0.1063084400768364,0.06464452922436818,0.05011485469270658,0.0051555251287367385,0.014664174201494769,0.019304408571489694,-0.0045377981963656356,0.01592866335426498,0.0005769520793196456,-0.13265789753947077,-0.07936746014205802,0.06851333201347645,0.007957937778138812,-0.0031075105984285285
2017-08-22,-0.02887740004788704,-0.09916249827710258,-0.07513006528560949,-0.16712696456475518,0.0012984720380722534,0.20684201233730207,-0.206720296379777,-0.22823729037069412,-0.17821150413761505,-0.2156639620974692,-0.011482292758884405,-0.06242297020256203,0.0188478646565135,-0.1374770822319359,-0.012647279182036439,0.17134048933245613,-0.028321632753966344,-0.10528021046365646,-0.01760624938480882,0.06557019673123264,0.10450005323770249,-0.009522686755341814,-0.013111383834838173,-0.12013412209254205,-0.05601292306245514,-0.024349402420608988,-0.1376491259057977,0.010348812770138282,0.014662974578475003,-0.13967915156717658,-0.09027373512370555
2017-08-23,-0.01023516624486655,-0.007718797385742145,-0.017586001776771717,0.005695621083264908,0.07996983204133956,0.03875110701237606,-0.057562125663816015,-0.07881419821076917,0.023683349399668565,-0.19261773799768683,-0.04555497258879264,-0.05948452477612813,0.09518205673265473,-0.07368764764828094,-0.025025334641613887,0.0036572041121757013,-0.015276005623846841,-0.045507523478146995,-0.05192780898750052,-0.041175920405423054,-0.05639521703434053,0.019001839042090272,0.0363738054137244,-0.006192436803002864,-0.07685888900852483,-0.05864859232181487,-0.09298572562412956,-0.05687476305539265,-0.02583672678699937,-0.04989858247964012,-0.08895365690609149
2017-08-24,0.15023001046127832,0.043843380142842336,0.12377111303383737,0.027661414579182017,0.06470545960311441,0.011671219555926003,-0.08201030125479641,-0.019440662713331402,-0.09892676362253769,0.2620806471960381,-0.13014303837182611,-0.19457900245405596,0.18830832350205903,-0.1414265049046423,-0.14035121318893995,0.007618256251348199,-0.01478776123155065,-0.1317256104784203,0.12080817121908113,0.1299252078867717,0.07483568371720006,0.008206076283211903,0.01857113752862674,0.026530788635519352,-0.01890571667559521,0.04806892509412379,0.16381611368961252,0.2091442921313059,0.12823652364441562,0.03342404989474859,0.0368883327273217
2017-08-25,0.06918653777599328,-0.09572252133204329,0.002942694523966581,-0.11412708546436391,0.028437772812623514,0.0703177579026469,-0.14033607654192806,-0.07075220551010938,-0.1335002238076498,0.2441144099787431,0.07079123440836853,0.04690989143148544,0.11397359110411277,0.031087652356734198,0.02754213621325815,0.1112613482797132,-0.03391104137292035,-0.10978172812826753,0.13784743290399729,0.20360937666877704,0.1479649323912482,0.04954443655081214,0.010713469284195313,-0.10110295802503894,-0.021437473414547506,0.01106503947827203,0.17502230856512146,0.23351601834491129,0.07076587185786412,0.017453910803731012,0.03313704844572835
2017-08-28,0.014471771679765162,-0.05044315131355068,0.042684948692611836,0.006916192952333267,0.017895090453663182,0.027300265551005946,-0.10442373974843373,-0.10911158998412819,-0.014961053600411792,-0.10340275454942047,0.0005635571329323565,0.007197654067532911,0.0069863481475625775,0.044843336991786144,0.0027170421938795945,0.10246208063823042,0.06033673485094472,0.010665554423586857,0.022785262017789455,0.06269130384970269,0.008661208572843533,0.023442652593179573,0.019160880154750738,-0.048324259392271564,-0.15644313305444,-0.016387706251220054,-0.04540879183088305,0.0055836934771915404,0.02125826301225108,-0.04740928873758602,-0.058422101730869036
2017-08-29,0.04371452269704897,0.1181365046701675,0.03565927811673116,0.11797036166619156,0.03624237627579089,-0.10431838716206264,0.17257999308947075,0.18117066268542314,0.18814773206546653,0.025682206378226168,-0.26401117658513035,-0.2860029276614512,0.16694157713959284,-0.1657885041243487,-0.06164117384509292,-0.18774699460178604,-0.08420468692410288,-0.05510783843910692,-0.003022057261751496,-0.08523534463570663,-0.09591496038052118,0.03178884968224151,0.01392899411160192,0.18155444012972927,0.12992205123498704,-0.00721438613433177,0.03973064072445967,0.0024935217015400442,-0.024981998076489445,0.12007684390966748,0.09342664762302591
2017-08-30,-0.04501540464396604,-0.21328553413174142,-0.10187194676210719,-0.1854866667884704,0.05403833691004771,0.09139602961563234,-0.1422602263487298,-0.11880170808437487,-0.211404139023116,0.16120631314378875,0.13917666751536126,0.05808912804799917,-0.06345043093763177,0.02439297328714877,0.04918125814070329,0.16356004508035418,-0.04837164744734637,-0.2585707350871833,0.101706557144342,0.19740884059954575,0.15447923803391866,-0.0034536855702327475,-0.020061479040216535,-0.2209824369981082,-0.12549932139415543,-0.05558620603954684,0.01931484981583612,0.2346337576780433,-0.040181262530637564,-0.02682923421371802,-0.06969521580288292
2017-08-31,-0.04468104594686716,0.032120815005613375,-0.05406737895977558,0.011513127351349958,0.06022317954933348,-0.09173327505536208,0.13555800196246223,0.16872723851363847,0.08555880250637535,0.12544289810588516,-0.07394775284531373,0.00014269855131968424,0.1243060464671558,-0.006286856551151489,-0.11710330435591207,-0.09045499658165906,-0.09604942138087755,-0.08386067690394962,-0.04149775377697155,-0.05344069293505647,-0.025521688076929585,0.004273879803602929,-0.005706254310897242,0.04663404109035213,0.07450536310491791,-0.03440245435000598,0.07586449077863854,0.11541580362711304,-0.0981699495395744,0.1525090115017823,0.06173208830686384
2017-09-01,-0.044596260981907124,0.019087828260912557,-0.06514451049644476,-0.03043377037897123,0.046128258339811615,0.04932261387076891,-0.027844412971822125,-0.002422012589350244,-0.04692409827440773,-0.035577589832372185,-0.015981926688429248,-0.12040571427848662,0.036866273559917756,-0.016112629552378337,-0.14646023294020782,-0.019787468459367696,-0.09186493512940702,0.010659403652381792,-0.06331798930565478,-0.046613488665285405,0.02265225904448114,0.015791589893401722,0.005590177660718001,-0.0020071329928442274,0.12918515396340882,0.042547771854307984,-0.01319880346636367,0.049759205731370104,-0.0465231505087361,0.08622807620611554,0.1070811186848405
2017-09-04,0.00802635969320185,-0.07050494549116024,0.0060761292850866665,-0.043672550502024114,0.004692913946160185,0.1140258743009093,-0.13274808340390182,-0.1263984061781475,-0.08381917526990064,-0.10480837556645149,-0.05823517044371858,-0.21172012251563538,0.07820953696718141,-0.20997333889126854,0.09121387301622462,0.16263650521897907,-0.07955358813725122,-0.1744171562929524,0.04295142110019459,0.06239631361665502,0.08611600675864318,0.010569778137447857,0.026572318228211957,-0.10341128999620654,-0.03498006617542551,0.007601514803366468,-0.08280667777332792,-0.05147403302789499,0.03640526585784303,-0.0676344543684194,-0.025938810112343457
2017-09-05,-0.09256281384884751,0.0018157278501482704,-0.09383118220830808,-0.02605037176116116,0.005874422039698731,0.041297622116743544,0.053660206743765135,0.07908433461451586,-0.06951578486755529,-0.014373015681841276,0.029919064637921284,0.07216339070439744,-0.06721289281199729,0.07709066282593753,-0.12887427339062413,-0.009425863003685283,-0.06405364798049783,-0.027583976720684637,-0.07979451355769762,-0.0670554744623642,-0.02329691527499838,-0.018029025373398285,0.0149576960893043,0.008150907105622125,0.06259956387773183,-0.012857683528291959,0.00041125777926836907,0.09212849065115909,-0.08543817364595595,0.06340092087878246,0.04956202262999373
2017-09-06,0.005660486631517329,-0.09454727315312211,0.014493322244901708,-0.07323386049790798,0.05930966745305293,0.24563821169189032,-0.32511838923800584,-0.32901580463454366,-0.21858188735666711,-0.14643279870925266,-0.14105510337288482,-0.2264591287548691,0.13890112496629664,-0.21213449946342175,0.16734766755448785,0.21072127577721228,0.06742462433691729,-0.062298840430250406,0.02578924663953122,0.1062907026962929,0.09672597313740298,-0.002460901908807224,-0.028849750040768292,-0.13538788439835983,-0.1302804265529242,0.0286473853968036,-0.04283456613194771,-0.04033287788301,0.049959525647933704,-0.11591712980901102,-0.09255833361749613
2017-09-07,-0.021005108894033047,0.01083615407912472,-0.019720367166702717,-0.0010406053133574186,0.038308857865983266,-0.0007556630507368768,-0.02190232785281876,0.044277821483153804,-0.024377706358083968,-0.040621014555439504,0.03773874866878279,0.01115031796509631,0.04133364244906708,0.002690545146638625,-0.04360285877693454,0.01439283833588534,0.00754891976936113,-0.018025558195436154,-0.0007327097024308521,-0.03575141730430405,-0.006393400755516601,0.025839300825450225,0.006074482841850209,0.00953373636388143,-0.026654976344298052,-0.010159899080565894,-0.04343900794241351,-0.0286494505103188,-0.03705603355753762,-0.015936264110389835,-0.04953655899658888
2017-09-08,-0.0008904425346840322,-0.04389070220443567,-0.022410252953698893,-0.0010357901807097453,0.06023855306703974,0.0123427737838368,0.048122893972358034,0.03566660697089848,-0.05776912740942667,0.22344590809338008,0.06248685229485575,-0.08750081520465842,0.08933003172106777,-0.042589376373033755,-0.02254703964187087,0.07102449702626609,-0.01098152328824776,-0.08936287492838524,0.07903457718811885,0.11114926047129947,-0.008115512013705771,0.01159005650554056,0.014148303268639013,-0.05176641046527763,-0.032672208379022474,-0.044170792541524534,0.049407816367136315,0.19293265187180858,-0.01135853407190002,0.059910711086119846,-0.010796759303738869
2017-09-11,0.027984178031887817,0.14974146216163695,0.0639195071253091,0.13444800621286948,-0.04762357326148931,-0.07764841229616655,-0.13688401601311995,0.13569880459951103,0.18965089355704193,-0.20483537936616614,-0.14409390374139086,-0.1847764123916289,0.04774087838791491,-0.15217195324218827,-0.0659340854995516,-0.19102496871781433,-0.08220389297749835,-0.09504172783341167,-0.08988035808810028,-0.1701579083950826,-0.10862848285089013,0.0037183222910384577,0.025944200426209863,0.20867110752410342,0.1174070727551054,0.016966203144043658,-0.1215372516475121,-0.12852894812745902,0.009547457088710073,0.03243697945659501,0.06701978872186871
2017-09-12,0.006010405740143753,-0.07696525761378073,-0.01930200535701088,-0.01456137154071562,0.05716742312343507,-0.012434425510344385,0.0363756427114026,-0.01275886597602459,-0.03457659650295079,0.0999173002435598,-0.025085329903943902,-0.0680611426356652,0.04837880488100284,-0.029405215982470746,-0.0015437376509385209,0.06269617223878465,-0.016369012385672448,-0.12782110433378877,0.07725232998976495,0.09268783262029827,0.05834861539195955,-0.01158894016017186,-0.007740421566351252,-0.04802467629857358,-0.03558730809317304,-0.04982639907224713,0.06047005533980597,0.07301212076422718,-0.019959448343991486,0.008807348936065534,-0.02824417821245563
2017-09-13,0.02001911495080767,0.026641235208055863,0.05273826473467275,0.015603239951923947,0.0006383652628881293,0.09514296246066507,-0.12517580093765565,-0.05134065479928119,-0.021368563129585613,-0.1380573136575181,-0.09446542157796656,-0.06657642594233322,0.05262807473098025,-0.08872896112304175,0.049635403528986544,0.05080465854796348,-0.014527038993659631,-0.04546898903796617,-0.019382460904106988,-0.0033651985295772013,0.01956778246120083,0.023696772176657943,0.034766419591918514,0.017850222694120968,0.02612868843009416,-0.015621813134186025,-0.06443467881205621,-0.0981631316343144,0.048574690914740294,-0.05798170673635722,-0.02155855415600735
2017-09-14,0.05150202712829039,0.07696554197957724,0.0711748993210444,0.032817749542679714,0.004998688623396858,0.15386866220692236,-0.19306314281181666,-0.15980733791281562,-0.05167739731919409,-0.28167242713499024,-0.1552611930466507,-0.16552876959464186,0.06938232329030354,-0.10719615916983179,0.018863108427422434,0.041550771235558455,-0.04498472981314442,-0.105906935993911,-0.0018390314324266634,-0.039655111050860774,0.0013708479349036208,0.01070250706987641,0.05080208175597902,0.021101613433629245,0.04589690050362118,0.08788151507816955,-0.13574468437739926,-0.14885156705971797,0.0894267867410197,-0.05875949468657029,0.03831352480015276
2017-09-15,0.01759852108650932,0.01147896295133813,-0.011284273078877761,0.0039680215269284865,0.04310759091745581,0.00399399117307136,0.09276110877836792,0.06131852519069689,-0.0516222786179338,0.08477326510772819,-0.0045495467625858805,-0.07931891324255193,-0.013728632684820554,-0.13931677794408973,-0.06585637978696468,-0.0013322661079864725,-0.1117466149832937,-0.12598174129988104,0.040481354156902696,0.03903969470277022,0.02699299315055582,0.026838742486633912,-0.013860126726655504,-0.04370353863106289,0.09092349956920892,0.05340823128166189,0.04262541663740561,0.1250976593965363,-0.0001371823306589886,0.07357112874889951,0.09129629818135708
2017-09-18,0.022116450657506465,-0.01801574096447587,0.0553270103476873,-0.016967221249482033,0.0330625102398801,0.126380421533005,-0.09843566735285685,-0.18637520649136594,-0.09618067177368395,-0.1551913813509499,-0.10600849282294207,-0.14237447404422288,0.06326181040617339,-0.07571490688347594,0.09173356998028746,0.15197147674481884,0.02808191838224197,-0.10566421064423627,0.011312922793718682,0.02562140928108276,0.03428386685910959,-0.015351206547546542,0.01670809966476475,-0.06970795434608777,-0.10647510992815874,-0.03077372988132719,-0.07206343651591016,-0.05761607128087437,0.054718841755797415,-0.08011128258007827,-0.08386337054157025
2017-09-19,-0.048936331087737185,-0.06334783274544142,-0.06282672675091784,-0.024588308472020124,0.029731361065643006,-0.03649891056673166,0.16605298650786415,0.04576597384513702,-0.057956941632512,0.2653456846491906,-0.026239804567647348,-0.1930888861770353,0.030212454633276868,-0.14673087485733327,-0.1211574740529156,0.01697271069902986,-0.04093845908572253,-0.07083741705855633,0.027707231998340267,0.07578492573915781,0.04322856781442834,0.020309974082500598,-0.012884849270453958,-0.02913865373458614,-0.001638779418386611,-0.06928405721029131,0.12328849332908734,0.250314833027777,-0.056669215924461475,0.04267888082703727,-0.019785418835377627
2017-09-20,0.05868910778233262,0.04287628563074566,0.06390700774997453,0.024250356433031292,0.01012625358046063,0.1743693363890098,-0.2256040202937809,-0.23282627500738803,-0.12336057989861804,-0.3103853386198711,-0.15871893817950353,-0.10828998646639229,0.11208787460758617,-0.14130941995286772,0.1013839596479776,0.12408630305334845,0.0037263330431038873,-0.10868606542272605,0.015890045895817644,0.02550042264767776,0.013038259435369388,0.021732090985359307,0.039149491532078626,-0.035878273995654145,0.01115335097554235,0.04029748229305912,-0.24343554235819403,-0.0691280705311895,0.09298650724489176,-0.07767961844978262,0.0021632523190631427
2017-09-21,-0.012253860286100877,-0.11412800594360711,-0.04218839649280071,-0.10446310089501057,-0.014649446124044818,0.017841669820974765,0.030400091716218623,-0.05369126897772077,-0.029733415763211105,-0.08090795350747249,0.09679370248835763,0.07811969743994593,-0.08191619339777319,0.08054607739200383,0.01652426523970655,0.16315969083798731,-0.023347356375929978,0.004101891963150742,0.040360104966622255,0.10308513561487284,0.09019306466208066,0.012567696331248587,0.0044742471615551276,-0.16423442073150415,-0.0014221540617142929,-0.053123949287450165,-0.13603254449636867,0.041045240521827134,0.014076781443947048,-0.0449991683766241,-0.010952785500004935
2017-09-22,0.05347460169701826,-0.11113439381613101,0.017622379870960287,-0.09429184221389311,0.020638047695130342,0.09016198389543827,-0.12813143590395787,-0.15342384725477848,-0.002832121251203762,-0.2681732960192927,-0.0661999241190794,-0.07013459610896966,0.12017542491169737,-0.05097638819761692,0.05571117775459331,0.16895703637856657,-0.0016294645024102917,0.024685919761290132,0.11332680106549847,0.1590400092445706,0.14198937384513013,-0.015042397652930318,0.0008002943182784346,-0.09884625080526632,0.053785026691711285,-0.01951361522060776,-0.18438318407938312,-0.08100769486196172,0.05525715455870672,-0.0348382340819231,0.004048342038131028
2017-09-25,0.016331983659900417,0.1615382103983312,0.04601620237885885,0.18426809997631186,0.01183809261202962,-0.18249628398137588,-0.14333135599647373,0.1995755916936119,0.24481186535516972,0.023879903685567794,-0.13566016888526072,-0.3196976901474781,0.036335635865262984,-0.24456016142344783,-0.1339966287515344,-0.30613611494120724,-0.07654129005005464,-0.14576536472795326,-0.043312884881541,-0.18097761407343774,-0.17449116153251515,-0.014181558731709128,-0.012286914240722343,0.27793240242261996,0.09452954699306079,-0.004931264701546837,0.1355322349633809,-0.04934820503983495,-0.051412915990091186,0.14348532218975182,0.10931688693632115
2017-09-26,-0.02191505438341653,-0.1009011462418766,-0.07363946886047025,-0.011784771383902147,0.027378413633302234,-0.03412326715792612,0.17224809765972432,0.050073135686244157,-0.01598943121410592,0.21240191052196175,-0.022902532491952385,-0.1250273485625293,0.023513568992087442,-0.12923620433704056,-0.095895033088903,0.07656967544586403,-0.10305344346812867,-0.1900337059261492,0.06543214869388528,0.11786709094605237,0.0321774170650109,0.008301643768295433,0.004584588133084697,-0.12930618261147347,-0.017797981355491092,-0.02534483164744395,0.10527364134705168,0.2052700061972811,-0.039067490975438435,0.08051686475390052,0.04047120705040874
2017-09-27,0.0696783756193113,-0.04360676466976251,0.02145198926584249,-0.01685379082511814,-0.043209292286465584,-0.03452206902728849,0.07542827261793023,0.0428386328728905,0.11946923953133201,-0.2232266674235147,0.12282182633502635,0.14587971870081606,0.060349989395627246,0.0759631242224865,0.053042746217130905,0.06005283621969083,-0.10924362907912397,0.11651378362970831,0.10790320349962972,0.11902234844745424,0.08071346920049967,0.03920805242012259,0.02279290330508618,-0.05608271003410995,0.15936742927701564,0.037486034277998674,-0.23441728438092754,-0.04139225623221865,0.06553263471693997,0.02951874027243592,0.0950331546199884
2017-09-28,-0.02999021866373703,-0.014452108556687642,-0.045673811262567594,-0.02359024558756393,0.04443788262328266,0.04302426992651222,0.02012054848637351,-0.09359853753622246,-0.11144758973320243,0.08294558050677422,-0.044914860055573706,-0.1353297764421877,0.05136515030232432,-0.03767335235747307,-0.13046734710207233,0.07037761166356975,-0.0689111275856932,-0.12547794725414319,0.0015454822806034252,-0.0041853608937563475,0.010034842762115076,0.01186973797763951,-0.0037207154297676445,-0.07904310676784188,-0.02396507948535572,0.02023597069369958,0.06928671407196409,0.06178897814943871,-0.026396153277782615,-0.0025328119255389183,-0.015094097506653328
2017-09-29,0.06346372025848483,0.05249335016818035,0.03892223436375157,0.0779381689543257,0.042100686981831045,0.026833860885335445,0.017206326547233173,-0.037043472571615235,-0.04599905323525255,0.16608684248169242,-0.145409803807265,-0.2419481270008677,0.05308864960074163,-0.18296048232828518,-0.0817965746943141,-0.025667808512568176,-0.06990672401427832,-0.20425479857849815,0.054964797740596004,0.04212134046603756,-0.005548592950484963,0.011562307552317505,-0.010270362506209517,0.05528760751865346,0.02948784680469338,0.05457391563513246,0.11303002816725692,0.058956907169999004,0.061048997160831515,0.007904545985272635,0.022381022540358474
2017-10-09,0.0021946787548817875,-0.07441842459539745,-0.008002285510367996,-0.12413810933078531,0.09653397778571088,0.28447446159912093,-0.02502230804418803,-0.27375187985377974,-0.301503060186267,0.02668568632100971,-0.1372845290009084,-0.3019334287891316,0.016830758292416186,-0.08987351895389085,-0.02269080712869223,0.2460412058579009,0.014818938857254533,-0.20853336453793425,0.04750983230396017,0.17026689613360976,0.20875923594898452,-0.02067772811954049,-0.013722250989477821,-0.14912935171861988,-0.08532838831681795,0.008279893568688445,-0.04620048661508487,0.048570442673280485,0.05853082625858394,-0.14485878864915744,-0.1264713586324639
2017-10-10,0.06893436169850468,0.09967022558959052,0.1008989653292329,0.11568091443207637,0.08266488578522622,0.14553107095987333,-0.27354982864726657,-0.22432791408528086,-0.11911705608137282,-0.3527216285978048,-0.10752735749662673,-0.1844930858374014,0.03454826031892706,0.007362162204177982,0.049863294982384926,0.08568469671958442,0.021031895780830104,-0.07101676974592049,-0.0008429392116754771,-0.0537929226110594,-0.05880527338038228,0.0046570313880128205,0.0610871327142632,0.018887571225111397,0.004962008948054791,0.05844856206986128,-0.13007412216885705,-0.24720165597716448,0.07516332904939263,-0.06717379266439395,-0.021607470240221718
2017-10-11,0.01970010235335349,-0.03398395826104976,0.010040837686509563,-0.007132652265590119,-0.03818100227790544,0.015825181072032506,0.03727328214053235,-0.03957676580244037,-0.011263839430641598,-0.09232465669366319,0.058417207771438114,-0.010945718205687755,-0.052586503714990754,-0.05524514935384361,0.024506955372412712,-0.0025790190880745707,-0.08280390313190886,-0.0754661095758821,0.039035734688548235,0.04691108023801356,0.021995491162002452,0.02182471950150522,-0.032436419373011546,-0.05794934349305842,0.06513409558922051,0.0019333815350240354,-0.0889378556000115,-0.00372093484358088,0.029230122901212584,0.0050802981332730875,0.018354547551796607
2017-10-12,0.05226893502593492,-0.05239150889889033,0.03301613361409218,-0.031542803541171956,0.12489362304624549,0.10242209572660047,-0.04219623620215098,-0.12281627808866387,-0.08146646335600802,0.021589100962132277,-0.1669238693033861,-0.1571189696975456,0.12900705302936227,-0.14216321900122617,-0.16160139244836563,0.14285872424981852,-0.012150198438793322,-0.055588172151387255,0.11471966264294321,0.11723116599645757,0.09112552709769532,0.0032776787898075783,0.0008319266748952305,-0.06272552338466945,-0.07450181815633428,-0.031358857316347126,0.001978774248365114,0.08783909448685477,0.03983047718913435,-0.0017149847026535863,-0.040148941141916625
2017-10-13,0.12280572846950713,0.09948117387277723,0.12115384116291521,0.17268951039924296,0.06350879881851414,-0.06465554906919768,-0.24231684707133042,-0.08129673504708564,0.12519379975740283,-0.36162514734624496,-0.04338754437965299,-0.07937400314507448,0.048283984515936566,-0.007007201787454396,0.11372017120931807,-0.09304812374505049,-0.0785898319745323,-0.07090798836529691,0.07169941748688535,-0.06876626338651133,-0.13826895605517373,0.021254840604257242,0.006499047170578727,0.16165609172424342,0.12457185135993727,0.001260576900431133,-0.18962340544957554,-0.1883948458822015,0.0587760495402985,0.10479781580829438,0.12574222859107137
2017-10-16,0.02266683162540942,-0.08186109151002058,0.006638449008908089,-0.01893494933430444,-0.017142705315623456,0.07511378878687457,0.07589417376976249,-0.01351128914683322,-0.08259414244026159,-0.0033260678732394268,0.05205588907488048,-0.04500950743716742,0.020945661047338273,-0.08166733891502895,-0.024465300070340392,0.14006249831491202,0.021067622303492708,-0.0804019917898644,0.09441818648364665,0.12052726354589342,0.05463318711123622,0.00901547345764091,0.0032216179798810265,-0.1206815048683571,-0.07119351035181494,0.009428517375231999,-0.06357878064941909,0.05080501903607345,0.05330737971997703,-0.07627427271601932,-0.06673158952816376
2017-10-17,0.09478512090527653,0.037884002062009224,0.12259509263053743,0.021697998297336107,-0.07988508299243699,-0.01773144818739942,-0.09078887282610056,-0.15949776846441716,0.051355608682909476,-0.39292944616244124,0.13286986101168238,0.144225293295627,0.005321789285801231,0.08260335406414733,0.13075445506958058,-0.005468802462577274,-0.06157178338074112,0.028694006206951464,0.050274749935944926,0.009879540791855023,0.04267246201292334,-0.026910154596387646,0.020300915947491602,0.05350809592947558,0.14195336135813139,0.09458935917825086,-0.21274672502828634,-0.26088660803726615,0.13347952723093978,-0.015549536954903128,0.09505127167752066
2017-10-18,0.07679848064246236,-0.1106391485821339,0.02443837833958553,-0.086828260847831,-0.060011323740025956,-0.08447431105509731,0.14208375566567083,0.10196912744700304,0.1877161158200083,-0.14951156293797327,0.18888189934230654,0.039423851881215166,0.011524648300635147,0.12594474366164335,0.14658200096999943,0.05351153963376914,-0.08278431383352104,0.07052476686845392,0.15833466724703946,0.15668547613916703,0.15078776020178764,-0.018427728282636446,0.005764596792744896,-0.1243062265126963,0.11359925299433245,0.03894774530026331,-0.10063044450122181,-0.038281742175455755,0.07070007915545827,0.04804185703899213,0.09754220226801487
2017-10-19,-0.029069589128722026,0.05855311532376549,-0.03878523103609029,0.06115908892024008,0.12694474790631435,0.06430669466379516,-0.11803382598818461,-0.02614537785902051,-0.048427753213315154,0.23828764483966614,-0.24988279863635704,-0.3130957223163238,0.07248805084805422,-0.21333256983943713,-0.20078289913276356,0.0023833258834193814,0.014201631930049325,-0.28686929673010664,-0.02883513214660339,-0.042811290254203056,-0.09471420832290807,3.2833290209876755e-05,-0.0250140109829907,0.027336297245332323,-0.07609140384482092,-0.07600369029596704,0.17880316768753252,0.16331949620545724,-0.07117041256196556,0.05062160480412969,-0.04132937713079442
2017-10-20,0.032011772124517994,-0.11894191583507131,-0.014089119604684114,-0.06523576290185575,0.04706891617528497,0.034940784481683446,0.059893716327926054,0.10117894835706999,-0.06939368491525504,0.10600776430269263,-0.011420494249137714,-0.15245098491110814,-0.004144029455205149,-0.11642874679042654,-0.017581966541451572,0.16887794616817173,-0.10401200201001601,-0.11357821373544394,0.12499036935426514,0.19705803558755725,0.1386202904915563,-0.010860255518564777,-0.01259191532937243,-0.17843442385386826,-0.01912512163868998,0.012890089954996903,0.03765433645737658,0.05794376584369333,0.03870717788491806,0.009585033029244466,-0.007447808657771872
2017-10-23,0.15184784526044226,0.1042983907465205,0.13929084956212207,0.08439916424985523,0.02235059085722073,-0.050384295570782896,-0.08417670432352549,-0.1693439758050636,0.12318651367541203,-0.2912587967471782,-0.03830086928695644,-0.0207790113547884,0.01936793433023681,-0.013822527132067516,0.027040705029008776,-0.09840959710016427,-0.04787480208433735,0.01830131338698412,0.07659283862116706,-0.02096447717784341,-0.024937488734283798,0.005980020155069911,0.0037213977116455762,0.11636451089711117,0.12274938918967197,0.060371426428728156,-0.12916502891372486,-0.14922742184585458,0.10172344379905655,0.0533865679830615,0.11458112240901616
2017-10-24,0.023959480311604664,-0.1120920992590099,-0.04600912962607901,-0.05432498868858482,0.08797236409842728,0.03572719208926047,0.05683050546436633,0.0910412125460379,-0.08123068664474684,0.1858216585001765,-0.08804444703554885,-0.19485243449554657,0.0921352993003881,-0.11077256536351243,-0.0753717817578635,0.16422511020574593,-0.018850937544505512,-0.0753819370199728,0.1366158032747208,0.19530325532408074,0.09702074721431506,0.011498915366466012,-0.010838215935847884,-0.17452466952690335,-0.010671996043962717,-0.005088078908406153,0.06742032565020792,0.17828379618993456,0.01848258055240648,0.010446983717419669,-0.0027131790060001947
2017-10-25,0.0028531422033650678,0.03208826702063002,-0.012946887617356701,0.03421792457750403,0.11437205787676573,0.03466249575948365,-0.08557383132192523,-0.05563763940529894,-0.03222146142449725,0.06555280852319416,-0.16362733156796017,-0.1597323000303922,0.03344793278781538,-0.08797125298373872,-0.12583827403394116,0.03325733119446507,-0.04227877616257328,-0.08669965307577308,0.005290259360502594,0.004500570324882096,-0.036414777574042836,0.023098123961312955,-0.0004737956373611122,0.0357053081536777,-0.0037119974708931525,-0.016131527276586725,0.061665314063134774,0.12890945534153495,-0.023234524316694174,0.049493068162113886,-0.017630089808058722
2017-10-26,0.06614852613166528,-0.05291761578853285,0.023197500282137344,-0.025810390668185957,-0.021272134604249298,-0.028792472799581702,0.024854829621837687,-0.00041927301134627235,0.03939774711849809,-0.2703512324972708,0.11165065079823192,-0.1012637220553323,-0.04259554462568289,-0.009833502978872572,0.0932961570592088,0.05722773123518728,-0.04291618554145452,-0.14294544469072645,0.08746328216631367,0.07070848865334617,0.05598017375678352,0.06253270201208563,0.006450326788708855,-0.09062640497628975,0.03663721675071149,0.006194678594928569,-0.18835339045323396,-0.18805054959092102,0.05200776632661939,-0.016999197514516687,0.02115562335725791
2017-10-27,0.13566876573993905,0.018449550494470474,0.0892558102251205,0.06564825885094269,-0.04008089510702806,-0.14876702420935625,0.13800838697735868,0.06240795867923673,0.2861813066003231,-0.40618346930128124,0.3193868566372584,0.20071257157411698,-0.16775084056427783,0.1571498146471718,0.15529109424083834,-0.021270966781066086,-0.164471573851908,-0.06809015665756742,0.12726795251305298,0.033453220130515327,-0.008369364741422348,0.06564067353405233,0.006777155910404077,0.006350700519624444,0.21630135796896444,0.07954638299584019,-0.25147675033039774,-0.21634607142024756,0.0880307545006653,0.07917772724463369,0.1591405308806717
2017-10-30,0.011092242645358897,-0.07490789922198707,-0.03774920701886578,-0.03756477133857239,0.10396806797212632,0.03365410066880535,-0.002833218908843496,0.08274109392432041,-0.03217568301291506,0.27419701457673645,0.0135649966357674,-0.11854164180905082,0.1120501680934786,0.029801007468867144,-0.031197603030416438,0.05377804227575275,0.04685335067408866,-0.06656019249188103,0.07141975377252163,0.12771007560543932,0.04151715205115957,0.060504702271270035,0.03522271156564927,-0.08632681053528947,-0.11301551775124452,-0.058960871204820575,0.15177164830991272,0.1993595714097761,-0.02005235426071185,-0.006808519535452101,-0.08756642041661393
2017-10-31,-0.0464585226845633,-0.1894406965490089,-0.09182549148420566,-0.12660669020704443,0.024022800979806847,0.014445002093128016,0.08642314653968786,0.12515650997642064,-0.012176550031065745,0.08305228200939073,0.07063504138593099,0.05614066207753105,0.039839653816689344,0.07904369991469158,0.0060968029626662186,0.1434134778500406,0.03454782397867245,-0.051584244374446316,0.08191315624766554,0.14315342738030462,0.06320087053342385,0.08102667252830746,0.07295547970405872,-0.15832962361579467,-0.060479512130951235,-0.08290544421826307,0.04715314523560973,0.16973746053826674,-0.041095711329846414,0.02152863726998298,-0.02865950993824457
2017-11-01,0.07028897896887683,-0.06911560535591095,0.06250735661074275,-0.07299990931591999,-0.08280357606723959,-0.09087385437732587,0.1138032852824892,0.1056863567179718,0.15208945473887028,-0.1653709697784663,0.17467582729966055,0.12450422467043004,0.030229121414090163,0.1829582332618877,0.11797968411446556,-0.04608968218544807,0.012186995223140073,0.048217473126848105,0.10432634811792825,0.08590040968174464,0.087072358346144,0.024572464574241434,0.012351499246128862,0.015597036678153202,0.05921418649858134,-0.015434784245735945,-0.12948651859251448,-0.04607044791746987,0.0805364501954761,-0.006107531837403329,0.04606798714971108
2017-11-02,-0.06431204197510787,-0.05857029590093933,-0.08414510773187446,-0.08350996195208943,-0.04639777662279552,-0.04083833272086057,0.12785701242330683,0.12701640867905167,0.012847313992193318,-0.11369682092262168,0.0631962649979159,0.0564201799366579,-0.05703420328544324,0.02787890217238704,0.02088435321926725,0.013815806905944993,0.00498256765208144,-0.011219855136180606,-0.03796722500460825,-0.027017989137112276,0.03354482493518299,0.017845251238107557,0.016473106522602986,-0.03562566067695564,-0.01320229864051146,-0.02446903122127814,-0.08078628002663422,-0.029945559883024067,-0.05584147785530071,-0.025802564334942348,-0.025296482758322143
2017-11-03,0.016177297196177477,-0.12946828966293808,-0.060771488141211034,-0.02080051223552487,0.051023240011956156,-0.08847542845198379,0.05196955732382193,0.16805176092676077,0.06424896136165889,0.29438024068291924,0.050423486164735395,-0.08636091790369178,0.06447362591669313,0.06754312150363682,0.05825569418986238,0.049073307342669806,-0.08100518033314257,-0.12473564675283029,0.12827027783438597,0.20249827857401995,0.11338047561085504,0.04700803036509898,0.004485366307019132,-0.10182878591845042,0.030784322462606047,-0.016078537445885336,0.15858888607420177,0.18883590281298124,-0.025782694919859104,0.06513525106281982,0.026608200988144617
2017-11-06,0.004659202891088914,0.09554012233374752,0.03935775199381855,0.03474398532512274,0.015491967777023836,-0.02286465071895074,-0.11580673924570628,-0.09947557600034064,0.04936572922162945,-0.004192780379202542,-0.09313413173687944,-0.11151918515622722,0.06420793989109944,-0.08003185969180027,-0.0020348904845174645,-0.12243544544055544,-0.09893556036503989,-0.12842963626234835,-0.03343450904502006,-0.08158111022989993,-0.024811481150882917,0.0018208789791000094,-0.02482699680759741,0.16856355100589876,0.03904264360042401,-0.014708589714150937,0.036777219766001505,0.01930388021198227,-0.010101699982797913,0.023503416546715356,0.03713534824877781
2017-11-07,-0.014640358925377699,0.04832076432379024,0.00023408551942922146,0.01927567900256253,0.051366642240224594,0.21298433281400264,-0.2691600195510539,-0.2080637532472072,-0.15046870027927314,-0.01634975971734092,-0.29829328768660085,-0.23515519747065441,0.09175747800099765,-0.23361333032125695,-0.16922931475700917,0.05023955529105362,0.015341949919831626,-0.15381192068133134,-0.06052888211562857,-0.039372517270415554,-0.06049887636140792,0.009402375570216672,0.005217087630922652,0.02781584741436076,-0.06537410571913428,-0.025704370901090845,-0.022690657058517034,0.05663775215748367,0.01795680256811707,-0.08364479234756654,-0.08401013319693382
2017-11-08,0.008000262287149541,0.024373543012014495,-0.023272592898650815,0.05731577137646358,0.018002722127109485,-0.03996199901924865,-0.03527634084884534,0.021438974146795135,0.015087433546677959,0.05527881401585742,0.03413092737520324,-0.007005145905937133,0.07362094684893186,0.06411055956178702,-0.0727459352217101,-0.027481937734376436,-0.11021311001704232,-0.05830195905016228,0.00301088711307096,0.002785279773561214,-0.004898505505227529,-0.0035391825530108694,-0.006392604508087148,0.011489935651354073,0.033946210182298694,0.008015468748665279,0.056547706116550314,0.08693574956679317,-0.020429134853393698,0.044479022021662686,0.019247648997978286
2017-11-09,0.019508560616509435,-0.12811600492519298,-0.04420553709193975,-0.08762747696519922,-0.06785803864694104,-0.08997891056679429,0.214310990120972,0.22072465282708004,0.09182122223399171,-0.023045738886273568,0.11858946035873916,-0.00510718693222681,0.0646347074578283,-0.05344083184570124,0.06543802467815407,0.04202577766183212,-0.061666742083952265,0.03013174885846991,0.12594337579147125,0.14309258270822015,0.09597837749638803,0.05630494397768447,0.03147476650083566,-0.12824192716290508,0.06840651211615706,0.026074018752531423,-0.10725245808844142,0.01718762935130308,0.01607846310029576,0.020445656070930712,0.06293225224132958
2017-11-10,0.0854452274014286,-0.07834967891060539,0.007663301108434339,-0.018565496113016854,0.01046458509364428,-0.17347228928860722,0.1994516420795122,0.2086510963792124,0.25363568090539756,0.07354483191955041,0.2166358703560273,0.09447261674056251,0.011283390668471935,0.05541296700800473,0.12312652504978808,-0.048888788404040394,-0.09180715594669266,0.00359391040620383,0.18592236064510387,0.15813368442891546,0.062211082423600295,0.019207772292529002,0.009628627615909865,-0.02059234832132852,0.09528146430123828,-0.030383805876665688,0.00072505853070015,0.1644010126985975,0.00996220151464524,0.10987282683990483,0.06429682089495975
2017-11-13,-0.0016421705455571074,0.08169097625086888,0.027983480632452862,0.06519363607799383,0.0198634014027945,0.006313634896250684,-0.04342271439841694,-0.10380576027429013,0.02541745397355203,-0.1573707711954382,-0.07631103710515166,-0.06190350923925762,-0.0059088240236510985,-0.0901471016127392,-0.015758177606415992,-0.07532081329026372,-0.012594862237744203,-0.06993390975653958,-0.06649484091896887,-0.11051539321411263,-0.08919064612082779,-0.01010609168465407,-0.018030664226225634,0.09560853321785606,0.014187019353616485,-0.023280910417505685,-0.036775419258721916,-0.06505495886223003,-0.017157962964756822,0.028912017335440476,0.016309073713274547
2017-11-14,0.04722373986152769,0.11944148886019103,0.06990713731249312,0.06031648889566912,0.011039575566424296,0.11222526327973575,-0.0007347802805685506,-0.08684043260888132,-0.10961333806904583,-0.18107942487061032,-0.1311423408940489,-0.11677262403919166,-0.014080515277112791,-0.16950283868986463,-0.04716057829489922,0.013741206859608621,-0.009319424056470313,0.016415032023325598,-0.061506334187775576,-0.06210371371966528,-0.018235007408294535,-0.03262006096113827,0.011059864611196136,0.01680332128564831,-0.06627045132140437,0.03468316911654335,-0.16134488867536143,-0.157428378486086,0.08077788719448502,-0.09469163691150803,-0.08140775695530607
2017-11-15,0.05609963662692884,0.07189732947968303,0.04666038597973126,0.0743615096590747,-0.048289871274498866,-0.05260011678118516,0.07192781598824805,0.022981567233956335,0.09285888911399716,-0.19725329365951644,-0.011295111899232109,0.0034082616708330476,0.016740031098523043,-0.012509288350854192,0.02170120281550407,-0.08648139595478227,-0.1643878035172189,0.011065993866977968,0.02069063600025385,-0.020454668569206157,0.0010656217154946684,0.021632528317455865,0.0062416253752065965,0.0793403277170604,0.1295612341773219,0.0868868962274996,-0.10696083660343356,-0.1906070953045167,0.04613866263656285,0.0427127836074064,0.1119672836325778
2017-11-16,0.14657973785106856,0.1567307266119444,0.17607503629996457,0.11612895488266663,-0.09608233108211842,-0.11956377796533799,0.19063400889908966,0.09182372271533053,0.14997985701129768,-0.44439695150248854,0.1374048926804827,0.2216448297704052,-0.07118125493028014,0.19271390470468783,0.20634925859823058,-0.1469804825278372,-0.15883089769748346,0.3008601214301827,0.03311009872485377,-0.10343494165476788,-0.07138736758064793,0.03768943916174313,0.0042160275791163675,0.1582951388424236,0.1671495506709748,0.10384998384421529,-0.2951440733066283,-0.3060465966946277,0.1463260041669931,0.029869960523451578,0.15314331807571807
2017-11-17,0.09168926939688953,-0.13836762802523214,-0.011726825312744011,-0.049908976880184926,-0.0009094200385788237,-0.21629138445558668,0.19909598348956423,0.2736962145151669,0.26434114017955845,0.15958312546690115,0.1712059070944592,-0.0548041753518099,0.1655021610322282,0.07721956147722192,0.12890385810055058,0.004096414883828107,-0.11198751839862947,-0.11117680265884539,0.21402014313165693,0.2108941730790403,0.09737954480030256,0.03458385541340657,-0.00982125699979931,-0.09829305182462729,0.16594697095121347,-0.02214634561241727,0.05589215983134011,0.1448259750349909,0.0218519438697928,0.14597701651574266,0.15247263115012888
2017-11-20,0.06473565325853047,0.0607172343760661,0.08869069039969488,0.04888910190272778,-0.13105854127255495,-0.1665328993253042,0.15724648288242127,0.1352188451700286,0.18566081966489348,-0.13279957857775063,0.1447193413181294,0.19176514632676844,0.049231550675399596,0.15699575575611238,0.12360225322425467,-0.19572176139787495,-0.06712526523005412,0.1394195075696261,0.014827119631615156,-0.0888677146470829,-0.02741284284062163,0.023685818399921704,-0.005719933144205221,0.1697639992331612,0.10593048841743954,0.04914653662666821,-0.054885944988630045,-0.13196958207559054,0.0661706263784283,0.017124151750189987,0.10431115702112996
2017-11-21,0.005482001234510689,0.08205068953482818,0.0114232383906792,0.02237680897202679,0.08323291949365473,0.08771623214030491,-0.10218397852884106,-0.10238909880778924,-0.05529455121667347,-0.04163416068471575,-0.06966371518928081,-0.11053542110409734,0.003260944632086961,-0.041367646328499534,-0.09124394333215027,-0.04494049093764877,-0.02374058328765634,-0.10213899912392911,-0.06406583487838487,-0.06601369266785925,-0.023441202164883657,-0.009610173539039748,-0.022493516287643976,0.09105458660366478,-0.006415763452258396,-0.027271296221884858,0.02201450338555478,0.09251155138763843,-0.0010500568960016363,0.029066691971473966,0.00041463469794070386
2017-11-22,-0.024923753026519783,0.12918611742259928,0.032551855087638915,0.05511351313555229,0.07353278801490809,0.17130915435447913,-0.09796220754903265,-0.15955855804736993,-0.11164768574180024,-0.35806586646247646,-0.09231156136531055,0.045035289273684914,-0.10966367660146827,-0.06568579368930172,-0.1642467290176199,0.046959774918912955,0.04863153239041876,0.0540535311306114,-0.15591845161338333,-0.16437394547429365,-0.06916892816146059,-0.016522283124506536,-0.0003290872841847341,0.012118316612314647,-0.07796090879040625,-0.019628215679745844,-0.23550000582517266,-0.0667896180579228,-0.021318936150586186,-0.04054890214651423,-0.09020463898413257
2017-11-23,0.037691401062572294,0.13273229848227142,0.05751653203185387,0.08871422936675459,0.04572162973346521,0.015794845812623623,-0.10405023104346964,-0.07494708369427716,0.012263676772819018,-0.04602637924562058,-0.013978912175066846,0.07014400646833777,-0.02719867674688657,0.13607179528274985,-0.10377399155303932,-0.0479908332928387,-0.00994902282737375,-0.02582926261014499,-0.0377714568939922,-0.08379834277502113,-0.07344898825643334,0.0016605734431882518,0.006996786226837521,0.07458790161801257,-0.03133411671796077,0.02659848090544953,0.03592666675768279,0.0042430689119175155,0.0044472282540226294,0.01613759134017269,-0.01031605746643094
2017-11-24,0.03824095013711523,0.158694862058878,0.08716020281514844,0.11081711010440284,0.06953182093382299,0.13095372560694346,-0.11505814732757502,-0.20013732811762416,-0.14621216725501363,-0.23354481734161076,-0.12558111425159843,-0.10754613752100604,-0.004955068842762206,-0.012505761097590835,-0.10717012862020078,-0.054906900947678645,0.012327965135236952,-0.06687759028218858,-0.08569636480320293,-0.1321879230649168,-0.08957860930539308,-0.023079728880071395,-0.008216454204433687,0.10821512532035611,-0.037638877144061056,0.04775940998250355,-0.11324755869715238,-0.10155402709477389,0.036563858428161476,-0.05146277577807825,-0.04303741867668442
2017-11-27,0.008874064118723053,-0.07981486317277525,-0.0639813226713292,-0.00223836234996828,0.09382622544538174,-0.007902829021790299,-0.13787780707324135,-0.07162690081105974,0.029388005749947696,0.4096794384032265,-0.08539263421130697,-0.27192488877548376,0.09455721004509517,-0.07797280436391858,-0.11240840634945007,0.04542385424154989,-0.12067553327464768,-0.34481775463269554,0.11096812623007576,0.15865840154075336,0.06356475670523133,0.0035133790861318222,-0.006028455889256104,-0.06046060865913361,0.01725094063154982,-0.057199543153681524,0.25828189875286045,0.3101533273788105,-0.05322642946282563,0.118761475362299,0.02411865013109441
2017-11-28,0.07696365311922033,0.19192951715024373,0.07763844650870776,0.177395131910434,0.06620952774695582,-0.051804548875974694,-0.03546910347310658,-0.03238813678760977,0.11752966606721015,-0.10933626435815591,0.08102885053879454,0.16615600477160838,0.05610057329188953,0.14026529073027355,-0.08134810817655373,-0.1089132739532057,-0.019861642452138794,0.07398045970180323,-0.026640620399392467,-0.1310570850704369,-0.15544717867177865,-0.004263639823328075,-0.018118317017213077,0.15588509324808486,-7.064884492993039e-05,-0.014917454405174722,7.759824764822076e-05,-0.04860584378986247,-0.01901331044884009,0.08358009129265025,0.02223135134549823
2017-11-29,-0.02973715456521125,-0.049246244076175734,-0.017999853607107364,-0.0366584363529335,0.054001823452400836,0.1789963962334811,-0.07400347818917215,-0.06685973523277525,-0.12409860281315972,-0.1045661591397121,-0.16029126516818099,-0.10777969261522233,0.07288373349835837,-0.12405252986786242,-0.07304723819001957,0.20953638809308264,0.11182150836401628,-0.03506279501999085,-0.010304989646722669,0.046711381257012886,0.023863933118612762,-0.0196973753493222,0.013612314267376406,-0.1490629523242867,-0.08195039777221505,-0.05103484158190416,-0.18348550397705793,0.0409618170064135,0.009146540252000675,-0.09981388776124263,-0.11931490681539986
2017-11-30,-0.04727359299809291,-0.07159288558855975,-0.1063426943253616,-0.09216108607558504,0.08681666983102723,0.11901722280825057,-0.1297467424487336,-0.0630155033272604,-0.10871332355392663,0.12735440823698524,-0.21384376229924246,-0.2120762294443415,0.16108120753919727,-0.13444555453128126,-0.14507617478005466,0.12171260197659398,-0.12519936606105941,-0.22333631807784882,-0.007914510275722828,0.09616069757248566,0.10939342734049383,0.03403911012754611,0.02035353740816024,-0.1365693290484593,-0.002703952992213374,0.010735518238374321,0.07637716694328192,0.15063606660280804,-0.0376629863903855,0.028181197346798036,0.012530331157826624
2017-12-01,0.07609122408085844,0.14598632463191358,0.078836119975854,0.15267411725507418,-0.058455040432279184,-0.19201062427645285,0.2623317264048856,0.2193334043918622,0.26690053346961207,-0.3054728665351673,0.1129452625537769,0.007796862459968743,-0.10363353993519518,-0.04056839552712546,0.15102959418651196,-0.2268935326425094,-0.09320234774327181,0.029829337894357745,-0.021921526647474897,-0.1513761273949699,-0.1094497624819043,0.014861426622600721,-0.02209200933582245,0.1968604272138762,0.15211624795068865,0.09342808886596454,-0.16221681089893739,-0.2970317654264091,0.021268996703283444,0.11750094044828321,0.16422063820406202
2017-12-04,0.11181984608030293,0.05914178368435324,0.12903251050534933,0.043514573594105974,-0.09524256037473186,-0.16911392562437666,0.331847917536597,0.27052327306434093,0.155801488813063,-0.3148544326738994,0.21304080188678062,0.0939421202963082,-0.08740548090040937,0.15412797734325437,0.21585937694908827,-0.06846870915297516,-0.003288973198910659,0.15722042748942777,0.05432023545986078,-0.03836688171297083,0.0019912365728811865,0.010340312519995011,-0.0022836371388544616,0.09337631724970977,0.13604995688226496,0.07491301706479446,-0.24951491379947327,-0.2829605437524923,0.10300803657460103,0.035955380398004166,0.11633457732003216
2017-12-05,-0.051001060296492796,-0.1630541749676753,-0.1153137381782786,-0.10962269784746703,0.09307429062073688,0.08630051721122485,-0.2713974664924127,-0.18015808508102266,-0.11301580182615482,0.37377226337342134,-0.12732792301462098,-0.2766014398806049,0.15854104094372373,-0.1116833653932145,-0.08374966356090902,0.09773891241464071,-0.11126878602633809,-0.24619694095890246,0.0610445018158993,0.17309502376156227,0.10715468721993357,-0.011346022059660192,-0.0006870786032921323,-0.14096982893186086,-0.029189938917681964,-0.07978936869822711,0.21694216400984906,0.2922999794005439,-0.04588433655454333,-0.009350746891485212,-0.029199240435889652
2017-12-06,-0.14241408841532632,-0.03922132606126994,-0.09744861029845377,-0.07044244607876701,0.009899793680043697,0.12469776121358411,-0.1292787646624561,-0.09290004414627634,-0.1434920445773735,-0.12134909268176544,-0.039824779813054614,0.010319486611135758,0.004768149687665892,-0.006605718877684583,-0.0652732875350756,0.14740188703758791,0.04772480813391877,-0.11550518974065728,-0.15892472341965144,-0.08687832392029421,-0.011154564499466727,-0.018135111693161215,0.011066657815842219,-0.08596179929159384,-0.0838153876592598,-0.019299642663476637,-0.050297281186995085,-0.031812177851424296,-0.07426146067621311,-0.08453857205058583,-0.08804027419561312
2017-12-07,0.023064352572176643,-0.12719193076063354,-0.03859502910454343,-0.04505861240009836,0.11170971982498508,0.08794283230684642,-0.24764815151513864,-0.17087555634940718,-0.10523858565931887,0.26526285906873487,-0.19700093974665453,-0.29006160922919,0.11523280642964068,-0.16858418518588178,-0.10363236046806754,0.16526323322694597,-0.06951174765839506,-0.14150118512829188,0.1426276349501662,0.19819105860718458,0.08759766270553242,0.004583456845816304,-0.005521789097423023,-0.16025107531866417,-0.028279239189954574,-0.07553367679293131,0.18186924566892756,0.20158516536746057,-0.004444888676297957,0.038925698847509085,-0.009465157569393132
2017-12-08,0.05357609906552007,-0.030715705480167586,-0.011672461826467109,-0.004185658687281475,0.03498028842522995,0.002245851152701388,-0.11282532217229471,-0.06332756477898333,0.020090188350284807,0.15811282619833886,-0.12420183482682134,-0.15802151593493832,0.1328829648088374,-0.09910514783478534,-0.0923509932037581,-0.01681541595939144,-0.177898387302381,-0.12420402158008349,0.09979247799625225,0.1117031074452866,0.10585743560715383,0.021117242889282132,0.004449985800784584,0.03751842181134985,0.11350341635042666,0.04455474942351475,0.14343586899715252,0.13650608070322853,0.02753665116538215,0.10397006680596535,0.1321467906912396
2017-12-11,-0.05392112310101742,-0.005833031564110205,-0.047950978064383594,-0.028390069291630807,-0.03431447976566177,-0.08225159085478355,0.25272129383872394,0.23046887412163944,0.21103485564140467,-0.25482881954961184,0.11767558080015116,-0.014175081104781728,-0.08887195093898717,0.038444894892185076,0.035253825386393677,-0.07362721859507747,-0.032720650396727495,-0.0069525420754166165,-0.05775350983183336,-0.0968647754249447,-0.04574220542267295,0.03568514698203168,0.02981509831788242,0.029530175718304182,0.07063861746569904,0.018531291359570365,-0.19129433239350802,-0.14524116216635552,-0.07973754896683766,0.049406793445126336,0.0684885572096964
2017-12-12,0.018272200730831422,-0.04451359039975504,-0.011983103998886331,-0.003906976063698124,0.029868366042169938,0.039034482789812044,-0.1505853724809569,-0.09166357400320377,-0.08110065429182976,0.21476510999620668,-0.07457597840731796,0.08323478891696912,0.1378464371731431,-0.021416225929437878,-0.055594939654227835,0.046098936511761314,-0.09435001364110365,-0.030869887868050536,0.08412502384909577,0.11769322526189716,0.050585758180389996,-0.034501095156512986,-0.012416611993128055,-0.047518609723313815,-0.013295746020004414,-0.03354905366290762,0.08448615571067512,0.1553116862422459,0.02209659399348207,-0.021136979728320356,-0.012128002763913135
2017-12-13,-0.05231607108490432,-0.06460516855880132,-0.04510325668760078,-0.0031579817535490914,-0.009719279579538335,-0.0040383050325402585,-0.015376358158220556,0.034302824698304174,-0.01501921068831476,0.04038734286375263,0.04481517141513186,0.05339106111893229,-0.0013279289049429625,0.05489366712731897,-0.05295572885663421,0.03760194754799466,-0.044004388755842394,-0.06805311980158378,0.009004033710431762,0.03404772197395428,0.006559987977873104,0.0036858608556522322,0.03801026173901581,-0.05211191447292835,-0.039426296122411934,-0.10547377676360908,-0.0732240380549952,0.029609912619312808,-0.06290495499593894,-0.004697128879783769,-0.07586081060284437
2017-12-14,-0.12666519565928702,0.02320734116904558,-0.04462305744550865,-0.04125847724170337,0.032671650533177665,0.18690357234922628,-0.21954495263559426,-0.20480149671896988,-0.25713714484365613,-0.1487982294622135,-0.08992104882050346,-0.14814799844675997,0.02426695266386524,-0.08731601135337562,-0.13017023440809908,0.09251165414947872,0.05277128253938283,-0.07434598656286541,-0.17183124573631328,-0.10235553825607278,0.011399345613702,-0.0061747287661372075,0.008393056857887445,-0.06116130997856849,-0.12596543973990143,0.04147046200248901,-0.07186393312991297,-0.05211509784620685,-0.04452095097801763,-0.09897320574646681,-0.11882769999562781
2017-12-15,0.12127723361649939,0.12788943686477988,0.1328548285106744,0.12447207584941504,0.063031997766257,0.011567363473351066,0.03841464424209443,-0.0005702820132698555,0.0698266710483067,-0.16993057885387858,-0.1115296206232061,-0.11618014020209945,0.09899519941942127,-0.14721007850305576,-0.0023798730381466558,-0.018842353957983782,0.03894992212705956,-0.011247622447566854,0.06421406698714713,-0.015910117587663076,-0.06806254457901759,-0.012753324218445291,-0.02822091249611882,0.1393870861734814,0.04584786239842146,0.03193426980438608,-0.10708079925871582,-0.10234109557352652,0.07521575214071488,0.049094168193074036,0.03584662872213976
2017-12-18,0.08298651496488015,-0.015740079776563044,0.04374051086386306,-0.03410242800111153,0.025143113192936887,0.045270297369768724,-0.11654222538606229,-0.045181261722177846,-0.07393736883670073,0.15469457727935226,-0.1320458525177853,-0.2255963088179258,0.1780226216078128,-0.2203691354455667,-0.08393162458608536,0.03633943308135451,-0.11056283342159917,-0.18959735647053316,0.08851606970777515,0.12922192832930357,0.12674174796019344,0.0073777897606835076,0.028037951939566184,-0.06304938483477923,0.0007707997136139405,0.08475035532478949,0.08504712606431628,0.14662406531249614,0.11320409928340561,-0.018652281223718155,0.037118773718358616
2017-12-19,-0.02240131379329953,-0.012155659500694313,0.0011946911297072032,0.00645378469520647,-0.1281297092892751,-0.16831474016378936,0.26950632768400984,0.27758145473331997,0.209182548260035,-0.20776921997070877,0.0786195253202868,0.00271023268356873,-0.08825668907145608,0.02980971725547773,0.11428398726235715,-0.04036104544240235,-0.046364178062130154,-0.03257000637326536,-0.0074282539626115175,-0.058853417347633996,-0.03724336677976568,-8.34199423808697e-05,0.010099366182379449,-0.023832567812109597,0.05056415507196324,0.029691290112380784,-0.13174065872952373,-0.25062111308593404,-0.01577758541620603,0.009566813709313482,0.07684984260557891
2017-12-20,0.08765343233507678,-0.09159061673635792,0.0071724924199285224,-0.03599993648804585,-0.0771097388154699,-0.2425401427872701,0.22861571280503937,0.2684228479940274,0.30202783982987497,0.08875837319870244,0.10608936411694991,-0.060938566782687734,0.04880768041624516,0.054523189097991524,0.11593436337095799,-0.04627423742145202,-0.13603678088438476,-0.04693696021735629,0.17668449929660796,0.1399300122537363,0.06741866917575443,0.03302902841804826,0.00818077800036324,-0.009710602436645264,0.17994357260044117,0.016383698724815758,-0.008489537366414598,0.07694703703260396,0.026762094459413806,0.15214704751061858,0.19937228498988363
2017-12-21,0.05344123516756535,0.049306091919435094,0.05670146934137858,0.06852160410822611,0.03399310001630879,-0.002695862155257717,0.02425704091680071,0.017466213466907316,0.06795037276285601,-0.06140955769966221,-0.03853500615402618,-0.033461344918698385,0.02196203242940648,0.003751421169878925,-0.018346637954764766,0.01834722131560379,-0.016158621911535994,-0.026009039598150513,0.04383619133837325,0.003617383195531083,-0.04402775172344675,0.008255945957115256,0.013086874981511605,0.03237762468127113,-0.017789303675910476,-0.040914291110980994,-0.08699914377545917,-0.01066746885195641,0.014097471465940382,0.019008224907115644,-0.011266316229971826
2017-12-22,0.07530576725582461,-0.024831367488720092,0.05269746556875464,0.016093462903387395,-0.04646993947585963,-0.16948347428628832,0.2327511462162057,0.2431520956059928,0.19406075673439024,-0.13937303276261734,0.16887226426370341,0.19204506023556916,-0.03097505235105104,0.17235681714231627,0.08932564660978023,-0.002157603463686968,-0.021478733365905653,0.08913371826104304,0.1226080674112642,0.0534631151106952,0.04921305692671192,0.029399500196373454,0.010000252841585866,0.029910406398876363,0.02639257630637657,-0.02633381696550998,-0.17074335515115263,-0.14262640499178714,0.04048077172348211,0.016746336744866062,0.031396947732725645
2017-12-25,0.07054225329456394,-0.023353799753503345,0.054615660171163136,-0.0156599524909986,0.13392024058436108,0.214305172481618,-0.3232791695711067,-0.2998472668679293,-0.2644993757985431,0.16989423561254785,-0.14307052064664036,-0.11986969273257124,0.11849244087619569,-0.1335697021210091,-0.12190887943535587,0.17005546949108738,0.03315634893954628,-0.10470420978675356,0.11425416062922333,0.16008769647554075,0.08690424763843403,0.00036359977215828684,0.023144828567366143,-0.06933453181546415,-0.11637419052350739,-0.0392349902738057,0.12239612549396933,0.2623899884407044,0.10093680377590036,-0.07891587939556209,-0.08766156485183314
2017-12-26,-0.013680315542897213,0.06559445464896108,0.012882968415473756,0.06952354189854267,0.08375060931067145,0.13253636872129199,-0.1599849826790035,-0.22318465203189713,-0.12701096024742653,-0.09012547399994299,-0.15401380080169566,-0.11877628147733411,0.07759197745719504,-0.06262242959833422,-0.14973377297783153,0.050484140537507605,0.04345346242691241,-0.07605052834534205,-0.07651736157103249,-0.07583659629530067,-0.0988983620633105,-0.04030095901003075,-0.014648654447057622,0.02685751948463113,-0.06994616929420883,-0.042413225459689646,-0.04200038237931733,0.032100966587316336,-0.028139995858864,-0.027406790016038865,-0.08183820084140517
2017-12-27,0.12047484687848492,0.05168751985147684,0.09494428131396004,0.06785362402810616,0.0887886770499623,0.07278202112432396,-0.11122240177094941,-0.1307344011701172,-0.04424363959265527,0.055521907004989136,-0.006661752603543985,0.01841228522142181,0.05333257630572098,0.12287213580819711,-0.0648848929616671,0.04223289768084863,-0.044065064767679,-0.10321212015824727,0.11716654557330607,0.1095748124709598,0.011741035946719307,-0.023094098780662695,-0.014676018824500908,0.051421270684732616,-0.008691482882729383,0.0031179868476346366,-0.006163687853707775,0.15944125791009223,0.07974826275163915,0.012336974654312131,-0.0243877232508426
2017-12-28,0.0172877116421773,0.033912628079096334,-0.012069389012738668,0.008415283186503308,0.05802867969521801,0.07443915420233356,-0.10115750056094083,-0.06686882351151377,-0.08469521090361672,-0.00695390995332191,-0.15906824496352043,-0.2694739962094697,0.17803338939132007,-0.1998208308124657,-0.07209763593555686,0.08711950246444593,-0.013810286941777777,-0.12929628978930072,0.000961219813782649,0.016263419459310192,0.02109665176798521,0.016918088728516214,0.03228689901525127,-0.08592182856648191,0.014414527682440814,0.10409379798713175,0.0679880644068574,-0.008513684962582951,0.026038857905506488,0.021729514782196747,0.03869273972310895
2017-12-29,0.17308819608687528,0.17568430481923497,0.16292261890302007,0.19703383355974616,0.08919323052277486,0.04740935233413341,0.010351545491440056,-0.03810957514937612,0.022670321891912162,0.10807825530887893,-0.11742592949246909,-0.17373633220660617,0.10611702953595704,-0.15912509498724411,0.005222470632081752,-0.16560725090468226,-0.14589694138885048,-0.2371662962665746,0.09062772975283633,0.002280245264228595,-0.07520596977582736,-0.02573770106432913,-0.020843279257495545,0.2433988169800778,0.10280344069697912,0.04992887828540454,0.07976789485441216,0.005472567159853429,0.11338083690785847,0.09141801349610777,0.0897687206052849
2018-01-02,-0.016458055693624823,0.08649910949131001,0.007795870739384476,0.03544679271943572,0.04300958822101838,0.19787215969857394,-0.21253048602023591,-0.2624155043799419,-0.2040348399051238,0.039658625189479935,-0.30050219916504217,-0.24710438344000976,0.16873004982202042,-0.09503829283710771,-0.1178851230803048,-0.0689824154022819,-0.05137766656160759,-0.06406876193347283,-0.1029213641211615,-0.11609860624365428,-0.024337031197137877,0.010736784456831336,0.004472787513362144,0.12961884114882688,0.04584723957141505,0.07943606021370674,0.16033822638321799,-0.015469652278883438,0.0036845983434035923,-0.005093634051031542,0.04312712340959499
2018-01-03,0.05530563626632682,0.1066630620742534,0.06896315708349084,0.1581801431413227,0.0013567950914465977,-0.027359756807122125,0.06276078975085886,0.08685791624082084,0.06434687980545861,-0.06888319702543926,-0.002033357789796686,-0.02374995643055828,0.08409698775053157,0.08691231303275088,0.03128942164735525,-0.08718098598380603,-0.07702996303931596,-0.07510371778215054,0.024742770262631972,-0.052598924265424826,-0.11354242116207247,-0.015881900394970724,-0.01880307453402263,0.1166132387072141,0.07439154263864584,0.03138159864270127,-0.01885685349542348,-0.08229878410650056,0.0076603333799786935,0.05561393728552252,0.033458694598069307
2018-01-04,0.05923767008164977,0.19083699827753642,0.10230723762408066,0.09245308422681377,0.062356375714549536,0.17887888363328194,-0.0394294949692664,-0.10161590925027623,-0.13680848714298174,-0.19433942671453883,-0.06816328579732057,-0.09054841115537224,0.051745864375277596,0.002422816667225704,-0.13119475105902534,0.045889466241152754,0.0076271926349510515,-0.10023446451422409,-0.08864396575355554,-0.10750403570470657,-0.022593885680140608,0.021929106366086866,0.025756626843021047,0.07145312126190241,-0.09361491978261259,0.06678382643240191,-0.15527458748391298,-0.12307084589813179,0.07825480067221112,-0.08451564494626272,-0.07983205846879395
2018-01-05,0.20372687252891433,0.11719489255151885,0.17106062973050312,0.1445478426431029,0.011458986968920162,-0.11282247049465277,0.17959056212637492,0.13963273708018462,0.12298194411110958,0.006412255086364909,0.18430043039602997,0.031362131203300114,-0.01756036036377538,0.05104542147086827,0.09822085733913831,-0.13135164119659634,-0.09533654576300502,-0.08114391771394339,0.1508063841128394,0.062482976531202,-0.04677638361724963,-0.009824222647716511,0.0056217048607237015,0.17442170752331865,0.05837285174950638,0.003984584819352712,-0.05440423985291978,0.01213002394897809,0.1260934204816561,0.05522307548444644,0.03592663613977076
2018-01-08,0.014034895194292506,-0.0738188112859369,0.002862647595995947,-0.056100050526821585,0.0057994414024294194,0.03479016315533603,-0.0770683929104791,-0.02964806350173678,-0.0046197139499368255,-0.061700911576188414,-0.09884466176128118,-0.16559016585883893,0.0696824995936368,-0.1616141700412945,0.017169940943931022,0.07281160276568872,-0.010822291117048792,-0.03213362729047178,0.0740757062546843,0.07902391695841884,0.13233083676696414,0.007198624087165646,-0.001333700650484628,-0.07330760271427302,-0.00934116582526221,-0.018498634305487496,-0.05397465636595343,-0.019093376652784603,0.029448344249359285,-0.04088213951629153,-0.025652554804211514
2018-01-09,-0.0068365546202261655,0.06481177457630516,-0.0032034590343545354,-0.011668733610631839,-0.042385281119057185,-0.08703008761064902,0.24281975463572295,0.21645045442921487,0.15604378006651232,-0.17049210954649388,-0.03234866946127586,0.010110644937801243,0.0009515292321352615,-0.028543746407010198,-0.020569267364061318,-0.11011132345866824,-0.0752846612199038,-0.06170865185741805,-0.06809145213927738,-0.09566240924278514,0.01310544098527045,0.018606033582867415,-0.01157238689091026,0.10375498717018207,0.05765588264787796,0.06421513205702167,-0.10489538958904339,-0.13068120755165583,-0.020246578506678634,0.05621512972935874,0.05933528540709965
2018-01-10,-0.04442388426387727,-0.07522227497348831,-0.05600911416469824,-0.10479436781452811,0.135851428966569,0.27358644778177826,-0.35410227863178534,-0.3390296443112548,-0.18919082747789734,0.08932145157629404,-0.21982449108136962,-0.25962476876389035,0.11491153921097992,-0.23892929910445435,-0.12964747620691597,0.17135613852312787,0.06533657216343618,0.017083378148679225,-0.024568388423228896,0.10454125193134664,0.11565093778873738,-0.0023605496764817846,-0.005973104630536405,-0.10897546408367884,-0.09492636665428081,-0.021864014121757556,0.052010375435335404,0.23748971934305899,0.020508922744562303,-0.07277589060045013,-0.11119679990013455
2018-01-11,0.03832988389358822,0.08361325980997404,0.09403831600859903,0.05826913285157298,-0.030030770320284544,-0.0032184798300268665,0.06110791858298711,0.042824735049566444,-0.015602023150863275,-0.22047485793356264,-0.009191300565247093,-0.007128042943120585,0.02297453928814486,-0.11982135521963923,-0.05726307175295777,0.036456491248097564,-0.005483862394600043,-0.059532044215269676,-0.025514943713964025,-0.07631515356742438,-0.03976281566539643,0.008476336480449423,-0.004540233665792814,0.039026921189981904,-0.06042756432971759,-0.012139006457695485,-0.1647397385260155,-0.17963711164056093,0.04824532247010912,-0.0841034168305848,-0.062130217510104266
2018-01-12,0.07444495314892026,0.039762148194480075,0.07804418643531723,0.03333239704392009,-0.07429449404171914,-0.1043062078362504,0.23955054881404284,0.24159439568539176,0.1282881262714343,-0.2846611773230185,0.1747410170766763,0.13615576191249332,-0.04567945756377284,0.08199084718754764,0.09164977220567302,-0.025973350232003402,-0.013716931309156678,0.030544931312074013,0.06542604464107887,-0.012571300749450958,0.022804045139814526,0.012109001487259307,0.027917264530628854,0.02871973409535558,0.022530546978366515,0.04988481205639031,-0.2851000972570626,-0.25019683698840034,0.06781260191993792,-0.04292854527235549,0.013346653727267394
2018-01-15,0.12886577133310984,0.041645003981756176,0.11520877818167141,0.033127199814483345,-0.032021488825635,-0.06411951757184882,0.04832814321820334,-0.015211701034788298,-0.0024478094029566364,0.19443734980803815,0.2009349270280044,0.06451555351016285,0.0716043175991485,0.0968269029371893,0.10212609058806389,-0.008164760158272671,0.01521582539098764,-0.020390975590674956,0.13243159995145282,0.09146721569416097,0.04684496569045438,0.009223100950399486,0.020975836854623668,0.055962381753698894,-0.09040449233484311,-0.004939535578095314,0.0890725988020308,0.07607070816001898,0.11163859147685175,-0.04902868094283292,-0.05976234843381725
2018-01-17,0.09688714175459091,0.11861253429588785,0.07292714783178333,0.10845346269126717,0.03359151746261355,-0.01359960565901594,0.027402307243483998,0.010655545651417865,-0.03042888105882179,-0.06195092486541644,-0.0029292110256942797,-0.07582568013063108,0.07544405873138235,-0.038829146571113624,-0.08694581513617973,-0.013023037185504094,-0.025378309059531895,0.012362804010045584,0.035208651001962896,-0.021281883138849506,-0.061997504176533255,0.013006677143498247,0.0015947065579348231,0.010249673808868261,0.005358141963770186,0.0471123772105257,-0.037745129474422955,-0.01824599893567405,0.043656188943911045,0.028696652730579517,0.02929906890517963
2018-01-18,0.020651424539687623,0.102004887831029,0.05103600413646394,-0.011596063675899434,0.037009080410708245,0.09852612555493451,-0.09507171838301368,-0.03665593686880034,-0.0660443795618609,-0.13976772428596568,-0.0971498702357726,-0.12088387942928226,-0.011205376391026502,-0.07146216903822158,-0.14311266046088236,-0.02395646234090109,-0.031152509585879427,-0.07683543884550328,-0.05323530524609699,-0.08086820510145208,-0.01734237810335809,0.031173883203468297,0.0012387886654926226,0.05874609684858758,0.06463110862843832,0.03990444349275238,-0.0980111404850841,0.0009002643965104771,0.05069697078612591,-0.024363557191525703,0.014025061847856615
2018-01-19,0.1307910197173342,0.10567960553344824,0.08934754473135646,0.11014017133984053,0.06480914047457188,-0.011734940569476278,0.0012672601569613507,-0.014321727101868536,0.020953220502131435,0.010175325218615246,-0.12302752075963455,-0.14335771454214802,0.08505426223965383,-0.07428756562506539,-0.10954433440715446,-0.09357419302001459,-0.1795396548319358,-0.07846335146220862,0.05975479715007423,0.03909875289483543,0.023988785489431706,-0.004419501390653799,-0.02549437415021094,0.09942104862897329,0.16613927538113948,0.16967711309234818,0.10539498241178899,0.037526711607647666,0.08020138561923218,0.1390355338548861,0.19348256608958095
2018-01-22,0.06853649487162544,0.046319452314354206,0.0845246568566867,0.06785123354352869,0.023859474374180872,0.0398947111048886,0.016145516124522665,-0.033249611176955886,-0.0667627398384441,0.019252661094958563,-0.03794435584463944,-0.07694843638859142,0.07634691983265485,-0.1266809618102414,0.017563166724845192,-0.039654796703506086,0.04277639776230025,-0.032344690501101656,0.05578108453210289,0.004163842495580392,-0.036273517731096785,-0.01688017132904573,-0.010766430199595516,0.07982385289355844,-0.024655899932067883,0.008566436771412578,0.029739938255788013,-0.01151870456087073,0.06951446859641289,-0.02294044407693377,-0.03304811012459708
2018-01-23,0.02512052491969982,-0.05162489280063897,-0.02477180762799326,-0.13221928113716447,0.05366846321545496,0.16432839481011124,-0.16239146231954418,-0.14014001557898362,-0.055452372434903446,0.10436152659877751,-0.11204114886701219,-0.02938699864099976,0.01076684931097248,-0.10341398163419273,-0.054917629997655266,0.08336296409590199,-0.12180847794449425,-0.19018955673247384,0.06374690998700625,0.13929040998091308,0.15995137319792985,0.009657062730541467,-0.0008600631726138711,-0.051342098043941665,0.03635580808886783,0.002343253795327497,0.024511984057272222,0.19236496679079754,0.06335659618728061,0.00661330558543936,0.027339678063723342
2018-01-24,-0.0031216920038118104,0.14760752755057568,0.04431135943688635,0.17197823869560439,0.11226572731563657,0.16909659797411247,-0.10709034145037605,-0.08529421460680059,-0.17844205064815338,-0.177502895536016,-0.21664526271972284,-0.14187531474198384,0.1288401337899065,-0.14320017101622462,-0.17399339038768188,-0.03097977575652782,0.015598455014086675,-0.01244621376020673,-0.08352794824096864,-0.10378058117435329,-0.1523979379199195,-0.004087568907206251,0.01629912605428816,0.1068771937160018,0.035773969808834453,-0.03172665762067906,-0.14443721247649627,-0.08210194913707909,-0.03656891519600219,0.04360795690331017,0.013729242593100776
2018-01-25,0.06290043253386277,0.13326951550520377,0.09059559685423905,0.06555923575297924,-0.05073812603690317,-0.0890873438522143,0.12268221100664364,0.18250156728159322,0.08012794737234742,-0.1625923430803461,0.08953936094123964,0.00626935415859773,0.03619061823848674,-0.024155429352770964,-0.008819216656426354,-0.12687569941368165,-0.050150408816425775,0.06316135469693743,-0.038499424175600774,-0.11481144679143263,-0.009523488461026996,0.006277812699183203,-0.00427183529207951,0.11609058840140905,0.040082661246893754,0.11469411770747767,-0.09673672584732952,-0.1628656518023594,0.061866843486540306,0.014797485173241245,0.05664203817921233
2018-01-26,0.06484359817759024,0.04462124567030843,0.0665705306289604,0.07516418084645529,0.038846922048957774,-0.03924676206912457,0.11218690221473385,0.15216726844472686,0.047097652535237726,-0.09320182106885301,0.09300924884516583,-0.02937595266205931,0.009099468027004532,0.03100569868377893,0.049182149539971604,-0.05527635570891957,0.04977878942375055,0.059063608817404155,0.05267197386067411,-0.0008302098141860988,-0.06573594800590156,-0.010957751147579685,0.000572163987968475,0.07333656176152008,-0.016163140894324513,-0.06722631381433873,-0.19157155868007467,-0.04219378055720066,0.005379013016364499,0.043143737902967064,-0.008665368586695017
2018-01-29,0.03468448050875704,-0.01581799393780194,-0.0061748275961736356,0.0010093675235004539,0.09297100478864881,0.07799808389553463,-0.0553696760330459,-0.05454293932439796,-0.026483924629634004,-0.08515095466253018,-0.07977764778748712,-0.08811952464425275,0.015085076578682235,-0.08546665051486398,-0.13202970811392747,0.08895293473181147,0.015362718447580088,-0.10240553044287137,0.03273290293803537,0.08924113939155702,0.027771586266081127,0.008444631427862477,0.02750337912269838,-0.08554393986195583,-0.0005476400284117193,0.05550297815572218,-0.09989610048573078,0.0465285230120134,0.030411572314285814,-0.023199300842552593,0.01159696175075213
2018-01-30,0.18643187035177,0.04473994946638042,0.12229816576695209,0.08999225855911784,-0.0667267258593383,-0.27103874606795675,0.21511307628122855,0.3313150163454144,0.281825931475488,-0.27900689634648584,0.21138175150032235,0.10622813738341942,0.02225514579069166,0.1609726221755394,0.0749570100037722,-0.08069266464012016,-0.0761193245115,0.14036178824039755,0.17289380785908487,0.06061430167335048,0.011707374485731456,0.02629193576722222,0.013986217070375569,0.036200384250989606,0.13317263365528476,0.12215112738154163,-0.18786572099133386,-0.2171333666193735,0.0976031243022181,0.12924373885444387,0.19340752244721682
2018-01-31,0.1619828773767617,-0.04678228326331598,0.09114767266858895,-0.03832808990158908,-0.0936001606078543,-0.3088074007311044,0.20640138047430495,0.31956246325939286,0.3329209272914958,-0.19671521691186847,0.2812615701726156,0.1446577512754212,0.08833106514685105,0.19520406588380898,0.16234256402170677,-0.06255832732706369,-0.12795173680688915,0.06726166988973108,0.2028119109993264,0.13675596196137801,0.09598349791321877,0.024936634018804887,0.0037587967532638007,0.0005869210287546602,0.14655496782062494,0.04047248372460624,-0.1505780421354937,-0.09244300203364801,0.10663171937952255,0.09932413113140355,0.16615631695262714
2018-03-05,0.13681317812245494,0.12112899704241023,0.15212715420967668,0.12534830817929501,0.0955472182870694,0.09573131447136761,-0.17458610241261974,-0.1472530848570595,-0.1320430619370549,0.11301680503015582,-0.2479358006422154,-0.3237225711922155,0.19409835097512454,-0.29110257175004944,0.020534765788883875,0.0029073885113385604,-0.0069249539294664155,-0.18184199302983134,0.08460273040168649,0.02579428511365722,-0.014725175215830926,-0.01427198365713894,-0.01890501629457466,0.09931568604858534,0.03893616879145118,0.013634812373165328,0.10703728363461822,0.006591715997842548,0.1095729842331135,0.018344074334563733,0.010214271055556102
2018-03-06,-0.08696428376059093,-0.0901870929070695,-0.04677928128467412,-0.07501970955001715,0.012718539262859346,0.11468714793583738,-0.030669228813854737,-0.01860372631055985,0.04791954404979723,-0.14696378582614675,-0.09030450950133716,-0.15907915693415525,0.05029441048619845,-0.0028027944347464788,0.03851189755962088,0.17513078590504,0.03590354210768343,-0.07894785417012673,-0.012772441527349502,-0.004670332204581389,0.02237843047024137,0.021100130150989643,0.028277200006318025,-0.13266036565379927,-0.0847118509307381,-0.10661883201629607,-0.16327978489924505,-0.1313032864295621,-0.0446903108516785,-0.057551506380092404,-0.0906323771700899
2018-03-07,0.08654123394897753,-0.03791258771605232,0.048416533843123444,-0.005025618773613422,0.08099861637429225,0.15039465230939988,-0.18425548821208051,-0.10600663670836363,-0.18026201495094127,0.09144906496805857,-0.07227144621547651,0.001291116303248881,0.1202477074568517,0.03779204674105781,-0.1163248247887854,0.14113870523165029,0.07455401921690114,0.003845274109369074,0.12486856457885331,0.18686667883115818,0.12780391887990494,0.023002084923347568,0.040169934211665904,-0.0982913941641927,-0.058813555077078604,-0.005080851464444393,0.04871750472890059,0.10578631947422124,0.0926383118082502,-0.052083638065513034,-0.06584103920292099
2018-03-08,-0.06251385263174086,-0.12867253741178922,-0.13597295872250584,-0.15118793098833455,-0.042123903380519634,0.03846729808127467,-0.2135771451546958,-0.22440298433313768,-0.22969869947153077,0.24258490740609073,0.045557821955928224,-0.21500673072697116,0.18846356520341692,-0.23164298084594326,-0.2200056970790188,0.08176970099695366,-0.07200115047408398,-0.03998902371432962,-0.012130879418912556,0.11719335963950654,0.13961205686279046,-0.011503698160959832,-0.010474616212729456,-0.18370067870732834,0.018352266265877985,0.03407566241636555,0.20989918746341082,0.2079832310436038,-0.010702914099437308,-0.0690758890343163,0.009467007614484824
2018-03-09,-0.07871969668501018,-0.022639251147597707,-0.09958913081667639,-0.039001169830476655,-0.029182900470085704,-0.02442507159480189,-0.13853447681696157,-0.13224095467240046,-0.19094369125205615,0.26210008261781353,0.024070271216293918,-0.07999313388595693,0.03570752928812819,-0.05529591719835805,-0.09614212138455867,-0.05455778430315206,-0.022342713939009815,-0.12793480468236276,-0.08887392444347458,-0.010367575699103153,-0.030960240112197484,-0.022139490250183875,-0.016111045765844913,-0.025310616842625863,0.02362414434669416,-0.01992391765060306,0.262323969908987,0.12402425106823717,-0.08515919595652945,0.013697468761532185,0.008578185376950412
2018-03-12,-0.08386569553198531,0.15355774932720706,-0.0007722093263883208,0.11060565162811485,0.061378378880624716,0.18943461050245858,-0.15304591820174346,-0.16859510948706435,-0.14619242267941096,-0.19848780629739174,-0.06050681630846124,-0.19532779576739545,-0.017738902683401586,0.09214866730222478,-0.10174242827146161,0.0484504815230388,0.0945414667623451,-0.12509500548048189,-0.20430948677504537,-0.21555146555702154,-0.11750478618073504,0.0016337690566831542,0.01967420578081838,0.04094002311446647,-0.09410408894638664,0.04392431393398456,-0.09460076459486949,-0.0849524885203432,-0.036414376892758386,-0.08769507173256087,-0.10757247654842529
2018-03-13,0.10209047473612128,0.019421887486075793,0.1029825580152575,0.07162015581809884,0.10400736055068423,0.07386198421472707,-0.028900783603699496,0.08089271255083022,0.11820744282148998,-0.188842178559524,-0.2928535092675154,-0.2577163302700977,0.14217276203006377,-0.2567628971919101,0.11479687491363597,-0.007936678898929657,0.05518183382695004,0.0019614405208790557,0.12214596913155354,0.045891915650979616,-0.046844454886297814,0.033081443146422314,0.030433265816484784,0.05958063960696459,-0.002946969651399621,-0.033132220571448635,-0.1543817817153476,-0.06917208290056867,0.03880412047374344,0.0733471385891501,0.03873923850660745
2018-03-14,-0.0028254064025931757,0.11578320386573654,0.02194963228604479,0.09133308543702681,-0.06895331906015509,-0.13628350402286046,0.1424823147810404,0.12691404114722615,0.2138183178495913,-0.16103429987505585,-0.06940030188145892,-0.14479577404098878,-0.030247929475045943,-0.0963989701771436,0.03069231171140132,-0.18368808333633288,-0.10275302580322429,0.034155176791003085,-0.06649358986139782,-0.14497788664167754,-0.07096365844482828,0.03329458912326871,-0.017070768734264292,0.1783686263876997,0.1904576697705195,0.08224231142628777,-0.11294434840647177,-0.13075843757532526,-0.02793096327182411,0.09972064604896107,0.158980646917045
2018-03-15,-0.05871063234546265,0.02820442431111187,0.00019531476954241924,0.0059741637016860125,0.05622948051732853,0.195655989570871,-0.15723158559589528,-0.15332011181935498,-0.17962098513323646,-0.12506213585883086,-0.11202354289449024,-0.18027677091012606,0.08284851969793347,-0.15781384935153128,-0.18455872264962792,0.21126757209012553,0.047553657507844085,-0.058874808847292605,-0.11025349582607959,-0.047750395639161815,-0.02442874389290692,-0.027968912500828537,0.03363426651705859,-0.12378242369333184,-0.2050454690406242,-0.00906942380199193,-0.13343175517370043,-0.021689525200809887,0.028881497937126265,-0.14588540400207672,-0.18726997437403572
2018-03-16,-0.049333919863292275,-0.23712017641975863,-0.12246157155412046,-0.2178253396282843,-0.0355214058716353,0.027739636748443187,-0.038528822241524444,-0.07113085543791456,-0.04695877013269801,0.14301417771908742,-0.06536345159734328,-0.324770694644593,0.003891051605855761,-0.16510852072431237,-0.14712672018735165,0.18970749563494008,-0.05519637944252459,-0.11661740527141551,0.11637720799578873,0.22942367919494558,0.23711145421159205,0.0230750843877131,0.039643675581062424,-0.22767260207946727,-0.041503823453541644,-0.05255735413226309,0.017784510987054938,0.1963764852168247,-0.0007276229423379778,-0.05746170583218591,-0.030520777424226965
2018-03-19,-0.05184619957986197,-0.08005302355010645,-0.05379575033478873,-0.05150980310561289,-0.015088728011966616,0.0170881777432426,-0.07256023181165758,-0.0610110066466966,-0.049745341716599285,0.037917557964471126,0.01903303502036685,-0.09445793970557205,0.0834187942865771,0.016853061003322654,-0.009207246344600675,0.1245681540618623,-0.018821417136854632,-0.10627416194166622,0.028385848927398143,0.07682304862159602,0.09159427583031744,0.00852037926382158,-0.005401265170861079,-0.11677147799777965,-0.03599163343658792,-0.06227058447871449,-0.05043964086798459,0.05020185052575873,-0.018765343834545204,-0.045087560912621956,-0.046656981034774545
2018-03-20,0.012634118093739655,0.13013476924821646,0.07247225559149205,0.06864080929195317,0.09541394437688619,0.24473431242700786,-0.18548897407996187,-0.16668753487861043,-0.1209727051418588,-0.28446332557700205,-0.20572741114907406,-0.16119938351646895,0.049837247222393743,-0.19712763107002187,-0.06306275682910524,0.1052869935078749,0.062155744101727216,-0.11887232184722096,-0.08478264558477329,-0.12297282824542274,-0.1380655311743702,-0.04145596345136091,0.0053517571065707335,0.024635641705327414,-0.11133175067074289,0.04608451061090332,-0.12392489378695608,-0.060309567850040664,0.05149637380280577,-0.0797369247355949,-0.1324449898348165
2018-03-21,-0.07878816359875095,0.007166084776938821,-0.05438942755443139,0.01054051509019258,0.051821599598485125,0.13397772252157947,-0.10393086832353939,-0.12834513582462442,-0.22197064245963574,0.06309858467675987,0.0934018184793623,-0.005488186140944387,0.011478539039443715,0.13382385415588535,-0.14015771313214992,0.1454112210707476,0.09246387018966871,-0.08263309127721134,-0.10526916827789731,-0.026643607831667512,-0.04732261294262541,-0.0014003585986443986,0.00821958322755544,-0.0858821537020892,-0.23169558631033332,-0.07376928179783467,-0.06541213958326998,0.1371263730765464,-0.023018654682327104,-0.13183740841138578,-0.22270897601356016
2018-03-22,0.030840013723561294,0.04951777841555916,0.07294541751892528,0.04476226598384323,-0.0029417023085663947,0.028401519298622512,0.14712825489623954,0.14429748236710394,0.2981333397782414,-0.4858050291036392,0.005063662466638522,0.028820664332945778,-0.09062479049993188,0.036300529076393195,0.13096971908613025,0.05534269634286106,-0.05742401309028133,0.3110476515190001,0.009013420061855563,-0.06454861329539398,-0.036478696609378275,0.0383405810612178,0.017800370172393932,0.027154120869265806,0.0922100997729491,0.07911622373961512,-0.3506037555369616,-0.29461696261227144,0.04042358033366445,0.02698228785595705,0.09962536010483548
2018-03-23,-0.07388068343866944,-0.2038841452520033,-0.14375604111324303,-0.19077139466625573,-0.05552804733366105,-0.1271200721385908,0.07880511045185025,0.012429626841474629,0.014993382094941263,0.31027053724607645,0.1096578931740617,-0.10187689579256559,0.29867844486995704,-0.07799626439800905,-0.08233538668222508,0.06147456462434617,-0.16101153606293162,-0.2908926876193145,0.06921544774591747,0.18382818702085615,0.22677455759575818,0.032442976970246826,0.04161636037969399,-0.128755972893694,0.12236237355017161,-0.025270176042262733,0.17882315971359447,0.27345440473913923,-0.07140957328719885,0.07193098066797846,0.13797577910174774
2018-04-09,0.2271904229912059,0.1836487753952936,0.2388576769377165,0.17459405418854718,0.15644757647938906,0.1587686831362387,-0.2880222910275874,-0.1511200801241091,0.006279827147436159,-0.1368503844918235,-0.3337230525905483,-0.33467869513393217,0.1811073589070132,-0.27269969109390146,0.06544917513332114,-0.0644179249873857,-0.01343758679129063,-0.21042643295193264,0.12783806327968605,-0.0026901030197767997,-0.05053172964245056,0.022496920302688277,0.009444426538998858,0.19448585657799333,0.0954087691780651,0.07483345575201267,-0.018342687650690786,-0.0752634477045186,0.26799393363691476,0.015411657501755889,0.089556786358033
2018-04-10,0.033362354199944634,-0.045493900007160804,-0.0017473704840093947,-0.007700719498633117,0.014308250634857005,0.06139674154689985,-0.006482626898576226,-0.046777858731217085,-0.11979382280105216,0.08576101015812021,-0.03006793382932457,-0.09668452150183499,0.06453952870738543,-0.131170211643498,-0.08725332773042375,0.15706154479753753,0.026837341317955617,-0.05247190612237483,0.0641320766217983,0.12774005389115578,0.06077562734131306,-0.030265337927030678,0.02449980838288837,-0.12805674957975505,-0.05430786498048036,0.06557581927540095,0.07497662853462934,0.08840311013130592,0.013636689286624542,-0.034285713168668484,-0.03254539512274045
2018-04-11,-0.0038756359663294844,-0.05486837569584085,-0.034668628682623236,-0.0785359013969396,-0.01686684704017447,0.014762138432874427,-0.025690400023475467,0.011848892106241366,0.008027170634644459,-0.1730519930556492,0.02685225893956618,-0.02243691664946001,0.04253966986236704,-0.0269954056300127,-0.06879481184277104,0.1273821137429085,-0.0019472712031244825,-0.026831339511064603,0.009307851101149402,0.06126337206218091,0.09163717056636178,-0.00540146204819051,0.009903001043950426,-0.11577592647415211,-0.06476339652132537,0.018452456060469063,-0.15723202986042933,-0.03512663053793369,-0.020275048368408762,-0.024271303987498334,-0.010972874711538365
2018-04-12,0.020905330929474438,0.00720546211232883,0.009972253193727984,0.04281391752194141,0.05125428717542801,0.04641773529599987,-0.06394170106626364,-0.06501039787696129,-0.006309487614173719,-0.05412744095263604,-0.11049980656891739,-0.15473092184054713,0.12593558379084646,-0.14287075664364876,-0.08463957855659528,0.04546116786482282,-0.017403703431772895,-0.11999990252244225,0.006659384273857994,0.0014344985844763568,-0.04145455527437595,-0.007392445058949953,-0.04459273180706179,0.005587645532591245,0.031466735212608565,-0.007745400343699989,-0.04301035519879549,0.1177705669245205,0.018321348327046284,0.08741661631683834,0.06397885235828027
2018-04-13,-0.1252374599337375,-0.15980079934759678,-0.1550758246915541,-0.13565540991293054,-0.1153876745236342,-0.21698214045882208,0.22226437062997823,0.2893237757791175,0.26065573933344016,-0.004761862718453478,0.14197956419588925,-0.07848873456645107,0.01463977150545317,-0.05406662635248122,-0.06453937560413267,-0.011512107368574529,-0.1455156104655156,-0.11057971088197192,-0.02396185198516218,0.03493492311336141,0.101340404373953,0.04486414495363475,0.047673007347826354,-0.031273519311960284,0.063509445035768,-0.008000001798245046,-0.018242960153390286,0.06560273776572481,-0.1293035383170306,0.11189592477987621,0.11143774998231286
2018-04-16,0.06832445167022616,0.163506664049482,0.11304743470552234,0.11256123610244514,0.14890281975134836,0.22890241649253004,-0.3427916702607302,-0.12823066767748686,0.014931407989491738,-0.38530955563432684,-0.23983770096657092,-0.12946695371795436,0.07078937056201409,-0.23432265815148948,0.08755826767305487,0.01618101280507721,0.05359182324216368,-0.036693834834958916,-0.027922887789950473,-0.13466614375714328,-0.1151393625660924,0.02516154096268082,0.01176240320489153,0.13679309211575208,0.019448489662650427,0.007871503559751256,-0.2864030111483856,-0.19953671711183826,0.09081635435148108,-0.026974366603492412,-0.006691536991997348
2018-04-17,-0.006898749220302457,-0.0467568200883416,-0.05500969677431776,-0.09520000573334829,-0.04589279632696785,-0.10077220926657034,0.20019805091188164,0.07688903368060661,0.002164729845645402,0.24696458672040816,0.10772939738066908,-0.10692494353490876,0.059377209743129405,-0.0005111455500971273,-0.18785847445095555,-0.03403977415698652,-0.09547507648421526,-0.16729607129118715,0.04155826157441573,0.08521748869938252,0.11085119022723532,0.0367840114038718,0.010188851783635992,-0.025960374342546395,0.03884228265121771,0.035722999882750926,0.17864926786694524,0.29600777807438083,-0.022371381621362603,0.03742184354672821,0.031872211372219864
2018-04-18,0.05805313418937906,0.120735609665973,0.10126300866411138,0.143621805719939,0.08929232144126135,0.07911739755858295,-0.18037048373207523,-0.1740124189918283,-0.08384240194682639,-0.1059140372384976,-0.14851377385314177,-0.1413900883668476,0.13327465731376795,-0.050954621439835854,0.040542304108050035,-0.08627131867237679,-0.047212709022202655,-0.17900138295519757,-0.014825385716270671,-0.09071532958400311,-0.10534269819154649,-0.013905245368050765,-0.006141155701495601,0.1406635779399971,0.10824244698220749,0.027053294883420537,0.02348201155973194,-0.051152372256674204,0.07611473578937245,0.04634502383843239,0.056868023814483575
2018-04-19,-0.0309306348175255,0.044153501235917963,-0.0033868668051145207,0.03835299447571446,-0.014405247399841576,0.02127673724156283,-0.14417824486172096,0.011432023900127746,0.13954539528447565,-0.39431345229552556,0.009351641242517276,0.16861274512618835,-0.04587919323470297,0.146494950757501,-0.004867205645337498,0.003359466580768746,-0.03933395443463866,0.13148517032919996,-0.0445661038281422,-0.11515657667344281,-0.03533324935486561,0.01642849476929333,0.038371804675232685,0.06889938545326002,0.073122569857975,0.08634130729458425,-0.2612141932427698,-0.15277961308372223,-0.018593733924798548,0.024963587239331345,0.05143152518966485
2018-04-20,0.08320495406489674,0.07488488069901163,0.08389551459727969,0.02047280940478019,0.11548945836040378,0.12172203939654366,-0.11275511727859563,-0.12598837205388486,-0.05705566919732867,-0.04874772251501406,-0.11816774258913565,-0.16826262298311592,0.07751685490747179,-0.08675795397935374,0.026853876886570035,0.01708082402976692,0.09476118218408063,-0.15536719784861325,0.05649592054414942,0.025145395254067705,0.02620100135324487,0.016923414924279557,0.030550484008714348,0.04812313453512433,-0.11952171011446626,-0.018718774528348133,-0.0649156954266789,0.0584715548104169,0.0888166664494825,-0.07050171291537725,-0.08849316874845124
2018-05-03,0.023674515931573676,0.026812395065236052,0.03779220243512629,0.06736909752867905,0.01485823053801625,0.03619729069669369,-0.020562835955441554,-0.02006068668837191,-0.020243852355540604,-0.18027123422531585,-0.007418909594578963,0.04870602933641564,0.046369168124335565,0.0594593297414682,-0.029960607554292876,0.12354327271459736,0.001398578524656108,-0.010157834876436764,0.04598969524903134,-0.005107385826352048,-0.014027972092041931,0.029159231373454823,0.03522169584501724,-0.05598956820465799,0.005029173184864231,0.05707643897149894,-0.14307706754457858,-0.14179513924777332,0.01462256216168048,-0.03646111981363335,0.003458044800238412
2018-05-04,0.030213336059836577,-0.11730203054800584,-0.045541063114917193,-0.0913366630533657,0.003527832185168415,-0.08834207404087197,0.10288114144001373,0.06399957283120175,-0.030897585221058503,0.3835074895072269,-0.01272342376416699,-0.145850912851079,0.0741214868399239,-0.06703346241249604,-0.01107350797359571,0.06492633892954153,-0.08128956580855559,-0.20807466023324891,0.11816861173100959,0.21968991812976038,0.17954146816265168,0.015369080917345686,0.027752231908000302,-0.13428900297507668,0.027266547210948577,0.011580183305407684,0.26342366176814147,0.25489778588740053,0.021492237053427624,0.06627772529895694,0.05927428572691087
2018-05-07,0.0025897994814391644,0.04878628358164508,0.021916925608475087,0.046487599016980886,0.019245677010859864,0.1236895989628967,-0.11877814424741162,-0.18033314371620893,-0.1890299159143296,0.09879194053641313,-0.20880144314384153,-0.1335540137141477,0.08087285577992401,-0.06626352129814794,0.03502294870636811,0.018970652162231493,0.06331183897656255,-0.15652958534024125,-0.05700112627847116,-0.038107629423422835,-0.027428781577747627,-0.03615758989861085,-0.013642752736636562,0.0488197240409866,-0.09196892389559377,0.00218493930689233,0.13410940998285514,-0.0027650029439336846,0.02033901211745078,-0.10162674657379753,-0.10037185093699312
2018-05-08,-0.01829130882655126,-0.045421495910771055,-0.04703114188133327,-0.027318476014961544,0.010611100812370731,0.04482926432794977,0.009994357806974125,-0.013646234994151372,-0.12694431788895771,-0.007925435863924272,-0.026675894103274565,-0.029629984580171697,0.04671294869479428,0.05257177383737786,-0.09594492839999398,0.14446244381269208,0.03697214733260961,-0.08839009819821984,-0.007854452584229742,0.045679283364958856,0.025307459904600375,0.012831327040623737,-0.03537707130826362,-0.15396320426295165,-0.09933960032272916,0.002067660017611689,-0.036218925649163125,0.07899366773408291,-0.017075433768030137,-0.049109328927737166,-0.06198113645627494
2018-05-09,0.05857788489706767,0.034727895160403234,0.05539125085008654,0.010804597861149188,0.009755104116981142,0.07757501615084063,-0.06534364792962245,-0.09662485502040358,-0.09713584626031116,-0.04129437250959701,0.03728678011377764,0.002966384596318774,0.015179615058640456,0.02789899209309822,-0.02797670044928176,0.1018120086808992,0.011152096554508856,-0.05108509742048727,0.05815952457070229,0.051165849177708896,0.0624101983617546,-0.006212432219553053,0.01693738496915406,-0.06486859370180174,-0.06006032597024004,0.0668721633802022,-0.02961946429601674,-0.05367157371362991,0.0635325555542673,-0.05298547569464675,-0.05598441763433036
2018-05-10,0.10578227255101752,0.1641680879601349,0.15293639307074763,0.17754470579653606,0.11263897944990431,0.1836815484932812,-0.24824580897734294,-0.2868197141933798,-0.024965941237384506,-0.35136230548314035,-0.1373262007895776,-0.21712932617555805,0.06517147722789896,-0.1420327098335513,0.07629758850295937,-0.02169291593446683,-0.015370626515670489,-0.12302538735328873,0.005108599523686752,-0.10427005434552297,-0.15521266355801108,-0.03220657329244704,-0.039528472971899424,0.20081931175503687,0.09390950707092288,0.019371530369703308,-0.2347146394905679,-0.13957697495496627,0.10026609964238908,0.022482205901698634,0.07421367300830782
2018-05-11,0.1441459916301183,0.02064056792056966,0.12887300087658005,0.06608615257473541,0.056877922939091885,0.019440754073046154,-0.00654196738559247,-0.05965514646844178,0.08313323906825751,-0.17223029118131045,0.09079860823291279,-0.04045111782153063,0.0503490502963169,-0.057507623856729376,0.016022977717343706,-0.02812680281526935,-0.028233459119316694,-0.03629950763539613,0.18924118554331995,0.08263165729678448,-0.007520204878373318,0.03264422580543466,0.018413370286164386,0.06349978166301587,0.11723234061342033,0.05784032766456965,-0.09589564897060561,-0.01988263195505668,0.13135004192554564,0.07518393439102425,0.1291696806836967
2018-05-14,-0.060536355968940754,-0.13520319807839692,-0.10306229242053587,-0.0914791707004384,-0.04015653505610976,-0.07451016583639751,0.0744721296682192,0.2091006090614284,-0.06030658222671293,0.3047699005720916,-0.10087794324365303,-0.2286894912665596,0.05556058779653017,-0.24784678486339626,-0.1512019133902236,0.05888130497061078,-0.0069850376694326425,-0.10130540002600878,0.019467521265900584,0.1400459695987827,0.1284500436086445,-0.009519009672443563,0.01607605182636176,-0.1652537142523153,-0.05690588122506087,-0.042112179803453685,0.16327188223813247,0.16585982149699924,-0.058936181416989045,-0.028890054926394643,-0.038008200387442584
2018-05-15,0.04759949137487956,0.011637718911748165,0.05755774990858188,0.03643257858877793,0.022554234501801596,0.013958773984447354,0.01271470007398135,-0.055312876950663274,0.09124203593079426,-0.21277560965771558,0.022843771236903652,-0.051014447697811535,0.018728521282658964,-0.022722166710622466,-0.0598025422299942,0.09601176726782874,-0.06272956581714466,-0.07935232439156384,0.07896748925428274,0.033353017917240484,0.05091559477680052,0.02229984534828371,0.04813406926239546,-0.02016547858463944,0.06796646123749189,0.020530690263434286,-0.2304786199343518,-0.19965625974381626,0.041808332955096394,0.009562822387870812,0.033035326762573695
2018-05-16,0.052893389899477165,0.06843632374578561,0.05227907376833725,0.04672924039358649,0.03178143950816367,0.10966931488513786,-0.008597430510472785,-0.05813028500482875,-0.12099753246621238,0.020628484614495755,-0.015144773876229705,-0.06534681919644321,0.0053678676935963515,-0.06892189043883552,0.007957527563278109,0.061426500932258696,0.09247842719393035,-0.04442837496778505,0.003337977817503425,0.017192097938508503,-0.0625611013750258,-0.032797044746602874,-0.05061316775302712,-0.06926478651939717,-0.13957910830878528,-0.0053130879925139575,-0.07787049209446832,0.10734138492236446,0.06670438540577903,-0.04595789872877849,-0.08597997692383827
2018-05-17,0.0512716820021878,0.20106169223158893,0.0891761978971641,0.14949722919010558,0.04952207432155997,0.13451963664668584,-0.17271692232733946,-0.15230023086882308,-0.12597612082946233,-0.08687561550815448,-0.078814462637329,-0.10268009680713358,0.09205036682127775,-0.12298618304763236,-0.06028606095308437,-0.03447320592005611,-0.002593945554228439,-0.08193325067787655,-0.06169089974296654,-0.13044454736907513,-0.11771325099557108,-0.0161234095042032,-0.03910511661251115,0.15051754291455555,-0.0038626334670092263,-0.0022961101829460004,-0.0004084048145674563,-0.0585296176879524,0.05531578925710759,-0.014118473222663575,-0.005952748708533143
2018-05-18,-0.04324119197630688,-0.08957792928232422,-0.060393424965115405,-0.0594334571525307,-0.00021754874023671193,0.02350708863843169,-0.047475074111875376,0.08874102674272794,-0.09052909610146016,0.29547783566344793,-0.17078914293280228,-0.14329088798466916,0.09630758214149941,-0.11858410059467107,-0.026844808432054557,0.06377612306397816,-0.002408763609071822,-0.04227702167079707,-0.010072286186313536,0.09103582211463712,0.022670258818082725,-0.04230253569441464,-0.04441890594500915,-0.0694528476350408,-0.040317389949140005,-0.05801388979588769,0.20936228523960312,0.2477353485974761,-0.04444372609570147,0.04649492812270911,-0.004258225949296082
2018-05-21,-0.08742824170972473,-0.18344362886135984,-0.130944930799431,-0.1464807027244342,-0.08775843871864243,-0.08279500440048601,0.11815946542115206,0.1830155215374907,0.022725227876339404,0.1395905783638292,0.040227989606257675,0.032675886862497505,0.04595578439003764,-0.021603341282964976,-0.04166772632494485,0.12391137053005465,-0.010133279028755557,0.012048930542698635,0.04149710804726029,0.14616484819303308,0.09810667428387909,0.02962435322803431,0.029929748510942142,-0.17382246072715815,-0.06234450223677784,-0.06315697136618097,0.050583888737992376,0.1043806538474819,-0.08220825034349873,-0.020425000978737194,-0.052794151234399886
2018-05-22,-0.06374784492248366,-0.06326794585761605,-0.05468879169781767,-0.05461514155067279,-0.030177885210539095,-0.004004400699133502,0.044913642593390826,0.019338883152979755,0.044135879501844714,-0.17117948399195074,-0.0762079173579552,-0.11282694268800036,0.04802741487091245,-0.009148982576972466,-0.10616349673993358,0.1512659307850758,-0.017107416881532216,-0.055999145446720064,-0.04003055427115848,-0.008470820378572426,0.03335019785183005,0.05590940795290527,0.01504453951645013,-0.09100409477383034,0.027685100526089884,0.00015166724018470375,-0.17157127239769562,-0.09215152315362256,-0.06322264151462124,0.0007339404604194047,0.007013677857499675
2018-05-23,-0.02737360030205962,-0.009850905988506136,-0.03218879043803973,0.0012209551443407914,-0.02173174072864953,-0.009106958898582974,0.051996796497030894,0.03410668501574996,0.01034562021750139,0.014650409685185977,0.07469539911110827,0.02483030812074738,0.017505885696358116,-0.02728203373868781,-0.024197782909954318,0.0075570948608360364,0.03245640208632254,-0.033734910622760336,-0.014206614606596208,-0.0012630409738594451,0.0206441266047784,-0.006140313653585718,0.009925042411793702,-0.05296598647069838,-0.09949974115588504,-0.025406952733369043,-0.01495523327574633,-0.00033161033280494965,-0.028213272711162897,-0.06538189190504075,-0.08278581002973756
2018-05-24,-0.002343473220911359,-0.04679275889383219,-0.0022770399234897155,-0.03135757712355433,-0.04942411039442217,0.007542394952069784,0.03568520336422384,0.048541995517096585,0.04276523135953791,-0.11384984852613714,0.13435975009029624,0.017420118336009396,-0.01240973566363782,0.041952168236904494,-0.01456983862046809,0.1026876606266315,0.08150116945412693,0.03730103094897877,0.05721536913196114,0.03293814003317034,0.022334258950421158,0.00933992245260373,0.021061584667033287,-0.11320111894003446,-0.05761346595788898,0.009853972071740312,-0.11386881006857394,-0.11101079510726035,0.014833880080088456,-0.09451685918915108,-0.06925105850948772
2018-05-25,0.1314934246340075,0.0186572298970655,0.09881397280234994,0.022631691588986175,0.009651550825858987,-0.06297018787414774,0.09022654861320138,0.02514520613590422,0.13914389645216915,-0.16457065028367307,0.0822308529228375,-0.060737984146739345,0.019601116942595295,-0.026243993406719197,0.02621056282503612,0.030215588834938464,-0.09715306512732189,0.0011005521742136373,0.16281256372759575,0.09091369636371908,0.10358539939695073,0.025758553079806474,0.024858791670984443,-0.0038304514840273004,0.1135662990776241,0.11290155055314265,-0.09391105484346139,-0.07307303942242253,0.11701782243773318,0.05036487419342249,0.11846045822781416
2018-05-28,0.09425145046450323,0.11405403890983452,0.10924844865298886,0.11232348349749863,0.0852607126514408,0.11118576544251943,-0.110072439518516,-0.14705420132176036,-0.08130977595171175,-0.16644231262906742,-0.14107057992404426,-0.20170494298645827,0.039956794718053065,-0.20622900145886114,-0.0816887990705136,0.022416430532630895,0.05669134951848683,-0.06246856407177969,0.005003760504982445,-0.01736209217103159,-0.0697023426793378,-0.02132019266606095,-0.005347825806859184,0.0831232550197495,-0.011367755385454769,0.02021267645491787,-0.12663443302785082,-0.04968429273033203,0.09541059879524295,-0.035060458146809644,-0.007593395654216207
2018-05-29,0.10160578771386947,0.05805116419735235,0.11305667746722209,0.08959363245128704,0.03328014304013212,-0.06979812943618106,0.06766765371795047,-0.021248296514855616,0.18369225726039834,-0.40700382221381665,0.035459456630573746,0.16236647688555939,0.024557795896166267,0.10354335269457399,0.036522131753742214,-0.03397976871218155,-0.13519902901484934,0.20375216386816972,0.0831784985345574,-0.023896394097067335,-0.010043353605376455,0.027897914033916085,0.013738608676370997,0.10862193468149463,0.26366728200660206,0.0455724028303893,-0.2548172834384172,-0.28598143701432027,0.0851382675437114,0.11862006850570687,0.21333081511525634
2018-05-30,0.04683791250262111,-0.029867835943170554,0.016469856143499897,0.024873033070225946,-0.03626987667494825,-0.11639049508759715,0.15543489877209735,0.18306312381875156,0.09038004865235619,0.25223121283410904,0.22466008162782636,0.06908815470560095,-0.007906636789003241,0.009468731749748622,0.07657252702610721,0.012902867754850842,-0.049635708824031434,-0.1958983623880209,0.1390770471958168,0.13947432214298128,0.09243358597576787,0.012483411123113016,0.030687730416157286,-0.10100794272934265,-0.0338073376238182,0.0653788788520571,0.13573507029429863,0.027396090708440197,0.043226031910133786,-0.01732668669906274,0.02712766288752596
2018-06-07,-0.06152481771346977,-0.24120247682653273,-0.11158517618328653,-0.1788371307928295,-0.06280765833021121,-0.17875294014893695,0.15803729385513304,0.19871937916100677,0.20296501104270245,0.046085626376760114,0.1294252362928713,0.020514750857175815,-0.04100037774642833,0.042805820175760234,0.07743045406451761,0.05158783615371964,-0.05046472814148945,0.045484794627949764,0.06455425886849496,0.14934066557298944,0.1221921710218081,0.03790122307945661,0.03039409950008934,-0.19511912010166105,0.01417420822839788,-0.018865467029342674,0.009297268250062463,0.06934027637802105,-0.0709362247340573,0.050612426127250844,0.04046293776854008
2018-06-08,0.08627644946793142,0.10183324449380655,0.09534247067632036,0.095761927271513,0.07702054377434492,0.1084075664895211,-0.06291062386207454,-0.07151862579231072,-0.024827068886097474,-0.12432702764526966,-0.06908102618948747,-0.03002491243198183,0.027222141247532496,-0.06943907843063335,0.004208285911757075,-0.013476067928070132,0.021638661416863835,-0.057116471874541795,-0.013608923195862137,-0.061902788985430855,-0.08320046520772272,-0.03538509111939965,-0.019347371730698303,0.09091024956005594,-0.04131188203227778,0.014184258268243542,-0.0788687404772826,0.010420245888172678,0.09614806344191398,-0.062273266822744026,-0.04912560866973038
2018-06-11,0.06520074946387273,0.02814132039856491,0.04276006797651656,0.03925751826108103,0.015021405966944875,-0.05480343155528402,0.012862367416761252,0.010194916929852508,0.02352692700235803,0.0712076709306674,-0.05859553931034049,-0.11529820614972658,0.10007155495661728,-0.1360138635586926,-0.0045534604398632375,-0.018202973127213497,-0.13851353898430144,-0.11837948939016157,0.10642062237486256,0.06605971914912905,0.046421073349433344,0.026324294704438225,0.028671952504012596,0.03331717702292309,0.13262420843472503,0.06771295069696603,0.10433979682855939,0.009274263483206023,0.05062979455021619,0.053347864174835086,0.11268653707318732
2018-06-12,0.06837842445888512,0.04323151772488126,0.07880945640550341,0.0827929623595183,0.0010409422482434243,-0.049200223698549116,0.11403787471116879,0.044079331763781045,0.05238811799217613,-0.3003734656345946,0.0852214728756356,0.11724824062469874,-0.012352346213437245,0.14955765499680948,0.08879681211767895,-0.007332040006177863,-0.00830490331969938,-0.004514875220912146,0.05515500998809203,-0.034845370745531734,-0.07081315879834475,0.00785992992364499,0.005436768740276926,0.06766205737021956,0.11650606350357716,-0.005698152760320402,-0.1773944092773698,-0.19579667679501098,0.05763090380290069,0.04648100458764382,0.0869496932315437
2018-06-13,0.036308258207434774,0.03723791037499803,0.03329820636952696,0.0008612131893910159,0.06088523660755813,0.05431094955491027,-0.019582622278356675,-0.010518697931490576,-0.03121853324272608,0.01044899563189067,0.0044184191039907195,-0.022937722429798073,0.029231564565589827,0.01776371499197075,-0.016864304755974426,0.0018710488185211792,0.003385781963052674,-0.09516323402541496,0.018739518777102913,0.006496559843790352,-0.029361132492166032,0.0011811885657718529,-0.01107497716917098,0.038133381756474655,-0.029738763361624686,0.014374398337693151,0.02156442492094326,0.1266695541888755,0.028281523237364558,-0.013131178011951024,-0.03809772364908876
2018-06-14,0.1571161296948398,0.13889209901921343,0.1796674117329999,0.10210999633281909,0.04360747747540391,-0.016369366198117633,0.07604365292400396,-0.018581654947695266,0.058547253766344835,-0.34733217268870187,0.09876955144772545,0.1489697311632498,-0.019613944858819267,0.17710716006512406,0.12234179408922703,-0.06255474284392604,-0.06255610292934638,0.10448205929628555,0.08949775229206296,-0.035171703774522355,-0.03435842816470768,0.02888450716440932,0.013919484720154973,0.1923080551850152,0.15474330714600176,0.05414304622524131,-0.20176879211295182,-0.16027027785232134,0.14593052291900152,0.0801486312249791,0.11798453815116162
2018-06-15,0.1232848913960963,0.006282683639894273,0.09663296236306043,0.034934731504578924,-0.04145627390970118,-0.1997923056549346,0.24624739251279176,0.22632903553369024,0.24672470128599144,-0.34857234371864604,0.22954127582751055,0.23919093402692881,-0.059253639621049826,0.161814003171727,0.24588768644529363,-0.06697952312548328,-0.1230880895338962,0.26684233906705157,0.1477149920296435,0.04632455134377839,0.0250699191608266,0.05183667328828364,0.054003648935968915,0.06738373568458947,0.22002854324592078,0.01890274837020227,-0.21196095814055285,-0.2613908380590776,0.10284106921984791,0.10484845203245179,0.19145864738611607
2018-07-18,0.1944483776970601,0.08871158569119336,0.17137802493158213,0.1053657678177167,0.09885076594918822,0.023389795944198596,0.2612343786512425,0.19382232892679713,0.17299982929642718,-0.20480186580942253,0.03789497808916839,-0.04971159809057816,0.00016857527067486817,-0.062222690613376014,0.06682626393654811,-0.04320822596392874,-0.056644224953040466,0.002227580502268176,0.13900625883522896,0.055152275939710116,-0.041567069200642404,-0.009743903743589025,0.013961633709508087,0.0852892055873223,0.11483072154399335,0.11772704050106779,-0.1975609977527508,-0.07341855844677973,0.17436568337649472,0.09463881150063727,0.14416161492020665
2018-07-19,0.05430670897633881,0.15067561198788343,0.06725926452351767,0.03229439847270907,0.08058956356288598,0.1335301913765402,-0.21593181930749722,-0.19309488972882316,-0.1388465321669736,0.03623960329240632,-0.13223571053215982,-0.2019005342167273,0.18685266990092067,-0.23940509086307066,-0.15043369392609926,-0.0039332006003755535,-0.00993138663488084,-0.1305410226363947,-0.034533300175225316,-0.07601000146304875,0.0010520865523614754,0.0013854551231009871,-0.0010205159600996632,0.12143172453640991,0.014753740959337252,0.03403011188230034,0.08045628412245572,0.1203969737887943,0.06039099093275708,-0.0031163020186064537,0.005413523052881415
2018-07-20,0.13758404437511462,0.22921614219458164,0.16628394982886827,0.18165291967524091,0.11266483222821638,0.12597173197913386,-0.08421406211676494,-0.17459362206954349,-0.13743398914254204,-0.032844093345382575,0.04181637171409574,0.054520878431718406,0.08141767125110032,0.013027255970381792,-0.13551618982470123,-0.07973792954644916,-0.04805470749819259,-0.050443062775306836,-0.04431435403596669,-0.1003386195812646,-0.15559975403739412,-0.05524435651355911,-0.07784922810332934,0.23093307718508208,0.08529523063104981,0.05927313072931216,0.05483468270641664,0.09860331201909935,0.13765503829822257,0.08836559205442379,0.08399202565783295
2018-07-23,0.15713837778906717,0.24856716545464602,0.2146342825385057,0.21095532272331774,0.1887668175645453,0.3017326706899128,-0.37119815946834606,-0.30123710986036106,-0.36512253523248545,-0.000912420635796126,-0.18841362893610547,-0.10749668372857842,0.06529820820330441,-0.05015387055936667,-0.14346466724878645,0.046409206685179644,0.009769056466145629,-0.030931299558992844,-0.018686072094782274,-0.0446570378165658,-0.05386172671201612,-0.07662321823020846,-0.04754928205873217,0.1513616553535867,-0.020854634810706284,0.06651043371204547,-0.0036097170745975336,0.014382611486644601,0.17294627095581125,-0.03379979506299751,-0.031075464817244033
2018-07-24,-0.06515839727217952,0.0927494686621874,-0.026503604775551064,0.06720755450185478,0.03426423529372996,0.16700372818695097,-0.15171060553315285,-0.18709596564810352,-0.1622290375011093,-0.0941871379039791,-0.11011377863227591,-0.11016113154460191,0.009169422082870726,-0.009676540111026673,-0.11076175926552921,0.005923052442215212,-0.02436991846711704,-0.05155124646935604,-0.12119253681027925,-0.12953362255778988,-0.06433161219647213,-0.025107383183422434,-0.013092787609708351,0.068177462405852,-0.03233649808798397,-0.08227965270645674,-0.03268436707850922,-0.09356161846141017,-0.05319782362385201,-0.05117449442622232,-0.07770419912577718
2018-07-25,-0.05123130980076874,0.3762792493729885,0.07135126077872028,0.22152470755848583,0.11206043861658485,0.33171866913791337,-0.29671493364708035,-0.36518942336579313,-0.45661357276364684,-0.24474189972342983,0.030724948602317493,0.061280526225619115,-0.08475542830558425,0.2168382786463746,-0.24644242575531847,0.03226370181242071,0.07460669212333604,-0.0536700387875802,-0.27622637858230004,-0.35803466271940054,-0.1898359414843752,-0.020262890722284644,-0.022961534192099297,0.19502438519354584,-0.2347361202644626,-0.09247144700949347,-0.24989634803702504,-0.16925915330983807,-0.028256009926977618,-0.2296788032664542,-0.2994559901257405
2018-07-26,0.06370538068597426,0.01851906177350103,0.06839673195938561,0.08235866543093782,0.08059080821254498,0.029830006564699058,0.10640088491015076,0.14384514467830664,0.08394989156104421,-0.21790025750539485,0.04269231069387605,-0.07604465710326565,0.04654615781039201,-0.07416446770018999,-0.015830360662914572,0.07050452818959152,0.011636619195017297,-0.0379114694643571,0.06329838085916635,0.02058191015355028,-0.062108580490422,-0.036525749589121616,-0.017370286610956034,0.0341301278885542,0.02600077930596806,0.019742360829930864,-0.21450250756760392,-0.07838263225000103,0.043392152383186285,-0.006067986796139286,0.03978742808181037
2018-07-27,0.19081096081887647,0.14514456663783185,0.2026106712316823,0.1707086369935569,0.09837847470964357,0.04424906331861716,0.2040586730517305,0.1917194747876967,0.06615181921558076,-0.2964597446244034,0.19837688117627802,0.0965896624637256,-0.047386867499938506,0.0009966830293186145,0.012807721735076164,-0.04234777801195151,-0.006191149087467512,-0.06135437605974969,0.10206667326143803,-0.015037738820611869,-0.1253483885393537,-0.005754787186157402,-0.023261855439263283,0.16575398886821152,0.0821277853734311,0.0633732110981797,-0.2370980169715523,-0.05705190387179997,0.17297280042106394,0.08193999405697716,0.11722769911548288
2018-07-30,0.0005726484552532829,0.11134753121280647,0.02447779050799009,0.055707970529737555,0.03999125408604815,0.15522757481552768,-0.16641714943431102,-0.11247412129703115,-0.15202132196770796,-0.04814602018154051,-0.12775714345078656,-0.08098303944764175,0.08538444522447197,-0.15831141417374137,-0.1840348337368978,0.06907023190264004,0.03566212052541708,-0.048523856476761884,-0.049542271711548465,-0.09025183635957253,-0.04426264405577676,-0.013637524523152226,0.010856469777129459,-0.009723067191063632,-0.11298105906327893,0.02359811978107589,-0.05932044942733203,-0.018909678267463727,0.010403197794616643,-0.10982155916278034,-0.11414018872044378
2018-07-31,-0.027011106629957836,-0.03041214801954986,-0.018569327455185615,-0.010290448803353412,0.013605337798998631,0.00901807517199509,0.14501782837235383,0.1199249177909001,0.13191472573293578,-0.20670024613523372,0.012166659476609155,0.018775073694738603,-0.0108747449512567,-0.045496422507019324,-0.03053871591118318,0.07807067783326344,-0.019455986754079658,-0.010828271428225006,-0.02967163698942182,-0.016761147387630085,-0.042324769511864,0.0007886004345433676,0.011227461849527436,-0.029567949860536465,-0.03261305689536833,-0.024897384450634268,-0.218743957662353,-0.052896689746995615,-0.030154948940475906,-0.0038385605245906877,0.021243360213714438
2018-08-01,0.055814721422074165,0.024038231272032466,0.0657890441239074,0.0607464043404192,-0.07499532545372252,-0.1889077965234823,0.34743946314789,0.3251627307505218,0.2408758742474387,-0.21794216654664805,0.2135371674844658,0.14326514105955013,0.020476305989019613,0.11652830705155603,0.09880061921571691,-0.057265077057328626,-0.08426427062961092,0.10672353760879111,0.12711622368814726,0.014725915487598818,-0.005478542140579182,0.019834953344214756,0.029581032333368656,0.11070847915722352,0.11393821435557239,0.02215506728641133,-0.19849180485769832,-0.17774532615157554,0.03348317788762181,0.08521109581184257,0.13270767536930034
2018-08-02,0.061055893089725005,0.24004271642329028,0.12147887213037231,0.18621870210228592,0.04696820113184416,0.11872014556503731,0.03671620355965967,0.02490253549195313,-0.1454329366424385,-0.3182400167258327,0.10044413474493646,0.08373184633072962,0.006932934767987801,-0.20581353731680838,-0.13982075007320194,0.0403487313705117,0.10706336746829148,-0.07729060648482884,-0.08115818422843013,-0.17996107666861155,-0.18187168262581882,-0.03733325537788846,-0.031721889558244974,0.10976312122023635,-0.12167637612433915,-0.0041590737079501726,-0.31883814928982634,-0.16774153765321523,0.061498601284939,-0.11009400026672361,-0.13623410020042653
2018-08-14,-0.023563976265028274,0.0683211929605689,0.009854936268621875,0.05169293921186679,0.020330729383735018,0.07321228807182807,0.12971132588128784,0.17771938401740908,0.02895126694116984,-0.2639221179968595,0.05683620768802427,-0.09729031010789498,-0.025269567445100286,-0.10214230556920095,0.0356876207778838,0.02046015522001362,0.07518039695054624,-0.06010999455914153,-0.11424972478318417,-0.13409792864520953,-0.09980354402410756,0.008860246330833673,0.0066990573411342715,0.01940678543821071,-0.1041527417112621,-0.020865583233759786,-0.2704642212105138,-0.11461793725809225,-0.018610544139861976,-0.06051819272625003,-0.0641274137623276
2018-08-15,0.019433463554613718,0.038031114552293285,0.016749931075648504,-0.02816067689509483,0.05638602225869687,0.10432489134460396,-0.00975055613375177,0.038658418831277894,0.013460010523653022,-0.2103690311326432,-0.057864095536476305,0.005513061314474836,0.05073071704034611,-0.0822795771698098,-0.06694612526903036,0.07984038482612474,-0.020078888975133994,-0.01321514620782894,0.019215886770678762,-0.02843551883303241,0.051605211269756465,0.011190827854167756,0.0008532942987335542,0.009485691137156744,0.001968066020403081,0.04017486636654822,-0.1748483355065616,0.05952202278090134,0.02307360363690076,-0.022916323981326783,-0.021447537183928556
2018-08-16,0.08748267023272333,0.07978628244714953,0.08926550107659947,0.038362433049892064,0.06229758748404438,0.044248969032686464,0.06634809043157386,0.2062232950539182,0.018266201935047025,-0.2982014262200809,0.02228621801038919,-0.03939844439883037,-0.00016227163320661815,-0.015697013541469802,0.0066692562447204255,0.0003809184487440753,-0.01360768991919083,0.04118500892207291,0.02695078711799701,-0.0349164526751087,-0.029584808588158845,-0.001950102462123349,-0.010667042766141138,0.09994815103800578,0.0022196423265168743,0.01782913877500437,-0.2764835763313284,-0.10223315878674033,0.07784842612346314,0.02471043680262948,0.03609498742574075
2018-08-17,0.02566808421921605,-0.027493038062452457,-0.02500599501181398,-0.06270029456275883,0.009613140666361344,-0.03665101904630634,0.037514370874278544,-0.034024412807175365,0.04006264728525812,0.12280811880928362,0.06679282598136664,0.0008256953811170774,0.0772706173962884,0.06963397939330294,-0.0002249050697863141,-0.001521374356830274,-0.09181793982605747,-0.09492144286546048,0.06415068977985636,0.06785317953593019,0.07940218683893172,0.03592562073447364,0.015641241392594363,0.06677439853534742,0.036162904607923166,0.047884498623108174,0.12724057946472367,0.2632350830385485,0.013773108985631288,0.07081753072833079,0.05518387479290253
2018-08-21,0.02615883565791926,0.12141293348323759,0.05563364164106388,0.09612850020987188,0.028666216368380477,0.02464780967404703,0.10080877176858656,0.16241834332406924,0.005283685593703027,-0.2900261102502074,0.027464304051523634,0.046922291077136406,-0.002719071018273203,0.04649501928392237,0.03470711323938405,-0.004374922633095189,-0.04981695419455027,-0.00035336692904469293,-0.025476585255708988,-0.12350342358791704,-0.07087526582529126,0.06200644313743996,0.03653692509976049,0.10447439147349671,0.03812747732744499,-0.002244983509420182,-0.24339072940755713,-0.20224673059829631,0.01497820459807077,0.0009960055414726787,0.020904774808684398
2018-08-22,-0.07426616748731596,-0.2063142578389655,-0.1344823740026948,-0.18835574208926611,0.005911194383145021,0.04200942765669325,-0.16075649054322497,-0.16032611278978615,0.060523753530763225,0.21831893316514378,-0.11971053605944881,-0.17510690318950187,0.13688316003060746,-0.13515569053266152,-0.15298265981610049,0.09286955696877852,-0.04817084384649632,-0.18946307099219067,0.04981121754588385,0.15542074726889088,0.1392698815621157,0.03152626022617524,0.018796047466463194,-0.15754316338589025,0.02846514362039781,0.013635041099189494,0.1596915709943932,0.28551015459336265,-0.0700844079635461,0.06398956759706621,0.0412848170520208
2018-08-23,0.06819743231694876,0.09355165475152327,0.08227580168757902,0.02880057906990736,0.054557564215479804,0.12317644312880469,-0.05139807493855374,-0.016409927588733244,-0.039810361031190546,-0.19941185473191386,-0.11665487164770949,-0.1082232713937436,0.02416633963063919,-0.03081532879813847,-0.00788175873160893,0.05354489770245029,-0.047461261319182484,-0.08163049954629174,-0.008835900647645917,-0.045065369896111304,0.006614386188874797,0.0630517929701537,0.04187347687641287,0.020497234500044675,0.007349862927455223,0.038848880828880356,-0.15124784018813933,-0.14416612412024254,0.07188646945032678,-0.025221845062251367,-0.0126969617189551
2018-08-24,0.05839511728505758,-0.15827924268042148,-0.038309869438734975,-0.07751397594036158,0.08629150039806016,-0.028106556043170652,-0.16837200929995666,-0.14249362943080165,0.004733281232557383,0.2927026818722785,-0.04230013268366595,-0.0006720843618343821,0.1431668825460267,-0.1116198580285541,-0.15089420674627482,0.0011987242359137616,-0.13441851261870505,-0.014009331042403147,0.19694363668476667,0.22966131556235395,0.15380851176590327,0.035107490790370906,-0.008281503832795278,-0.06739431327039494,0.2078494358518952,0.05843878279967093,0.28159800077886354,0.24228353967720692,0.029699457395817624,0.1866938355183657,0.22495659136701512
2018-08-27,0.006637400173928462,0.03156222756648587,0.014554434859652323,0.07662290982383177,0.03228464656832098,0.06656479510306623,-0.04350214174690346,-0.0790946601210869,-0.06387755057381114,0.010727955298386303,-0.10413469580511014,-0.1525711637028736,0.12559750819004045,-0.07219431881845875,-0.08900433122510595,0.0023525367125170416,-0.03791148164811046,-0.12405825355361867,-0.04912465621398619,-0.009882036446815217,-0.06221166088169292,0.04971527979048572,0.01405159570077547,0.02104140010515879,-0.01043805780366623,0.015747343318210528,-0.001244784751016392,0.033550774352424144,0.007309319969216846,0.0021123908029627592,0.00924414875087933
2018-08-28,0.01553035950326262,0.06501475022447213,0.008363653242077941,0.028362552424764757,0.05676055264459903,0.018302019009955463,0.1370251249509518,0.11453498861595167,0.04700581182323343,-0.17369795120974363,0.08147047228243032,0.030913821286093837,0.0012178958644884052,0.03370798750977037,0.05762870339934387,-0.01619348606287886,-0.0339463067902671,0.007345134996641484,-0.03764288302160776,-0.07287937976500435,-0.0028776028970417967,0.09912029174771991,0.05260495261014852,0.03715364252787532,-0.00863749734557628,-0.01722822552030274,-0.16629998824047673,-0.06178136261615072,-0.010309406358445192,0.008503528947740289,-0.004844830936076352
2018-08-29,0.12597393961349257,0.082444094587135,0.1439273895608989,0.1017593331601532,0.09154442973387465,0.08140129957112384,0.018908977388371693,0.06979001804726238,0.036065623237228096,-0.32177827005271936,-0.07399754329647293,-0.07654673934944992,0.0011541132841485003,-0.1043996425171958,0.077060432504999,0.0537859653776258,-0.06468800053511468,0.03960339727249357,0.06831191406130616,0.012196069358312907,-0.017247155277032217,0.03836818381580088,0.03171087268164068,0.027794081710171697,0.03348272553028837,0.07446567687386976,-0.29184965024701864,-0.22254289749641504,0.1209805849219624,-0.024400290716910748,0.055358503957946184
2018-08-30,0.09902401640465594,0.13537952299924003,0.09552808620702795,0.06448808669557247,0.042343826399573375,0.013537515931905986,0.14242787789502515,0.17149348005018533,0.08429015871775786,-0.2318641947087812,0.02363842709533423,0.014353219118211136,-0.007467234147500726,-0.06710205232708835,0.1041522088118888,-0.026752363840800333,0.0004792014309364713,0.027078554610266373,0.0007931887941935921,-0.06900257570360369,-0.06415261842096666,0.07332442234899766,0.0757472678553244,0.07603398837261807,0.011790076249132465,0.07424996398669571,-0.17138367078298147,-0.10027582331286462,0.07886756715275249,-0.019962117174022288,0.0037451897738475554
2018-08-31,-0.010170245376459445,0.019032613099010973,-0.013322627178723349,-0.001544675874104992,-0.019462443569245123,-0.10428022973890903,0.10985522172066814,0.13211658410125204,0.07423619360802196,0.04459335561231696,0.1265702029494093,0.00917852285980674,-0.002189191210447229,0.06736358150507102,0.05572428953861693,-0.038050034316791576,-0.08121363532667501,-0.09114080607277777,-0.011960138543473298,-0.010659633663666434,0.04553373465366716,0.09786895563273701,0.06588518102927596,0.06315612731007886,0.09206565451179691,-0.03641955679504397,0.044365449657841734,-0.0060795157970277534,-0.023136707956592287,0.07619188224204626,0.05700831142571708
2018-09-03,-0.09207128144574388,0.021395156570540006,-0.07131767189982259,-0.05405294148929455,-0.02094367046125906,0.07354385811810522,-0.1519570101611948,-0.16601299624062685,-0.17555831012944192,0.19860492614494715,-0.08703153547405226,-0.18827562815344145,0.13826819061218626,-0.15464272197700085,-0.1233824742848494,-0.006797723691555729,-0.07599472154313033,-0.13999318701302552,-0.13073993386148358,-0.054197480349824655,0.022631710975832622,0.015235518855734088,0.010535170857373244,0.02357799018983498,-0.010519536394115483,-0.030041911890065446,0.1897354720025748,0.15388184215153805,-0.0448992092688501,-0.023018512294869335,-0.025706837920628584
2018-09-04,-0.11501941591507539,0.10228278389036854,-0.028314119294394518,0.03103120154351591,-0.0946200465370711,0.09079507196431721,0.014390139586860378,-0.028834287800120942,-0.11706804782343387,-0.19577216545526813,-0.010937222520152511,0.06675827588014371,-0.07683999796983207,0.06531620341312351,0.03730914631951408,0.00594322650635467,0.02174862618270575,-0.0517788437613056,-0.19694961214198997,-0.1720971630136529,-0.07859736176103947,-0.01170990585884343,0.012127131431207238,-0.00837079542877294,-0.1323623002863532,-0.10195055988801092,-0.19192467060718468,-0.14111998796332975,-0.06219840828062136,-0.15795806051273964,-0.167751022332234
2018-09-05,-0.11690616267671798,-0.058000102815880694,-0.14253896662599894,-0.10939990867776642,-0.0603188589865078,-0.008315831863801361,0.042719143950138636,0.09235421925002626,0.10034317751505098,0.06124544078989581,-0.0018729358165362005,-0.05359340463959624,0.10061349752454948,0.020310728069485712,-0.04343618120493728,-0.006681070960758223,0.1081140777707977,-0.06841327117043362,-0.09215163371601269,-0.03898566171460236,0.0034805718913415162,0.018375432864941917,0.013939173157377405,-0.016406628417327995,-0.09983671567262038,-0.08410433458896292,-0.059119046493704176,0.19427979508871046,-0.11586655454126811,-0.03833738724906622,-0.0890214661252457
2018-09-06,0.10694006786977221,0.15564646698475174,0.1533802855987896,0.13941587259576213,0.0873644694328812,0.11615210569709875,-0.07890540845482874,-0.13893270933499086,-0.16383536614651137,-0.04398987174092979,-0.14302040398139337,-0.15955807400623123,0.02837457084346839,-0.14041986314269136,0.05221904770202396,-0.020520469311755454,-0.04470708157791862,-0.1505341737780456,0.02919959839987527,-0.022003251224291594,-0.04940100124572279,-0.0015629249099818811,0.021998361545752246,0.03163590652224649,-0.016646121175059994,0.0424296499874111,0.01494638865621188,-0.1576489470765125,0.11498200905819454,-0.026564415124578352,-0.027822779682134636
2018-09-07,0.07790390161514656,0.14039029337000197,0.10897890676972039,0.1322090948353473,0.019865100635981264,-0.03744973806919043,0.18262706679029989,0.164993747668535,0.09210185637491222,-0.23968284397789075,0.0560653473860652,0.04001861231344201,-0.057248614230291234,0.02554618548582512,0.049279751457578735,-0.042923230130712274,0.008692358818719822,-0.054561082055781314,0.0043679936899891645,-0.07141662553995393,-0.07056550165483652,0.03660416780991299,0.008035649301147672,0.10055915284903881,-0.014146014300886977,0.0396853537180388,-0.23205804150534617,-0.26335617363905206,0.061098233274984926,-0.03504953963333094,-0.03272014807162339
2018-09-10,-0.16996484512583962,-0.11269530333662507,-0.18258115102225467,-0.15355638246867234,-0.06055459989628312,-0.012540406380172238,-0.10280512088646919,-0.035695523490970014,-0.037446610630607516,0.17843190832996678,-0.029502839176181034,-0.10226904473181578,0.09904304263143074,-0.1300684279168776,-0.10916354860377472,0.03243706343939016,-0.0043027712871812635,-0.1187241337335935,-0.09449259043288101,0.0009251583760992597,0.06251178161054778,0.018862586759799106,-0.012361569873761032,-0.10073305403709949,-0.044952523638077876,-0.050870650750665554,0.12112318766094446,0.20975971526838136,-0.14635648123883963,-0.029990149301784747,-0.0422617522930054
2018-09-11,0.01806770257228564,0.08225433323116842,0.0318722910048019,0.024356231292872607,0.040811663564664015,0.20066603659204968,-0.14719547990978,-0.12931244929328384,-0.18555483317934118,-0.04188683738514311,-0.11774220826973374,-0.09700996252478129,0.15092824536361768,-0.14024461809149388,-0.19202945724559595,0.08263160959318179,0.05300218283177164,-0.1660424277510105,-0.06904575388120804,-0.036857476585251084,-0.05311053982708296,-0.007607331054499322,-0.007511717756525151,-0.0007644708738687705,-0.11279903289120537,0.028169857701776626,-0.07050466778127859,0.1560008187225454,0.04607515533769396,-0.07929098485827943,-0.09527726567444207
2018-09-12,0.012660369410864942,0.06198585413969417,0.0002820092995719706,0.06474829877243111,0.003360108818630268,-0.002959048090022686,0.08687210148887346,0.0836376187437417,0.014933888319004704,0.12003746242138646,0.004604498986526103,-0.02345553412422013,0.022080126721709874,-0.004457441145719884,-0.09422572539626954,-0.028019865627960515,-0.0639846663311577,-0.14104019839583348,-0.026311185188497108,-0.0126778315094081,-0.0677212334708349,0.048075893959647883,0.03814618390095147,0.06916743687829217,0.013744988181348028,0.018906868260717465,0.08388068251407027,0.21213459273171215,0.010111863859775198,0.012684126230281608,0.018209168226484135
2018-09-13,0.16693697879617392,0.2076448986677153,0.20330576973892273,0.18287435895290446,0.11488447248573248,0.18436359838561886,0.08792755371825604,-0.031014408624545797,-0.012985572013477813,-0.4006270529352608,-0.09952294580021208,0.04112220954702994,0.07644049035790193,-0.01339235279465374,-0.05420600331538597,0.031310016400951664,-0.06528283322128388,-0.07035349374153725,0.034780258665451154,-0.059059445416659535,-0.1100582429083053,0.028463547653131336,0.03071349603645352,0.14847262493812652,0.05135848312686305,0.09561262071630736,-0.28050555425285323,-0.21244398483668428,0.152564062060556,-0.05729774664604538,0.02983035448654642
2018-09-14,-0.007516473925117482,0.07272291501208297,0.005012750424555885,0.027086659778954882,-0.052252225464595445,-0.14449836266682767,0.2862502760540541,0.23935290546870558,0.15855844212000672,-0.16685835622691328,0.21082956148374715,0.13332519139112659,-0.04463163759548046,0.11706521684501707,0.057861299606087845,-0.07452427237666254,-0.06185203033556506,0.057894284729748106,-0.055223356738072514,-0.09438658858338195,-0.04304856694712111,0.03659560714015236,0.04298760976388225,0.07498364439348926,0.057892149698074054,-0.006407748881053011,-0.1465846887733299,-0.12264446365012659,-0.022543324589662395,0.010054643744946695,0.01825888602571928
2018-09-17,0.07476610566543015,0.04581710640622666,0.062032596346521356,0.042627972495330735,0.08092295419954723,0.05959457708254723,-0.20927355386100807,-0.14038882991067375,-0.14505693718728088,0.2901134998251591,-0.14535664995446007,-0.2033497756420837,0.10054506775248256,-0.16462666781915247,-0.04240896686455341,-0.07481350360956163,-0.05201283201037618,-0.19940070647732283,0.05957524248884419,0.06267827703000836,0.03916947622248551,-0.03550112386219493,-0.013042299347914009,0.051976442292646266,0.05147301565211032,0.03498129462679181,0.28692746163008426,0.1767985504061693,0.0754147241102601,0.04488250613832765,0.059407717468301535
2018-09-18,0.029457444875570057,-0.0520305396481092,0.004570296652615354,-0.03983190236252579,0.07706949464866006,0.07294511060178872,-0.21950057328213865,-0.1887539886857198,-0.04855117832821761,0.07119543339295195,-0.17792516003721645,-0.15024361402513625,0.14384015957474808,-0.20092092415153004,-0.03271833974462584,0.05558968938559224,-0.15757313570401385,-0.12527421034664768,0.059227411794029204,0.07998138026256417,0.09391688287967818,-0.019232612189897656,-0.022665382194193395,-0.0496029464786637,0.1083322692910072,0.016119784068369086,0.13663481457982046,0.030977365464312092,0.018731279109919004,0.0652537359151607,0.09812335524292985
2018-09-19,0.0342661488922972,0.16833344947802678,0.10008069725653977,0.1395610248632395,-0.01805420111278114,0.04571207768661171,0.007107545586905198,-0.012919352772021385,-0.0813007825279846,-0.09053478510218807,0.008233605422177897,-0.07361183634794885,0.053686219330755146,0.048627609508339546,0.047137700415359945,-0.0967354214431736,-0.04575599795221754,-0.06051064344457286,-0.0758874312979326,-0.13516554023547725,-0.12637952331436292,-0.022737435716938433,-0.027830293278482764,0.13063395899069732,-0.015872860385986294,-0.03260787178145489,-0.03129188703205177,-0.13740862298206083,0.050343959282565805,-0.09261538834301382,-0.05734990385742486
2018-09-20,0.26857595213711194,0.06855276131104777,0.1986662777371628,0.06949322339743978,0.17421864552827862,0.15861182661628745,-0.21551837046649266,-0.20422995553275283,-0.02780751597763102,-0.08337663487117664,-0.19373819757051636,-0.10227666888305358,0.14847829619665903,0.0012775660491752766,-0.048484849424893214,0.05737599702497952,-0.17029867131028023,-0.0821590773620281,0.27019027457927736,0.18666205561258695,0.11892234668535467,-0.020596464913403414,-0.011673892432404189,0.07088074173136201,0.22191606458280835,0.20208002053959556,0.030421977947164752,0.05252989421878276,0.23377213816914733,0.1325205409603145,0.2221433426013819
2018-09-21,-0.07555500488043586,-0.10882243248903763,-0.08973470743769407,-0.04612609301407154,0.010029094798748129,0.009102523398454654,0.0058683618860896946,0.009065751930748515,0.09286121808467367,-0.023798082583522347,-0.11659479618719674,-0.16839117677787566,0.15165542444430036,-0.16317785059670784,-0.08869600594625555,0.053750837449833395,0.05246853348701949,-0.11398448187271422,0.016143913556529162,0.04943237392682667,-0.00860535926988137,0.05008854060622775,0.0016996811218120433,-0.0910171509973133,-0.04082563311080345,-0.03997210650900927,-0.02345896574903503,0.011957831223337009,-0.08663567621492119,0.012842334144773338,-0.005125020358592836
2018-09-25,0.11975811050859166,-0.055053577414038754,0.06127112234239761,-0.012584524477914095,0.05680017151172707,-0.025939077745352864,-0.04926725746165094,-0.05370506512465303,0.10048302966975622,-0.02799688791383685,-0.05801660267528709,-0.015660304042441515,0.0177592087413557,0.010629213924394304,0.10935308167962315,-0.021555813379008464,-0.14955104831498917,-0.029978721897290096,0.21907621265889432,0.17293352050664412,0.08073323591248066,-0.03110804498215717,-0.015426244174794487,-0.031186990356487004,0.16557301674478123,0.06924781156537398,0.01763839066838206,-0.043635541267643595,0.09193572323293957,0.08163179669550245,0.13298887519075256
2018-09-26,0.19367127108432317,0.1298120709602106,0.18528518254016102,0.12649389401101147,0.03944317947972066,-0.10002886569769884,0.20491808049799093,0.24672313227303336,0.27414562936631753,-0.3537951523716031,0.18740352510349875,0.13973183882567658,-0.0023839375379093907,0.16787058986704348,0.06176461219639709,-0.0312705654415185,-0.23536384631667012,0.10442628740646119,0.17421609552394648,0.02527971532899901,-0.005000490632538963,0.0015262585213098301,0.010531241189036923,0.14586340650424864,0.19742979387072254,0.06986537208437543,-0.2522880540532899,-0.24827754420853942,0.14739087820534852,0.06800251585080445,0.14755626377393094
2018-09-27,0.06222150958557654,0.0049523426937172895,0.030974741649133487,0.005228090316756856,0.09982592216025915,0.08402273485360598,-0.16462667478883516,-0.1244766849243002,-0.06913417525609616,0.0563205753752659,-0.09137141813466074,-0.06792351158267104,0.07244294147304829,-0.10970818841416081,-0.03579341902874424,0.06465623129523504,0.02456702512435707,-0.18513008050454763,0.06016987848647746,0.08194246899343122,-0.0054434871834775495,0.02145259144206896,0.007261177029667164,0.00048381704953499844,-0.024595379081145178,0.05214839826460041,0.049972882373593555,0.09240055016340358,0.04176445855470726,-0.004995961145708575,0.010453682470310663
2018-09-28,0.013255766940630949,0.16533732409873972,0.0774064579888956,0.16486096889035728,0.014800622616199941,-0.004267402633396227,0.2134083388370679,0.25445033987515303,0.19903007117853155,-0.32147505976534263,0.132666016756309,0.08228798767660074,-0.037036829787737736,0.13164222534683814,-0.13014999906292926,0.05400676251319257,0.01811861807436786,0.046019366383620953,-0.08710000348496982,-0.14381006714740618,-0.2020331575623382,0.05373368968593391,0.02030385571965254,0.11774225422979008,-0.072017209768149,-0.012438358616348587,-0.3483559647112659,-0.2763047943654849,0.002470704265570018,-0.06879001170181576,-0.07825746396437043
2018-10-08,-0.09004740823634765,-0.026876527101600087,-0.07891042536074347,0.004744702513260873,-0.027174956548213402,0.0023806560877323063,-0.08586057670106939,-0.06791072413815502,-0.11741071660044607,0.2096915316247383,0.034580522696924985,-0.04813957516037683,-0.007736960155490276,0.05220167005876567,0.046396398659393566,-0.02837487480070393,0.14567537466906044,-0.19785252596980632,-0.06223679666432707,-0.0479987432755405,-0.07648274346018775,0.003272045674581768,-0.004454536431399683,-0.042271930231557786,-0.21919275202381175,-0.07808781013894378,0.12262468539214139,0.0655022071668855,-0.08930271459797334,-0.07815133306737165,-0.16782938543507486
2018-11-02,-0.184292245770565,0.0985217661980232,-0.06270623165545366,0.014686398078390004,-0.099361144206669,0.02550813651696797,-0.10981966427784842,-0.15296318066548542,-0.26537087840550816,0.08854201912044307,-0.14299238964313613,-0.0859603311905862,0.08848426742241218,-0.0302540936709168,-0.1645550639888301,0.018433152401227285,0.11335791821906273,-0.1400890859369297,-0.29055127299569133,-0.23516010338253948,-0.13032846780008844,-0.0063627576431741885,0.0007984617607161192,0.008453773695570887,-0.24367360832553428,-0.10158504959629909,0.052900702682327584,-0.02873155973472392,-0.1067820525482907,-0.22244076302049248,-0.24934271485901705
2018-11-07,-0.15965051026354365,0.10970987198192733,-0.05924731207038676,0.055358099045403446,-0.05450003478935168,0.026024229766491953,0.026173831229286036,-0.008900534422294194,-0.06500881775853339,-0.07472468145869081,-0.03682961257549329,-0.10938764375253351,0.023284248174127657,-0.04112708978545256,-0.13246896714176612,0.10811477753519369,0.09866167257158939,-0.06252905047552904,-0.2129063218379281,-0.2365503962222064,-0.11193008778298788,-0.015677998269488624,-0.00459382530502798,-0.018276169485203754,-0.23184209998502103,-0.12365017768718792,-0.11290202365117802,-0.16534960012197397,-0.1132401650826588,-0.1829682961816181,-0.24402397629005376
2018-11-08,-0.0384179810920747,-0.019131687061869566,-0.062316398115909236,-0.04536262719530606,0.007166697559926919,0.042630548269664885,-0.08285464184126859,-0.030445534973470974,-0.06698074098033614,-0.04437018652770039,0.027124451233611197,-0.05575533293331585,0.09244658439051302,-0.03312331424996732,-0.1349004882419434,0.14981723062670332,-0.03993433660221992,-0.04124473809009661,-0.03784870248748357,0.021490237717182184,0.03099495460013183,0.030565614861002868,-0.004525848166288789,-0.117357160897521,-0.05804559259700898,0.027955655212887807,-0.11177874723299162,0.11207564646617608,-0.03260857179945107,-0.01283086734530369,-0.049646403922752325
2018-11-09,-0.11876439197928211,0.07935243223172224,-0.05451049306734988,0.012672321344172082,-0.05690832398533036,-0.007059397680160056,-0.1898246715834103,-0.21158904835989464,-0.3010128488893724,0.19320889655344173,0.1664819174585526,0.060270196498413454,0.019244232872794486,0.10860787024844824,-0.14537951845397964,0.06329044260480826,-0.06429186854854008,-0.023658817648511028,-0.157843629704884,-0.09766369167713664,-0.03609713579157459,-0.004130936234878907,-0.028527683942099438,-0.041400960169387734,-0.10986881277821353,-0.08583606341964241,0.05305520309225524,0.2148838327752106,-0.06462478326501064,-0.06668406028728033,-0.12389828017735362
2018-11-12,-0.1319055214918347,0.2286605346313253,0.010570748423451095,0.08363615811471904,-0.10579752372444318,-0.023215314360484022,-0.10155604515110717,-0.1140776117023819,-0.24003863660416233,-0.004261508466749086,0.2288009429739237,0.09019709223903992,0.025228059869590196,0.1979931717346797,-0.16721694119954755,-0.019567600922315187,-0.07980599923337446,-0.02984441594341312,-0.28265689989863096,-0.27273611573887624,-0.10317846923497574,-0.044451211525864676,-0.06238660240326897,0.14723936125434375,-0.1563179605796089,-0.08815992113308692,-0.07515978339296144,-0.022590226975031255,-0.04558117051751113,-0.1646653364993335,-0.2015064102072965
2018-11-15,0.005960435143181558,0.12249784443814124,0.03384643821464363,0.05489882044759662,-0.02966465854044552,-0.017777210473241215,0.004948005679565482,0.011630946717178008,-0.022314713202445855,-0.06892692043487608,0.06463637697785032,-0.02803901081820635,0.0009308567535138984,-0.02143284576584777,-0.08557134697971372,0.012647254189488167,-0.09091966916689166,-0.15296370348476507,-0.09970168672184582,-0.1067599780540165,-0.04223250388068448,0.007122456308728918,-0.02733727268038806,0.04411254997962057,-0.03817452766420232,0.016342996831589452,-0.1334384313776638,-0.006530943793700418,0.02764343105025992,-0.07742128661603023,-0.05702927879970306
2018-11-19,-0.014037584976963585,-0.05728220991667855,-0.040264669203970795,-0.010785936698580327,0.07584861997159609,0.13968138006413355,-0.10898461650177822,-0.053943224140592834,0.034060968497728675,-0.15622381028600793,-0.23454672000963933,-0.2580155769767856,0.006604691616446879,-0.23139199463099827,-0.019746059192326557,0.05450021174915748,0.006900873831434674,-0.0415687864059454,0.01881727103736959,0.018420793331029105,0.005614417602961811,0.0055958485253264,0.0006876449427047472,-0.05832384614936717,0.05237043884196209,-0.028090914820782666,-0.07145663087103864,-0.13013146320327754,-0.02710909185886301,0.06078660661105748,0.049662345845644114
2018-11-20,-0.08746472068321887,0.05983988317700237,-0.03189957438244688,0.018286169305757178,-0.07353201744938344,-0.048445119067783746,0.01690954551297364,-0.004707400709707798,-0.14216163236901472,0.040496045615978436,0.01762559067551225,-0.07921531318127538,0.046719624340301705,-0.09963301055155356,-0.15144121267003555,0.11385629366699815,-0.007668665605915175,-0.12202566960655939,-0.10301802586711406,-0.09078458845421303,-0.03634996782229696,-0.0037548202653628422,0.011252360289543333,-0.05842654257386121,-0.16684567992681978,-0.04238384261336593,-0.04439275550351595,0.022536386215594385,-0.04434709896798433,-0.13557652220158928,-0.16501372276034543
2018-11-23,-0.011863553182022906,0.15349701596274445,0.0319987872638589,0.08319852447948325,-0.03534937066796354,-0.050732626661444506,0.010560503298504177,0.036530507967607546,0.04153866908184222,-0.04361727268352042,0.01769938643203423,-0.03652772070685963,-0.02685928891639681,-0.12412009499643198,-0.15874837610546647,-0.033335131888509464,-0.03765350041883265,-0.09676887687635437,-0.11447353277437121,-0.13664573249750628,-0.028437923556690517,0.03748722681645828,0.013915913268583272,0.13297957383882408,-0.05008260099761163,0.01868642971998816,-0.09526423269095052,0.06934309388805088,-0.00035059188452577557,-0.07820636596752419,-0.06269426366224373
2018-12-10,-0.08033525526374238,-0.08527374786537827,-0.09482682663667043,-0.07153100025119657,-0.03397818423970979,0.011463362630098879,0.02753450846888063,-0.06901110847007305,-0.14499035235380084,0.18845482671813385,-0.11116018374165862,-0.1523488187372095,-0.00584202744222275,-0.13831415622440302,-0.041202414862495124,-0.02473932926936808,0.04652526142869626,-0.13511693324218502,-0.03304746160399137,-0.00764725121692191,0.020305423419309503,0.01672732331494721,-0.029832244858739733,-0.07967638897961267,-0.05755300560358518,-0.062288800133340025,0.13088258836258782,0.16104874194775137,-0.058203747663906936,-0.02666116840505357,-0.07622415318440007
2018-12-11,0.12971008843628282,0.06190343352189314,0.1164114185253564,0.04862187778456833,0.07097628827876859,0.13075314057615434,-0.11442581046269665,-0.027710853631554778,-0.04767887260702148,-0.11819249708051152,-0.17519481612141763,-0.14776802545349244,-0.013867211668231929,-0.20194868208009897,-0.0236060534023061,0.08898984487067825,0.026841859535932124,-0.102600477054744,0.10455819234736832,0.06699498558797576,0.008366022938413166,0.0009581309122004999,-0.007598941072097975,-0.01850657578149625,0.02008744563268017,0.12018627785539444,-0.05750989677083342,-0.0456231305892017,0.11251385619983668,0.037394248961251465,0.06558874125257139
2018-12-12,0.17540733001306397,0.04893166853275386,0.124091640835392,0.07560673503627716,0.12515881037924667,0.14405526394361706,-0.12835774665866248,-0.09575188522647946,-0.03071931272271394,-0.13089158844543172,-0.06738054224040116,-0.07039716315526912,0.09346836839032806,-0.053301273127819,-0.07579873820799245,0.05879037579058749,-0.1661395916876992,-0.07116539995583593,0.16317700146138153,0.1275163943371453,0.07407471772576794,0.00354653272300295,0.04141180117100117,0.06578259253447404,0.1799331240995397,0.11063585044508753,-0.02440518226423678,0.10184424677765497,0.13366999338997212,0.12459988897548799,0.18055363737426341
2018-12-13,0.192598013790772,0.02881454292642753,0.131909309154751,0.07951296158439326,0.11190542276386072,0.10511248320888743,-0.1982386423996952,0.04172357065001652,0.09482394730425844,-0.3846192693459799,0.11322489069892368,0.09008833476877613,-0.12700715625034234,0.14058789900189375,0.13678330861457927,0.08006864652025364,-0.11469189708064653,0.029561320853131737,0.19694355527495686,0.10769803422123796,0.012319169651985052,0.0048719417591041835,0.033924747627484084,0.055913577440606294,0.1548037732404707,0.0788478461163774,-0.25148549028798173,-0.24826771121923585,0.12509032486839816,0.1304165707395821,0.1756340860267547
2018-12-14,-0.042147862547799356,0.043896149057029085,0.0189029887624514,-0.008022417757478318,-0.051579264798832465,-0.013307039771947292,0.037246422846012234,0.011931300555639257,0.013801170141249772,0.18635149383729108,-0.044489803053740534,-0.015117736795939384,0.02432853659268062,-0.06129027228614602,-0.011671918120257342,-0.11701094281746839,0.15669382081124245,-0.13524246984305488,-0.10360851718540805,-0.0930972533588602,-0.05658246237375187,-0.0075555699358376815,-0.021293266323945657,0.06614524178364456,-0.1711456401487978,-0.0011695501993608099,0.11624779872956467,0.05196170849566971,0.004464052509798435,-0.11550787282316875,-0.16767921474135392
2018-12-17,-0.05101406364746326,-0.06261266933776802,-0.05027630356339805,-0.04500178508341843,0.021281426492814587,0.060044056915351786,-0.09945422888663762,-0.06097869521431015,-0.014587722484211377,-0.0687612710469526,-0.15924286064128967,-0.1709870330132529,0.10821447345172155,-0.14183684661863444,0.010534751583755535,0.0507282707352981,0.01388651241661347,-0.0961749784133485,-0.02016921935583013,0.006416710153811748,0.006352878083048103,0.01004434476584823,0.0002881814125682326,-0.022359123516914166,-0.03038207990361172,-0.011884439695335003,-0.05061572451610266,-0.10721543922145463,-0.04363836574293935,-0.024560487784253994,-0.004979797796911382
2018-12-18,0.032530602227349215,0.10120435042129025,0.05775100031945427,0.04395133858012551,-0.020820692566462188,-0.011810403059040592,0.047465925805679696,0.09142074495830504,0.1041631118678858,-0.08606038651346821,-0.08126424992276271,-0.010876794747219323,0.07238291538943832,-0.039592022554293324,0.03135172711391807,-0.019183837140395798,-0.0037349634690486033,-0.05321175420140102,-0.035139216484525324,-0.10031110430024341,-0.06772447471600408,0.016547533652631383,0.01683752567430449,0.058054447233879536,-0.08900300397503318,-0.01313333903371037,-0.08274466402901422,-0.11158059312814753,0.04122607932830724,-0.055862137086335445,-0.07727856020130547
2018-12-19,-0.15567472319471312,-0.08909380597467716,-0.1371614411880676,-0.11443229506703519,-0.08719424318748972,-0.06532127763104649,0.05722743864465519,0.029619730667042512,-0.03807633213290745,0.28334713412760304,-0.07443805012702334,-0.11429966818046666,0.01216931075692638,0.038730226640926325,-0.14313722752985852,-0.0007998067987353486,0.13010166017512786,-0.08500702939440771,-0.11596528261390754,-0.022665615088336883,0.04090887273334067,-0.004881071861099162,-0.0030573568855889544,-0.10313611973916136,-0.15215908995544236,-0.04810916452948199,0.1531552126830336,0.23356448770668367,-0.10009998686860029,-0.1039509667710391,-0.14785798216740523
2018-12-20,-0.013023986558220754,-0.08588187920542,-0.051252369969158586,-0.053467500026493815,0.0332067508659763,0.0919197341859389,-0.1308356242259454,-0.05778029536655615,-0.04837420920204899,-0.06300218837552612,-0.05059214081545747,-0.011009693661526713,0.01526324113260788,0.014875683263333741,-0.10329380744750369,0.13704074166174252,0.02890575383115968,-0.031836026871153396,0.022876222329615586,0.08619533445996787,0.05708113866546857,0.03189963421320194,0.007468799697441498,-0.07565707235503555,-0.016645628946282274,0.0027270760351771595,-0.11571171351913719,0.06090678603693702,-0.020069227709526127,-0.0031193280232230665,-0.03625396903274945
2018-12-21,0.0031789947179495905,-0.2095963842042639,-0.10782402057661455,-0.10101178824939412,0.09876848120207733,0.07456509544086366,-0.050943718427062856,-0.07931306310077546,-0.10788302437425998,0.06062343847319211,0.013673140772256539,-0.06672550479216174,0.08398115817042363,0.03472430402990654,-0.12300200476626513,0.18981238446774393,-0.018913212464601325,-0.043437403541224454,0.1589329082003265,0.23737204850494142,0.11056209137911162,0.044451939646528445,0.039033107797734515,-0.21832919730311504,0.06679541428577408,0.0757786987105754,0.04812427776707892,0.17891321475362215,-0.040616580627083954,0.09068005519926921,0.09911969793584309
2018-12-24,0.030642461498461077,-0.2316901392333666,-0.0590662508771988,-0.12405562306268109,0.003116934532399832,-0.12108821546305613,0.1041759523731499,0.184333426775162,0.13699904733489102,-0.0913051419890959,0.305170639256736,0.22062847227694005,-0.06679116198278763,0.2734635287254912,0.03648497210176017,0.08722442146058111,-0.11200466162498292,0.046823752268820816,0.18597414836039847,0.1978530085976653,0.11546367364415608,0.09242167502490896,0.04261041430230912,-0.15513820536717557,0.14522209413039544,0.062428599186725005,-0.013969194543499262,-0.007745782156725806,-0.010260416196643541,0.0998056714361378,0.1649382537903776
2018-12-25,-0.0004905217276011865,0.06532977112763177,0.014701442596236488,0.0317624952024525,-0.050114817813870054,-0.036884288784537526,0.03801013052409587,0.07370896500807493,0.06901191249514257,-0.05063915843614093,-0.058621906837620134,-0.04884904030295857,0.0739059586459683,-0.0708480816370181,0.001191252178078206,0.04380057278482028,0.0340868572570029,-0.0662308079394543,-0.06478420148750681,-0.05245768814666546,-0.02395772472911615,-0.02534524570428735,0.012605879353328733,-0.02483129705920239,-0.11023137253100435,0.03157456327356563,-0.09558454465475315,-0.10348113185019223,0.008154909835551772,-0.09121121206815234,-0.12007004397014132
2018-12-26,0.19867174027376416,0.08551702653010944,0.14970894919988528,0.08934927519830864,0.09813647228135336,0.11074085658308852,-0.09803416470049381,-0.011367275924137542,0.1383085190167056,-0.37003044309638794,-0.02137107224233313,-0.015061148684106521,0.030918585444226564,0.00919366189328054,0.08957899140451635,0.12112036142759221,-0.1808012328671954,-0.11084048293144122,0.21576078297462867,0.11639211457275192,0.009274826763525559,0.02529396869031941,0.0279199341406305,0.040874508954775395,0.19762555601461898,0.1511649984106264,-0.2675023288634807,-0.10913226629709924,0.15128768394817607,0.14440421101366996,0.2306041444054512
2018-12-27,0.06055979664041927,0.0933644189503797,0.05487952052802485,0.02996804225889116,0.045451222949546295,-0.010964032175144653,-0.006099347738829539,0.025779073479852515,0.0984889131733987,-0.1708010806007476,-0.08980097313455614,-0.10818859413673963,0.022934864874745515,-0.06437103949593813,0.0900240563011143,0.02012181939851179,-0.047753903074885036,-0.0968634733772139,0.005522310187356684,-0.04289760783539748,-0.02762629653701547,0.012806705081913878,-0.013481405093772344,0.0897022785480796,0.06219786517097532,0.008045407030900993,-0.0784680894647577,-0.14703285160072369,0.03471090231215202,0.02176072881575217,0.052498151331101375
2018-12-28,-0.20758178321501933,-0.036245437417075546,-0.17919139549136331,-0.06885316256383663,-0.09590673086054369,-0.09279055020398387,0.10767200292752592,0.0812854031436016,0.01400235505493784,0.19140390677938948,-0.052304745483803684,-0.14824632931513104,-0.011781255680488413,-0.08350736736805717,-0.1199615859976475,-0.07055988923832004,0.07211210108030529,-0.23418839211543158,-0.2325682348506191,-0.161065180464262,-0.0849317175620029,0.023602806979355132,0.023720940176459152,-0.015095112868791406,-0.24740317489769167,-0.11540061986366426,0.028770275317158693,0.12398473297023632,-0.17168285993425933,-0.1542441137671033,-0.2278415050681702
2019-01-02,0.01677822597418856,0.2469033744026358,0.09171598278372946,0.11871154518610666,-0.024213370790906845,0.1280544986310873,-0.12114013105554573,-0.11618831378755771,0.012696227404662844,-0.18495698458669768,-0.11211547053958065,-0.06463245610672334,-0.0018219417996968826,0.06818584067897211,-0.12510760814305535,0.020470940690725192,-0.049988183742432704,-0.009354700391197719,-0.15670371088913304,-0.18212221255283598,-0.14313491699337053,-0.04978580313075648,-0.011968650951562508,0.2093122573933808,-0.05271810480560113,-0.003010383253457034,-0.2494239359395292,-0.042805084833953205,0.04950726469091604,-0.07747097469013535,-0.08017312171581419
2019-01-03,-0.020683503332001044,0.11520772258873793,-0.005925215748346845,-0.014149469466404958,0.018623390576114413,0.008058078554572677,-0.0657978677801025,-0.03405032357679435,-0.1139153121091321,0.16455260302896949,-0.0718550267678801,-0.12769846167123214,0.07573396898513123,0.03720953983737843,-0.14195124239965914,-0.044756538061785464,-0.06962658937122203,-0.2386523560051462,-0.11058632849858917,-0.0822180509038453,0.04092251664297885,0.004983671420056972,-0.004108043914830127,0.10678480496619201,-0.010597765587000126,-0.017113711464148067,0.11144336752295735,0.28615516888609316,0.0020886116092892325,-0.03973885941642708,-0.037838079056339215
2019-01-04,-0.18525044841065375,-0.020093479779823786,-0.1454403344520874,-0.000994724960394766,-0.06369915244664898,-0.05984153776077217,0.04753478362279056,-0.004221949750442823,-0.07239992665764163,0.1816238466450455,-0.030720899048156464,-0.08290479228327853,0.005775529589901232,-0.04640057635217153,-0.1976872268868828,0.03518307896194441,-0.04217117131772552,-0.23321526528760084,-0.17852860349457414,-0.0941676011506317,-0.061868559536073696,0.03237406760048186,0.011989403394251922,0.007446068732145141,-0.07780926297225799,-0.10677692154388996,0.07065450818420263,0.18755729871301316,-0.157604914920933,-0.022836724377062387,-0.07079361395496231
2019-01-07,0.03900794733119344,0.15462895967833784,0.07756504145797018,0.09980191251717219,0.010158521421058744,0.04176271781970995,-0.04962524791122399,-0.037327937886164654,0.03159313271951017,-0.09462495621582512,-0.11988580161204167,-0.11387317657314791,0.10356540085838291,0.013064046647392578,-0.03052002992297321,0.04095704124217389,-0.07754838361456687,-0.0630130925280173,-0.0510413177761228,-0.07138348782830184,-0.056127159396116906,0.009266387501713607,-0.019044702442893677,0.0693867562212349,-0.03562995167300042,0.036302350620617596,-0.07510503755380483,-0.03372945824101727,0.04935037164191233,-0.07501483368832937,-0.0531415745811012
2019-01-09,0.020283893726514315,0.08320395597091547,0.002619807676579632,0.07395228946370433,0.0006129985787829682,-0.00822688306541072,0.0695734812099706,0.06416323873133618,0.06161493768467153,-0.04249210557971937,0.062036965912808155,-0.011718775551551699,0.08033261528815804,0.015548803859050052,-0.12286808277665157,0.06611718998193494,-0.04597997118868714,-0.08332463133782753,-0.005601672686312419,-0.011541768982213959,-0.043425714248918695,0.006299526977112271,0.008542735180167271,0.03287275822456351,-0.03789321309991982,-0.005236465520078172,-0.15112691469603418,0.036151747899124606,-0.007864033715039721,0.0038637907755416294,-0.024548102754893088
2019-01-10,-0.019205930495429572,0.04448440054038606,0.016716374803659537,0.04656456687523205,0.027904667343576772,0.15046474588780523,-0.11941227858823207,-0.10378612132020867,-0.143961074245108,0.024951705729813933,-0.09486870898908259,-0.07137026304872823,0.13374955154818208,-0.09952593412276242,-0.1832921730362492,0.060347992654682804,0.061030922083974565,-0.1306973257931574,-0.041880613852541944,-0.016638328626433108,-0.033082894779797804,-0.025489002914970745,-0.013472819792824225,0.05120628207022838,-0.059449209057712456,-0.0197498435081604,-0.084082831022747,0.13126601223249992,0.005282328777620421,-0.021042703235204973,-0.06031354482421275
2019-01-11,0.08233184025556761,0.16242188583855374,0.10320701194183168,0.17686367425130642,0.012059849554036833,-0.052227828796816735,0.0757504929397991,0.06579091225016696,0.17275644266552442,-0.184487198362939,0.04671251273932575,-0.026698019921849173,0.02484744644396463,-0.058748292568512925,-0.028295342857326693,0.02881353972661927,-0.06477178577140295,-0.039316595602484156,-0.013883861296524325,-0.07911040529536421,-0.12265973029304683,0.047654384948524774,0.02785080443525604,0.10837125362767447,-0.02305096144832751,0.049188845667600255,-0.16782602551229348,-0.14239780557342105,0.05566849570493117,0.008965434779209011,0.013863311371062236
2019-01-14,0.012789395604290764,-0.07884605671270428,-0.039514747438442854,-0.10008328763656056,0.09193294896340701,0.15390884021103482,-0.138184966066736,-0.1159579182904059,-0.20022752590434764,0.03325990970502356,-0.17368292925604173,-0.21288969250708478,0.0985564814596178,-0.22349288525062666,-0.10420663867780396,-0.007877959016719671,-0.04771704308031551,-0.12376882937746661,0.06171339513459515,0.09489188666740954,0.15290964328790232,-0.020952250785805735,-0.004040341461835748,-0.03088843198141977,0.10852117228645283,0.04497400023914126,0.053282962746786865,0.23085297087895598,0.01132174032420841,0.041492702632836026,0.06715593004823343
2019-01-15,0.09509781019524012,-0.04942540547443126,0.05499552165462395,0.0060933376388606925,0.09906359834631322,0.18768901022286588,-0.2162715058958911,-0.21586846911194046,-0.12004334326416159,-0.211903052376796,-0.16147278546935598,-0.09701736540726931,0.12498957084533519,-0.13862615561709826,-0.04435955062432492,0.21166570521783265,-0.047447172111133536,0.007131552793513438,0.14402700057561563,0.13010661885557095,0.10831869336673003,0.0409184039796626,0.038593931652959955,-0.09963751545128288,0.08396626856122433,0.06301804274004565,-0.07941614162589182,-0.10239051544472999,0.07528520756433169,0.0490200014721046,0.08050207960223024
2019-01-16,0.10711011367953766,0.14516137237923984,0.1446749579324797,0.11895292597004124,-0.009819360283364435,-0.011842293740178284,0.015091625414046425,-0.0003660669625444063,0.13721565107517147,-0.19907625939779314,0.0001958094842183329,-0.01184755668619525,0.06370076358509419,-0.06576430440205674,0.06650405500876136,-0.0058789449270840325,-0.13175984794259776,-0.0649354148250494,0.0614076194067442,-0.018279369176524587,-0.05366347168385843,-0.007070194871856075,-0.009534346038665115,0.17517692504685964,0.04951320301165616,0.029444404961330294,-0.10630583064866905,-0.1952526077126412,0.10153348062837193,0.029118428573287208,0.07098880686985756
2019-01-17,0.25829186426579026,0.07412152749338032,0.18406154535108366,0.09843655061004945,0.20934428894418722,0.2889794487196352,-0.17835021797308104,-0.3058631250605651,-0.1847538702852726,-0.20385653569906395,-0.08423527992126098,-0.033961216936706874,0.17531122798604246,-0.06234004656879711,-0.09300281397209473,0.054472563873492266,-0.15345589079648328,-0.038084703648703436,0.2781947963901488,0.2108592847407567,0.07762738338107225,-0.04834826244095763,0.012718501306742179,0.08034013045617107,0.2627220861502767,0.14747255859990957,-0.09174317590515949,0.024048772677973434,0.19029752640999875,0.17361873534282996,0.22690997991197315
2019-01-18,-0.022748230740961058,-0.10317490886705497,-0.07624464345333086,-0.01839089736267753,0.07057403494271706,0.09608543950772895,-0.04279155755163026,-0.10964074859701549,-0.11364226737727917,0.041975224954475414,-0.1330830273480846,-0.12629072891311316,0.09932002552592414,-0.1366941219560366,-0.030581974755494123,0.05271335084364595,-0.0011331081770027715,-0.045201995416716975,0.0721907572534714,0.09192262826397428,0.019697436646601427,0.028352909205364298,0.03512625615537566,-0.10445045115196261,0.04985899414132123,-0.004668177549087022,0.04698147592006238,0.06873026531284931,-0.05529068251210255,0.08995280946785764,0.08210651710835527
2019-01-21,-0.00880147173956086,-0.11201127333641225,-0.06909430679482405,-0.06406501333835278,0.011326458059948261,-0.039968413175450905,0.02420515181869746,0.0231431202103925,0.10776749189388567,-0.0369477794406977,-0.08651735634186078,-0.08966368079436914,0.06431458274894318,-0.08689314959336764,0.010336574577379474,0.1358171653696528,0.09458493446243672,-0.07439725223761626,0.05108970852613148,0.060142106916728465,-0.0040776263361884686,0.06933644538669398,0.042041218978521075,-0.15812270538940226,-0.11835799470152225,-0.0003634933548024968,-0.08978313755266731,-0.08826307680690793,-0.053614992771929756,-0.021744158031217018,-0.06910236713790714
2019-01-22,0.04594937092342063,-0.003316866821231573,-0.00327044834753233,0.05101083238637086,0.017617617032678223,-0.07003735835932547,0.13453494151632986,0.10396774414182638,0.07492239153689388,-0.018791865846380974,0.10428939578283226,0.023796798903557192,-0.0051718083211495305,-0.008420354338933796,-0.07539701525729495,0.011314408426311175,-0.013637988362158923,-0.04532629182156344,0.08033011315945787,0.06684238695835322,-0.058927294204114716,0.03982406864804667,0.016638362225373026,0.009638779541524025,-0.007871961822984263,0.04283660568921515,-0.06261795523737296,0.02536993968427023,-0.0013717730947850149,0.0054201232533392825,0.0368941476012197
2019-01-23,-0.008121200809128442,-0.01259506374564107,-0.060765130416352175,-0.07862432740654979,0.045932546651264256,0.05536315009417182,-0.04713810715910864,-0.022331213523899433,-0.04494032035363496,-0.029960802130360033,-0.08530892420744435,-0.15768514949994145,0.11461928776972746,-0.1539547384794047,-0.05878005167127865,0.08360830152522274,-0.07395242594593414,-0.02160296439098464,0.01110773458283596,0.04023026168569521,0.10585683996841255,0.027479250851704388,0.024499783779349377,-0.024479375174461516,0.08287047531325228,0.0325702670187669,-0.06461919042802793,0.16510285448757464,-0.014131819527922697,0.02947643484673909,0.029793935313763894
2019-01-24,0.2684169119024249,0.028556459011478286,0.151493405648307,0.08838601046668466,0.14105762252453033,0.04551926861244833,0.017846591991277888,-0.04160356419970518,0.0662583297987734,-0.35920558593595453,0.13037970567667442,0.04096778981583991,0.004058023657936107,0.003247878861097478,0.05941978769277719,0.08476654637112035,-0.22003627252424413,-0.004623788932743149,0.28650707594675473,0.18202224475675424,0.03277936292572617,0.025877877095416984,0.030416481064728492,0.032078601368713676,0.2784512767886457,0.17822788629078415,-0.16425548689333552,-0.11427007108215381,0.17907395294743905,0.18478817299200884,0.3346415013017957
2019-01-25,0.11296224146531209,-0.04104954212170574,0.03301724013818937,0.009902498479863573,0.06857507592254193,-0.054652087429234074,0.1329901214466983,0.0611893115831322,0.13957239912470798,-0.2015916071482986,0.08847633476725335,0.025374185831387314,0.030977088217259117,0.039802850761561315,0.0573137351142793,0.05539170175409723,-0.09069225609284702,0.01851296601143213,0.14435654256064473,0.10381727550122971,0.010346207249703327,0.048768715474742215,0.046092889088868695,0.03588803187663346,0.13933536837144828,0.08674590869814067,-0.09826894922644504,-0.08611663611273583,0.04223991946533937,0.11002414093514747,0.1771973464059926
2019-01-28,0.23730766273657483,0.04340433802688988,0.16508358653441532,0.10884281699005886,0.061679530631381305,-0.08495260200468621,0.1528510355647539,0.061821391839408095,0.19408323613023423,-0.3349265081566152,0.23532938022343902,0.1658259972016763,0.027321172795948194,0.1924416004373229,0.12501271039255193,0.03303443764339783,-0.2194116285292897,0.175449123071006,0.2697576036982215,0.1471862354041555,0.04062547568786508,0.05019234406266553,0.0334161923464781,0.10770524834218853,0.25855236844853685,0.14454409456693734,-0.1433305890800658,-0.18872546110274083,0.1594963344094321,0.18894087594521664,0.29802819378714795
2019-01-29,0.1664018376910359,0.08111720127335911,0.12641898474588514,0.07099966018940247,0.10353476701857041,0.08217271765197141,-0.018871607053772256,-0.0787297943750023,0.027285766212006474,-0.2954508067815024,-0.006409581499212716,0.036725190223539574,0.09114696844527548,-0.0580610283139697,-0.11311926823319342,0.09889137675479864,-0.12419253124547025,0.04864733143398019,0.1466701056631302,0.06660556470122606,0.011265354515861479,0.025103606369905024,0.05319795766611335,0.0589826002220788,0.10021805830779548,0.10094323923372481,-0.19542282994880586,-0.11559547081292487,0.12258975333512033,0.08741398872350353,0.12385297771052817
2019-01-30,0.2366841158707409,0.02649022114183014,0.12131761913046102,0.02458119156438063,0.0674025784880326,-0.14649315580408806,0.2694662994193698,0.1979345061611433,0.22743443635068114,-0.23986292042910246,0.29063430069741025,0.3089432617443785,0.06558713560450362,0.13715160344549995,0.12062307404556176,-0.017443236820285302,-0.22664129021240537,0.22817209538484312,0.2813702646909388,0.16778775746417485,0.08487521690008883,0.09206334625715314,0.04005726516282396,0.0751099003097779,0.2828008303608364,0.1762018989531317,-0.1474276334586909,-0.045397273104880266,0.14657549313224488,0.22347578084295436,0.31937242487807344
2019-01-31,-0.144175460526645,-0.07591902450134137,-0.11299339382157818,-0.12936147091679628,0.03523340971761295,0.16003763598285112,-0.3269106949316476,-0.21022605249806345,-0.24915711177251998,0.274237777176291,-0.25307308237626225,-0.3921502641573492,0.001424016594188014,-0.22589028943772954,-0.09410844360593577,0.012844185178851315,0.06054321783203964,-0.3634155271353985,-0.11504113843803573,-0.02116693511159575,0.0812959534903475,-0.055718555059116034,-0.03498703427507037,-0.049487142658163785,-0.053906722450303195,-0.1143816097901112,0.2100041939416572,0.28111490867628125,-0.09992834956181165,-0.0713514550244371,-0.0961493438044762
2019-02-01,-0.18904128672487738,-0.14237087999915352,-0.1497345396294544,-0.07649548178289317,-0.009114287633505056,0.06837824658699972,-0.23230553545757854,-0.14954108431502386,-0.1995221838845703,0.4332430205039617,-0.2549147551298448,-0.37532320630578186,-0.007073405212485366,-0.28468571521897584,0.004496497399924728,-0.10856695689626476,-0.058689229694531254,-0.27339388601987613,-0.10599461806599676,-0.01137020679712933,0.025023597336769367,-0.00031923832987869674,-0.00710170765977999,-0.04086390136262611,-0.042246055246947224,-0.16618717824337337,0.3283794378330195,0.2787762624270136,-0.14521357581184197,-0.05356130489056302,-0.055052586392264104
2019-02-18,-0.1321285785629426,0.11371914344160698,-0.0227490179380164,-0.001023225726117816,-0.03349848736702234,0.13973434234088086,-0.1930193804281509,-0.21605846638756765,-0.16559338895181713,0.08895342745414676,-0.18113699723247328,0.14400431758543944,0.0038359013079950345,0.11455245258719222,-0.13741919537003805,-0.03409880114956984,0.06286994556412623,-0.08551427592762605,-0.25194609593755807,-0.22103807799671285,-0.07271439931891194,-0.05240364325409835,-0.029245162889333997,0.09950933856473311,-0.13504918190338674,-0.10958416485247492,0.0666692528645237,0.07592308694032206,-0.05389709382203603,-0.14640384796381467,-0.18183151479205048
2019-02-21,-0.10082967369008562,0.02723529148549382,-0.08207702737006387,-0.09908575687689718,-0.05782990471696761,-0.04647094747101615,0.05807215746323551,-0.04070740800852418,-0.017237446627473195,0.1792544290216341,0.12901805562088778,0.0770083723799616,0.016705382626983532,0.10867585294804007,-0.17127685267468631,-0.12922834857894774,-0.053879216291466504,-0.06728770257349506,-0.1333590843289999,-0.09578283320173213,0.02850083304087796,-0.017575419266449257,0.010454086151982392,0.07663078847653,-0.016375675690665698,-0.07004275061615559,0.10536611729170112,0.33014476192620074,-0.05150721114268573,-0.06163434651065664,-0.041695223916326615
2019-02-22,-0.001955081855916726,0.10690525057287492,0.03795082985336147,-0.033008545373348054,-0.03145122445516098,0.019965702699470223,0.042768824014343884,-0.061717565090018106,-0.06092997054236058,0.16514271984217097,0.16829715218149927,0.14612714831534576,0.023404071708138234,0.15761470722857734,-0.08636085195713565,-0.25890035577413734,-0.09047284523066047,0.11194286867903554,-0.09473827404541202,-0.10720264797274487,0.035110211457062133,-0.04552426538854961,-0.017417017344848882,0.2375607896598609,0.08727935817563161,-0.048936225828611055,0.1594672035210042,0.2716025464818638,0.034592699207692014,-0.017187662582795016,0.020484917070584658
2019-02-25,0.05229014358846386,0.12860489995809848,0.09767083687853789,0.1221027826772835,0.13819173839548368,0.2376539227535914,-0.23766040576312752,-0.281702416458739,-0.2391183956799556,-0.13961325460763793,-0.018768955077910782,-0.17182812508830683,-0.0037494100770090865,0.10063654019132136,-0.11186578093339007,0.11087756141451928,0.025429198962273747,-0.1360853381245609,-0.02437904806618193,-0.027056924385106842,-0.01398935147761765,-0.040973157952968985,-0.006332188052448592,0.09488952522922817,-0.019288778817984333,-0.004316758285382695,-0.13512434252303937,-0.07141745947723702,0.05452601029649791,-0.004895782146665751,-0.04039632040336337
2019-03-04,-0.17354476166924823,0.014312648101719352,-0.1313608958720089,-0.010360449671864497,-0.0245188345575798,0.015760134023941837,0.06255741665798681,0.0064658792047022524,-0.04455969042468628,0.2988170059963818,-0.07393707032953593,-0.17537884287057634,-0.03564350463730854,-0.04365617262955766,-0.20714768546892304,-0.07833892066061622,0.008260205105750065,-0.1428060702053805,-0.24098517259462734,-0.14281766541034802,-0.044461461166363146,-0.005012718485944963,-0.03031573769608753,0.01545732013278703,-0.11653570843747943,-0.12993308519407387,0.15243976873225742,0.3006432954684459,-0.12052559472423915,-0.14383546891423743,-0.1628862276281473
2019-03-22,-0.06499114658420518,-0.06734170543031706,-0.09113531530798404,-0.015339167571282099,0.037900601434007634,-0.006474328690699367,-0.04709242020989688,-0.010556295665976882,-0.001398095005878191,-0.092527435591097,0.06793523925047282,0.01203798530808551,0.06900651975742216,0.018658451886730248,-0.10685685524493736,0.2080822700024145,-0.010268350274829979,-0.03635033872462132,-0.029863127183752367,0.013289129956549699,-0.009347464439773679,0.06967618651305682,0.04818819386912584,-0.1601860555467162,-0.05299392267068319,-0.030893914241808124,-0.1696367409252063,-0.08967653628133782,-0.0971458294733401,0.05375410006776627,-0.019247862473536798
2019-03-25,0.121918361462411,-0.050742782625282486,0.064565201348511,-0.006138962291539253,0.034450405952869356,0.0633903317669756,-0.12348929974697455,-0.10356487643425273,-0.04776482916248124,-0.21350483005070198,-0.10386628511414564,-0.16165817755063264,0.08196787926113373,-0.15629821681935882,0.1350823388049019,0.10722171292913601,-0.027330531967229017,-0.12412619022839713,0.17048085943384553,0.15323751259705568,0.0807080300233816,0.004379366874572514,0.01325403815291871,-0.0616341239890114,0.06371768214500056,0.10085824181661332,-0.06589767641065752,-0.15918823406923518,0.0843238183298047,0.07811431226324497,0.10695898316825904
2019-03-26,0.14799473654929232,0.0019205309566067631,0.09976313938257196,0.01480367724745938,0.013652122713842398,0.061692474814691735,-0.00948936335913319,-0.01191458904650451,-0.03839840000198755,-0.16552073753967397,0.08427911737150298,0.00483374848207675,0.041111557057744025,-0.03391217039823588,0.05629585312368969,0.07930349846157488,-0.037167226161659336,-0.059949154979321254,0.1866057369555901,0.1633002594034371,0.1432227394788199,0.014817313901510167,0.009366248066517414,-0.08921974552110609,0.08641348609272548,0.14257940106458597,-0.08671543631985093,-0.06387203281875944,0.11496327298669885,0.09530549509217583,0.07714496173811823
2019-03-28,0.07421106632743882,0.0706296385531085,0.06820039527499043,0.01551417464821826,-0.018578570095535516,-0.0007964769166891449,0.04207514816723477,0.061213318972176606,-0.0080580716726081,0.025193777405710938,-0.17184724977577387,-0.2145408338762075,0.06314060088666569,-0.12804289709237443,-0.009223363098984536,-0.1007440018475541,-0.0725487020183728,-0.1715347181802204,0.041016647020307356,-0.002246073545405036,0.07321339070647916,0.015315719602750364,0.022725087581549445,0.13770555259902414,0.14257049979400893,0.04435051508622331,0.09201303368000426,0.19911638963142309,0.09626719123093949,0.04309627620991418,0.1269390765776666
2019-03-29,-0.03571337470356726,-0.0007973154355751107,-0.02314533666218428,0.04702074845605972,0.006077109343222935,0.02693457177417749,0.0959310431363149,0.10679860234750409,0.0020414549906951373,0.22926892809759689,-0.09968334956730604,-0.10606359955366104,0.04342303665142429,-0.1357853093608107,-0.12080547309666934,-0.10302423646710265,-0.06598807678886577,-0.14289429908193932,-0.05978032689636735,-0.018615837269878355,-0.008720987276897291,-0.0378869799392291,-0.023524504083858144,0.04130915865241621,-0.01226144838283433,-0.042319714332648785,0.14873792709448055,0.19740271065476636,-0.022043882512183737,-0.024533589561133346,0.0035415907975758195
2019-04-08,-0.11641577968444916,-0.007172445106250755,-0.08250238799189828,-0.07424754306182771,0.04450719672359503,0.1385088455822038,-0.07094269590487166,-0.13755864840824594,-0.05575019582056269,0.04604641732217098,-0.3461284931325241,-0.3334110839049812,0.1993791024340976,-0.3843337411280679,-0.13459284891519005,0.09738827368581063,0.04951707527135454,-0.12866367684606808,-0.1382347066055246,-0.10628847194610486,0.06319629370749126,-0.009439033870049645,-0.035690902760658776,-0.0453264630882446,-0.10495020945947618,-0.05625470569042516,0.06936163153289622,0.07161508420584277,-0.15012481950977863,-0.07407552680468403,-0.11890702212864938
2019-04-09,0.06782362548623574,0.08916761240402725,0.09251082627238344,0.0847545864032863,-0.008653651727011484,0.052684125050998565,-0.12476375314887292,-0.09517888494768717,-0.10008837139626228,-0.18551950469237713,0.06743047660967041,0.0033261773202989905,0.09180623674403351,0.0179556268720659,-0.053371705962041674,0.11048166269571172,-0.06832967298833294,-0.007656780583522054,0.02204692256098188,0.022529855136295063,0.019649137592214073,0.007056784523378248,0.01024345997710216,-0.006023144928671277,0.023102031739636784,0.08788999024365803,-0.1508954526059839,-0.12945592850581966,0.08279460363965929,-0.02546293723314564,0.01126081116164341
2019-04-10,-0.05262198676795449,0.09062191508641534,-0.0003289056939398922,0.06073920661212112,0.015545175849168888,0.03897158561263987,-0.1279073353608609,-0.1676203999874666,-0.07219327850543956,-0.10195776016875269,-0.08740397124511681,-0.06514513152660051,0.05099672587084169,-0.12464474313201303,-0.07990128331837161,0.07238912608131089,0.06336658790090186,-0.06635287253613899,-0.12452129818900186,-0.14398641109142193,-0.127186081470481,-0.010232721598814323,-0.0039031691865288537,0.01985407672580129,-0.12163045094402782,-0.019173023408046032,-0.09005883791901842,-0.06187387555369857,-0.061914948398634796,-0.08748474532913456,-0.09941632820431648
2019-04-11,-0.03868749295485461,-0.024909720416725484,-0.04360113921576564,-0.003855398762093455,0.028735853082238697,-0.04844543632789752,-0.02287243325292448,-0.015249152983108675,0.037367156992789675,0.005575558817001144,-0.09417752131144559,-0.12380412058479048,0.04448812645026647,-0.16596712395346713,-0.03594247488163623,0.030934270174964456,0.04186348411985947,-0.04811242109630459,-0.026196958351705418,-0.04830799776264069,-0.07831675742271221,0.03615276901092533,0.06872762282768116,0.009160838795362855,-0.022199632956209577,-0.07166806359736047,-0.0458458547323655,0.02413530521648968,-0.013257679526778502,0.01097109034512753,0.006730425722207656
2019-04-12,0.019980008788116656,0.012385062286699076,0.002570987113484164,0.01738458665564779,0.02895681171357697,0.059260658408093254,-0.13142708047772855,-0.1336574108722918,-0.07262687782111142,-0.07473193576878275,-0.11918905384175436,-0.12843499228704805,0.04730090335774931,-0.15516742169153874,-0.048895438642914055,0.061308594572158835,0.011025734702400664,-0.09472559932006831,0.02132294207114366,-0.01640747265428733,-0.03868782598948217,0.03195060545644326,0.0006719138431581193,0.0025722823406632454,-0.01370057541273445,0.005287396228858174,-0.08866234587764157,-0.060863634210824843,0.04150493053398062,-0.03069553800855148,-0.02059772004094607
2019-04-15,-0.035495921458952834,0.015530194632249963,-0.040027755432842725,-0.019766218181944132,-0.021625691488187496,0.017897716671084005,0.02942041123973547,0.028095811080747456,0.029410821871517195,0.15946166228943956,-0.08338923491117015,-0.17028115123929266,0.025237956559078838,-0.038030578151560204,-0.04557668436222567,-0.12979679184639606,-0.039397307163283046,-0.10570921213413954,-0.024437118181175034,-0.0421663879924067,0.004508781358588897,0.02700899593473276,-0.01704595409421252,0.10247881222141197,0.022264518769984268,-0.026526794035023,0.1102357589778668,0.2224790461850834,-0.037896111017270126,0.05481543800171375,0.03147584451613949
2019-04-16,-0.07632025923513565,0.047297555974374926,-0.021190366029407257,0.07455183498306697,0.02012063209000152,0.03673736704183057,-0.05216009143397659,-0.08128597938907799,-0.0010969181027180237,0.03396686406805159,-0.04733095356440723,-0.007024160434791673,0.030467745763784877,-0.13332647262274427,-0.1070485393741374,0.044007486409333954,0.020871282748596117,-0.09519622976482867,-0.10765951447389509,-0.07638815241502342,-0.08129356387642303,-0.000877236364610009,-0.053469396872957875,-0.0551457658354024,-0.12787333934051617,-0.014901229403094603,-0.006866834156163395,-0.07534827940444548,-0.10888654270139755,-0.06382914881574765,-0.11717716665190656
2019-04-17,0.05267322630659803,0.045900952224962405,0.04606760969160097,0.06488290746466885,0.04139692649265369,0.0045858617979292245,-0.07322548656374804,-0.05691584317782208,-0.07058372098119584,-0.14440966899382343,0.038043489533724315,-0.06584534722062801,0.02232931947566861,0.00765941364594095,-0.03613878773957765,0.05415679422175559,-0.08654374416111044,-0.010451298295212054,0.03252067867793065,0.029048736644753572,-0.010968986292657702,0.05524027283360393,0.03028908277240074,0.00281973962045768,0.05610909728328515,0.06031382635832578,-0.13504251496845812,-0.008968792844797608,0.04558702231207437,0.051472351268451975,0.05328045920660079
2019-04-18,-0.003706415997184937,0.0712908832735285,0.017867746944200125,0.018297017340637056,0.010762967353824574,0.06210046506444651,-0.0805431441250657,-0.07993680962599019,-0.0421847718375664,0.02190020438837098,-0.04546917692823101,-0.10859773405779445,0.07249166637945652,-0.06647512676562438,-0.04060555739292457,-0.03272864051134521,-0.005040427976353243,-0.08499916643982336,-0.046960572103452336,-0.04100919110264978,0.003755987949504401,0.00021368578887072498,0.0005322405063221573,0.05085590147364741,-0.023946803010083166,0.010858232763406642,-0.0023023526866877315,0.09572748165382919,-0.034164342110516215,-0.003938640314373237,-0.03157588048968049
2019-04-19,-0.05796159349755113,-0.07481268663889479,-0.08334179506070649,-0.045216893266889935,0.03916969912636427,0.0026105684986732435,-0.14534105080082674,-0.11544411917273988,-0.04799787714113906,-0.08024827436744827,-0.08572933214957322,-0.04111201723174914,0.07892818630445052,-0.04801811101294177,-0.08289750840735725,0.11861757915909356,-0.013432622517884126,-0.07079649219660956,0.0038632262564125587,0.03490118099083642,-0.016966658343291953,0.037918536907956005,0.040125326406102106,-0.061891954809446065,-0.0178230203417382,-0.03446478536197208,-0.07448061353172672,-0.08131570550485574,-0.03812000877807431,0.004253038750599493,-0.008007812922239427
2019-04-22,0.14053266766990555,-0.00323604566410372,0.09905141410374105,-0.018510416038641238,0.0043641462698045435,0.019333946097373666,-0.09309714027677601,-0.042198279458130115,-0.03382322959936591,-0.20579562323908832,-0.15054112321487495,-0.19419063972969652,0.012456067113206192,-0.1522804883737496,0.10951331325553414,0.023782357315774078,-0.051977576725560595,-0.028309849164322144,0.18824726237141556,0.11767662880152618,0.10736435826793653,0.02503835284333693,0.02930584959455591,0.023121888962055387,0.16285961627225823,0.08376475656035322,-0.02056267688684435,-0.07236906588487599,0.1604651866394263,0.07356774115626855,0.12745411365828818
2019-04-23,-0.030658060326163784,-0.006674683320688269,-0.051510386728727674,0.005238019432998718,0.0365653395736779,0.0625675727280509,-0.03573501308143854,0.015173209803153178,0.007502891830015386,0.11655672750866823,-0.08809972468994287,-0.12479397075007706,0.038652939304481874,-0.1377789689675627,-0.08954568390367472,-0.00900071798820649,0.004075909648647752,-0.1407245290194695,-0.017758024205648745,0.012309108142567256,0.007206473532246078,0.045608424662973164,0.01204787060845341,-0.06187784617602777,-0.007900288411023818,-0.009361268413112491,0.07597315357154133,0.13107993932722337,-0.0560900508547918,0.056478330489074975,0.01323693729129715
2019-04-24,0.19284564967124435,-0.07838403040421026,0.09831556279967107,-0.030013623688693373,0.0824563465286146,0.049113496425585594,-0.13097620529635856,-0.12972079909715117,-0.09280756823289285,-0.35008623095902014,-0.05396463300499728,0.03713055662193816,0.06982490630934658,0.010809715598891307,0.06123452275667001,0.13556147892713,-0.17066689563701398,0.11081929245608486,0.24918008399576072,0.2084994572616177,0.12516599984347543,0.042808313945102656,0.06139941526891341,-0.07707699469629113,0.1954390587796009,0.12339278747486628,-0.15614600108309606,-0.2107115067068478,0.22026616458156284,0.13801610991582747,0.22724867165282442
2019-04-25,0.002496921245670099,-0.05382503066446724,-0.07619282024430186,-0.08689058741172362,0.03677099778492078,-0.0024837082828882214,0.014207781489102728,0.020468584631610814,0.023541677340591274,-0.055785452259073054,-0.04742100324684127,-0.07402947446134436,0.07030953012238911,-0.021283256996490106,0.0012679931514321208,0.09918316299486257,0.0019550851283201475,-0.08777128949505009,0.06021970538732347,0.05972801981339336,0.10924451892201896,0.10723309457107078,0.06784021209087537,-0.08149364129688874,0.07572901378193818,0.04274059714252425,-0.04699587098153685,0.09933433775058231,-0.02153176575488349,0.0766886400827318,0.05430835601778137
2019-05-27,0.01068141582884472,-0.016896383678550148,0.007743028615450021,0.02221855235056851,0.0020006330857023987,-0.001125332795704162,-0.03560237300926624,-0.011221929368580736,-0.010239202394787103,-0.09095574960826601,-0.040926694280859835,-0.13620791954420886,0.06673035621592673,-0.11360262464283401,0.031503620813447084,-0.023897283057500322,-0.12281657805959026,-0.11292418190302198,0.0098458297713694,-0.0031949954656783244,-0.049146878228114484,-0.0009421318432090743,-0.0017196040575608268,0.04261829090080497,-0.0015634694295930756,0.020895568219114865,0.04430690347843559,-0.08270215933258511,0.009741953090505564,-0.036489881410142096,-0.016644496963428432
2019-05-29,0.09358622254634572,0.048252158503025326,0.1091257757455093,0.06374076324511968,0.07056215714887529,0.0952278241393135,0.08247106484987062,-0.003723234085732996,-0.042572670871581085,-0.15046187726879867,0.061914667849684926,0.09418813372540365,0.03437853739516833,0.10459143118929799,-0.0097357241638713,0.0688368720499088,0.043771340726848545,0.004633550495856501,0.0788786370459703,0.07322248625705725,-0.029330320793392126,-0.031074316224148652,0.006564537968007838,-0.010011745794988538,-0.007744675946708895,0.057340550145371205,-0.17119804345602493,-0.15207109660031817,0.09841582752707981,-0.024839606138830073,-0.005940534863680489
2019-05-30,0.006887131790339481,-0.09534353597438719,-0.018657141410093444,-0.08248234288678638,0.011994116291812044,0.07370586230077424,-0.0648246931180695,-0.0734313466545764,-0.07867758236914983,-0.09579581745176441,0.013591199457447025,-0.0008512405639557219,0.022863371535080654,-0.008944242948850191,-0.007689249108747968,0.15679779743286276,0.012174150113341055,-0.04996190973443974,0.001190334836677324,0.07718910957191914,0.026442479846631284,0.00022950906472061876,0.010055771351407353,-0.12235062924954132,-0.019890260366691656,-0.03635301050484359,-0.08506206149325694,-0.019388871329903266,0.0077334978648481555,0.0015943276563032635,-0.0036065307059445083
2019-05-31,0.15289020705919562,0.04900350596530439,0.1296814739718505,0.01854100770590726,0.07889514178926177,0.07772213778827149,0.03055767082214679,-0.04679030025726758,-0.007737601026864155,-0.25298167580513253,0.03076336332926283,0.020466930629016725,0.04669748058223073,0.0407124833042742,0.029591731277187776,0.018126406156405327,0.013756475081604321,-0.005895574978282937,0.10911503826758442,0.07269804763893317,0.04179754332374801,-0.021882732291046293,0.053103980046632006,0.07123688347443494,0.11536563373186154,0.1060427037753302,-0.1569133802752446,-0.11196823891201897,0.15176798757417376,0.051348765663306414,0.11838111858896681
2019-06-03,0.1435298966500108,0.10626098076442585,0.13040246845975295,0.033725164519407165,0.06267147371263566,0.13247691390087493,-0.04116144177609744,-0.07988429112230637,-0.10064107772611657,-0.1903761894469397,-0.09794394112495235,-0.05335967725447987,0.04150209192429611,-0.09416437064483929,-0.0387444927560374,0.05926489176586372,0.01912104894604939,-0.01892167349087041,0.10715452988960279,0.056161156284984116,0.06146553822764718,-0.002058784839983474,0.009717926458771634,0.018929731505339182,0.08239634904060066,0.07159959223632407,-0.14094434382147117,-0.030416781425086057,0.13592996860738168,0.06587836809689884,0.0982200823654958
2019-06-04,-0.007193323017794752,0.05207232951109873,-0.0005886473076866915,0.015542175652704554,0.013906519508222392,0.08165804719064353,-0.03200855017594296,-0.10059999623440452,-0.05981848205194051,0.0030375998806506164,0.012031810198448472,0.07067277333805803,0.036474937550792876,0.0058368385841612806,-0.05323361574744699,0.010266276165677242,0.014778368064974783,-0.05188281070199737,-0.06437127169034652,-0.054801936045871635,-0.06606739815840179,-0.023470938838284525,0.0009442571031285859,-0.020805683210611308,-0.08273482001539291,0.015662571929662153,-0.05349523823051133,0.03193912926672667,0.0032016656223518647,-0.03296302247011198,-0.051155542751178416
2019-06-05,0.2200695636133447,0.13874763411921545,0.20638622289877495,0.102756059595095,0.1043154140990562,0.10499605606906148,0.07035226377276532,0.0917170022270057,0.005127891567925739,-0.2972974936826161,-0.022135671987094895,0.03434278512086133,0.05111398470339591,0.02918698513452008,0.05052340083450987,0.026546729988461984,-0.020363878041848724,0.05849775212569298,0.15772025791104574,0.09673756967427984,0.021907036792351266,-0.03907796828638439,0.019718139376795216,0.05239315512658421,0.10972373652595988,0.159576685647206,-0.17617243825732665,-0.16419717438682738,0.20837244941924013,0.06756266314890412,0.1536537543308818
2019-06-06,0.007552010016285791,-0.044115955189083025,0.0033675721085354164,0.013685730876721546,0.009213600828634035,0.029778464588241498,0.01847791209500108,-0.04154472123197714,0.021237157063149364,0.14380211831254938,0.003590397799064315,-0.0945067398996553,0.025482664168864272,0.007475048516073738,-0.08120969110405363,-0.04304674999175223,-0.032677085557911024,-0.1664798236869041,0.004968175408198018,0.06130499786366434,-0.004517990504263553,-0.05666251412408782,-0.010154881778381225,-0.03578396722848953,0.022936555203755878,-0.004297251947398067,0.10544888906277128,0.15289913833028343,0.016013685337015495,0.025061808278444155,0.028339147682866772
2019-06-10,-0.10239918806985052,0.002299930248806486,-0.0987569427746423,-0.033817389571344086,0.0012630104355822243,-0.06072809518813899,-0.2635807941629651,-0.1347408152953677,0.05214882826136244,0.28630949650673104,-0.25947177110876596,-0.3547925126675416,0.051520111809509946,-0.23035986418756893,-0.1946866047586259,-0.09882239788997288,-0.020066837039027556,-0.23555740954368598,-0.05040380584847818,-0.06603672142712894,0.0077523914409197685,0.06984397232389136,0.03292198199967575,0.12743575644595986,0.014109771902810556,-0.07538304228915971,0.21097917748554282,0.3155024895338245,-0.11473784630479528,0.03446645640412338,-0.04577504643058944
2019-06-11,-0.09337416658406002,-0.02808728182350369,-0.07319157315067427,-0.05204847266324287,-0.008961010303428309,0.013375312695370368,0.048402344574439295,-0.011061681907524218,-0.06757902134858727,-0.04737851136698353,0.09660773407961909,-0.05622091215371719,0.01770063545724728,-0.02091272706685816,-0.036050008343256744,0.06678925640828011,-0.027387739741190548,-0.08606789086231685,-0.09800848719996239,-0.06837748492878437,-0.028477290328534657,-0.007808943785612228,-0.01418513438799793,-0.013339187616036937,-0.07426340572364662,-0.05163641657005951,-0.09701950216114226,-0.03675665903979046,-0.08308350891151979,-0.06366414344085282,-0.07281773031779286
2019-06-14,0.09370325462664747,0.08341153197860537,0.07806805326881866,0.015346037128734032,0.059519103736698456,0.11719545869613032,-0.02843751763911054,-0.00541921490350678,-0.035972140832762026,-0.06612884531633328,-0.06513477106717101,-0.06469410791559224,0.05141207929974066,-0.10789770718562232,-0.1049016228698924,0.0650258190726435,0.04484079894511603,-0.1432742037455402,0.04551943019848401,0.03947681900932518,0.06558453378058797,-0.01617072472221675,0.010411993201700692,-0.03659710182384787,-0.08250411933511255,0.08272943383874792,-0.0700132778682704,0.022665537593231526,0.09083617457370283,-0.06168691680922034,-0.06279461093787758
2019-06-18,0.03134916946963244,-0.042068153655034655,0.009798256746553154,-0.07857001277972932,0.0562397222023162,0.05432773134953302,-0.15927254127419105,-0.09525099509238426,0.01583715440397942,0.06352226142189327,-0.2164792344847944,-0.22713445237310317,0.06342948478187008,-0.2153267978396012,-0.1351310309667151,0.05512378519356916,-0.06412437335094581,-0.12127250301319159,0.050702083482888474,0.08245702306499708,0.09652897757591183,0.011163833970929824,0.017044008657893732,-0.035601722376257756,0.08344703160654815,-0.015023213716098766,0.05212190654248111,0.1992780307386395,0.025369406724544866,0.05345271810004454,0.05378449192034222
2019-06-19,0.18163825699312683,0.14125654463499543,0.17746417384956598,0.04673347284518295,0.10627695150911029,0.07929360276375538,-0.1342003315262621,-0.06519675694375902,0.050133594637577376,-0.09507747583929901,-0.07257860639232434,-0.01582760050955162,0.08060714100388562,0.08000370907389104,-0.1427697880420696,-0.01881477702183658,-0.1616785496547985,-0.056357977139355205,0.15850230618487804,0.07193914094537734,0.09218651091742788,0.022033427628836408,0.07648836546261997,0.14661699095895292,0.21325726128460046,0.11346002421505715,-0.0005853729916382813,0.18922274039377462,0.16351267140659384,0.15388791838178573,0.19711752518100703
2019-06-20,-0.26745681847560765,-0.08294654563961706,-0.2570271013541518,-0.10088133469817309,-0.1028531960263201,0.027968431711468827,-0.2854066433137136,-0.2818468133099545,-0.16756024080715143,0.1609402079483279,-0.23879560332729222,-0.18088578164022295,0.10772669784691034,-0.14482760562106944,-0.229667777491734,0.13524512303736283,-0.014311878801431383,-0.15917761155085092,-0.23010659719778737,-0.15802298592178515,0.014182619562771157,0.07087770982987925,-0.02639741417040929,-0.15241619062611006,-0.1036277884070001,-0.1600520854187208,0.022613714000785035,0.19230873071542426,-0.25440155854987195,-0.07095021685122425,-0.15199588033515496
2019-06-21,0.1068286623407195,0.07539181992357907,0.10118087945631436,0.1108057961941966,0.041751549710231976,0.013591539117473492,0.05202073900653136,0.07634999944742159,0.019622138474843044,-0.13304903649406505,-0.03553400359667347,-0.11909556478176014,0.12065777887542371,0.018013873072712433,-0.007997510663619277,0.0494310497201942,-0.07187718293490732,-0.018041996754428528,0.06452954338506663,0.057536812319367844,-0.04963846312080268,-0.03001135817106671,0.030762444524747537,0.03486327981938698,0.07806853424201844,0.07929163727281899,-0.10251098667109665,-0.1387254306367983,0.10242954065555873,0.03385234726033703,0.09345478139672402
2019-06-24,0.006777409629927348,0.028549718012930943,0.003821072356782837,0.015702356681070846,-0.00031369490016587613,0.00034401017149316966,0.018556587168587983,0.0042697710463632825,-0.055875633147055015,-0.15594819944505137,0.04679447102034493,-0.023238193406446603,-0.05331679373891313,-0.008398283507099511,0.05036574781687598,0.07502262542167612,-0.07466119082089995,-0.07608478975457965,0.034269212198817144,-0.02673234355365889,-0.0192493450618844,0.06896147180315705,0.03790505668058304,-0.006832747205182065,0.003725200937201392,0.022376392455297288,-0.1313006323714907,-0.12820606685786887,-0.012294374403739714,0.011135344647495502,0.020670280905019343
2019-06-25,0.023320452706073216,-0.07283274549919706,-0.014543397823053023,-0.013972348854677777,0.0397377664885495,0.15362285403272513,-0.0930933061020792,-0.12607986650957656,-0.15403238104968905,-0.14239033480875868,-0.08686607779543849,-0.12057523753831186,0.03988542649571836,-0.06936246659794434,-0.05704771600681839,0.1914704100044216,-0.06781401758152279,-0.058305679863160965,0.07370824526719325,0.1183388529871756,0.0776596843373049,-0.005517037936665466,-0.05500726135025905,-0.1366001386807305,0.06005083722718443,0.010877440213941806,-0.08858362352485571,-0.0858090686487232,0.024971029680589805,0.009005402464698555,0.05728089652934885
2019-06-26,0.08784841533883939,-0.06825147453675932,0.038686304662933366,-0.046932143171051675,0.01831962236531504,-0.022033232302415134,-0.013606414811595649,0.02782901423647964,0.11292110452612686,0.033462263663649405,-0.06391494440185742,-0.04439165130794502,0.04281482786604064,-0.0737997292825819,0.01463758546285908,-0.02968276975829679,-0.13525608457727442,-0.02397573896998401,0.14528315110132903,0.1448694263714062,0.10850666193196648,-0.030476265631737144,0.01324465060676253,-0.03852131107105028,0.18208315938180836,0.09585940554885676,0.09430220490154743,0.10923747041965504,0.07967751939520719,0.1714592886292014,0.18052801938298746
2019-06-27,0.18949371740020776,0.05854234981254613,0.1813139477453521,0.07678538416488197,0.08271522146741414,0.04545277378207065,0.09991314017120877,0.09353370476088649,0.01940846013668504,-0.3148173634865737,0.10952968637665599,0.043060535609530326,0.08891618332412614,0.08142777492828317,0.07839722836861981,0.08799722616423901,-0.11793914723559208,-0.0010644844676672004,0.18153882546644054,0.12244536329813563,0.03011354610625946,-0.03598792083480538,0.03134788812967946,0.0484449733955824,0.17970375337231007,0.1352122132074838,-0.18649579696382268,-0.21121474631174023,0.17683890934624055,0.11782164888932123,0.18250609965246248
2019-06-28,-0.05573634072914254,-0.10344168050908258,-0.08738318090080653,-0.08051260442471955,-0.008137799882947525,0.013795091616576069,-0.17127206075384188,-0.149047065732128,0.06823114219815012,0.2218983458069453,-0.12922014607220894,-0.18803687615189887,0.09228529785094972,-0.1311230534592268,-0.16662692156788816,-0.04954502263957058,-0.06779539721822875,-0.059761962998010766,0.023274961294885453,0.0794445248129971,0.08470510186744666,-0.007004628384791359,0.0037176688649593055,-0.010424951681817566,0.07858553394633923,-0.035938921810298285,0.18063781286373734,0.3491458676569843,-0.052678624740862275,0.08295955863367756,0.057191662358516776
2019-07-01,0.030247211094978542,0.009319837197016354,0.016427317770104716,0.02898813309848492,0.054331207519108235,0.12420725102510129,-0.1889291346858407,-0.13153889689828246,-0.13730570718478455,-0.14950571492901105,-0.04902909963565138,-0.030577596428187578,0.12088139462790905,-0.04755029895682575,-0.06741287033965822,0.14383297872103648,-0.04007218174171502,-0.05204950896536171,0.03729723415615749,0.04934840646517496,0.03677009042318888,0.015175717068100282,-0.01633850983993638,-0.04255614569617222,0.03050695742917375,0.04622323472741729,-0.06691136330385611,-0.09926890158480654,0.0314324377180289,-0.019332989846740478,0.029062174615245184
2019-07-02,0.20529348966268954,0.17572284001405547,0.20772543234963797,0.13225262747571803,0.0996972513598112,0.11817949092341666,-0.0367564906684206,0.05740793573724498,-0.055435550430382695,-0.26109649209959096,0.0877118420987749,-0.027941293809042846,-0.0466291354256498,0.05996443082980739,-0.0008121906775107636,0.076722131664172,-0.037173928229531146,-0.04501697699339957,0.0959606770245739,0.04707453323178402,0.007841870623921518,0.0008260706476603601,0.03217269591960884,0.021269021011431057,0.05211435751309552,0.12391498625303039,-0.1974767234594109,-0.19243995605609174,0.19620477047456228,0.027281002188082153,0.08307004143319457
2019-07-03,0.1462257525178787,0.2065700919412558,0.15701594282947828,0.15757021998199838,0.08277666897597792,0.17089653161000326,-0.1192151644435189,-0.14034991180148457,-0.14400326698826266,-0.2072897897260345,0.014428552212853028,-0.006749467131749223,0.04252274294920439,0.007035124038117235,-0.09991177780813877,0.09272433737470048,0.005886009765775235,-0.09371482825609272,0.012833238790538277,-0.03421332699476044,-0.08467994205362372,0.025471111573269808,0.031949366509501635,0.0816601078582802,-0.017084448955107193,0.08181880315781476,-0.2414978019019613,-0.012297969720209363,0.14165719118299386,0.007243813438275949,0.015521249931928908
2019-07-04,0.016183285243993744,-0.13798514595143424,-0.015647617906241546,-0.06684059177005515,0.02631579444588521,0.01945910291679208,-0.023324214554047314,0.017991390466874597,0.024180895359877063,0.007622094962750507,-0.16209462288824644,-0.20190246001830803,0.08303523698025785,-0.2179281301256876,-0.005927942167598065,0.07793254842010017,-0.028251967982265792,-0.04763399426073219,0.07767711331824216,0.1501275072360671,0.07169425493834904,-0.050926265396960775,-0.015551502778476424,-0.1113963636080311,0.02410561035994393,0.015277773925147656,-0.010234069928691126,0.012182961739655641,0.012636131364054214,0.018299312007006945,0.03906755597563107
2019-07-05,0.17900592726167136,0.029398716340528368,0.15207993023349678,0.04114863497971718,0.05409506349008949,-0.001940695082528085,0.07453694293948558,0.1944582521331852,0.05881367289561947,-0.36183332569519755,0.204012997446346,0.1546478856539336,0.10482172241334653,0.19740442724786142,0.1136458177931537,0.07593922070394898,-0.16303792693282218,0.028767903590420252,0.18300010208562018,0.13596251438275014,0.04367415766466886,-0.015271239303483147,0.06035629113566263,-0.040153447646653954,0.15354471975657472,0.1727262725495237,-0.1934264439949429,-0.31702212231330495,0.1729944580225168,0.08929010031892555,0.1785890798053116
2019-07-08,-0.050337303437894824,-0.02858344317897584,-0.05687566630655624,-0.03520139950026548,0.029944946961430827,-0.0008885960105705743,-0.02341164507684035,-0.03863960309230264,0.028545603723876836,0.11629554022160563,-0.07218480061622926,-0.10828128941682362,0.006888821767125397,-0.06392219648708215,-0.07709854178592009,0.011509147932401723,0.08175570758793582,-0.08471185275185071,-0.01303705682070287,-0.0023126175846234736,0.004171586891900766,0.01111938734222755,0.013130636910327509,-0.07648260798690364,-0.036726375656654535,-0.02554094163979153,0.01625080036733824,0.14799368286129777,-0.05809351621596258,-0.0009655137592865727,-0.051716782740572176
2019-07-10,0.04800996366001478,0.07161710822724103,0.05425507604753782,0.07079519103965516,0.02820188695941802,0.08074509550050428,-0.02127592424758512,-0.020236101807556018,-0.07520507406170798,-0.07863753777889174,-0.044333534047073256,-0.03859674636539827,0.016936915070909324,-0.0567405475065032,-0.04820076337718388,0.0844954004750205,-0.018912686140282457,-0.03789332862030728,0.04463972849319819,-0.000859632375194274,-0.00038694180965988343,0.027762912263944305,-0.007401009323967591,-0.04441003543284888,-0.06051562787599312,0.03288303313061052,-0.11323592791250589,-0.061601669047806576,0.04206749661797891,-0.04555457585156602,-0.037487942396877506
2019-07-11,0.15893028569465348,0.10947461092725957,0.13959269037670197,0.09974896764356926,0.09151560778820389,0.09871391648974358,-0.0840935628965608,-0.03236203077052813,-0.0263594428357197,-0.1742118030464852,-0.054110770076887735,-0.022601615809878288,-0.01721701846666779,-0.030465700269983235,-0.11746168553528823,0.06035507388231484,-0.07052143364778095,-0.09504916359071433,0.12506938665577377,0.06925958542087869,0.009964820574672016,-0.0011200592810913727,0.032011690885365256,0.031203902955249534,0.035648038940377914,0.11562955045287857,-0.14568700833994377,-0.0040197162557115635,0.14210188677242314,0.026757880564413743,0.04113740507350208
2019-07-12,-0.07037917081641493,-0.046931832568142644,-0.11068902569341707,-0.08174751947608426,0.044692109937526904,-0.09489226346966607,0.03773960025577894,0.03658424209648441,0.12336573801940855,0.1509042869449111,-0.08072733028934805,-0.15670343198796907,0.06095527300614301,-0.11167842216681736,-0.05131064049311133,-0.06102829921293451,-0.06588573795244325,-0.10105747836098188,-0.0174314677103404,-0.009093745863925067,-0.00958413700634402,0.09954309751030961,0.09482919532544812,0.06917551231666912,0.049864878905636414,-0.046634412051093914,0.06708693719913984,0.22346063820775677,-0.09546929949667946,0.08042757362328201,0.036578317282046684
2019-07-15,-0.02015137180530521,0.06577316418824969,0.015237953081844722,0.06362325711653148,0.0067731847644498175,0.13453726280111503,-0.1439307027477051,-0.17359171398535087,-0.18136308563130876,-0.006400904546680835,-0.11458262454914454,-0.03008457442704666,0.01919593267495506,-0.011209785689741037,-0.123382917844278,0.041155104535434944,0.003023091410106925,-0.007795280417119573,-0.08347960600736251,-0.064983402156717,-0.06127344111918085,-0.016310094021979138,-0.0716308547618829,0.04136893136215318,-0.10029186136356678,-0.011910892318198371,-0.035000158335425045,0.04537114169804175,-0.006165768603378356,-0.048063605013264905,-0.10349592331585923
2019-07-16,0.015382993759706462,0.02659424642731548,0.03271324441431254,0.03018040993171347,0.0007109610066363251,0.06519820426837501,-0.09482811838459841,-0.05860213528894761,-4.052187814275192e-05,-0.02332005717508621,-0.13827956219223933,-0.10574393947208567,0.04482817577147686,-0.04615767877025452,-0.07605081607206017,-0.014607291883752321,0.0031592894601744238,-0.11741520684525908,-0.06524835472087098,-0.013935104254767185,-0.06147777482505383,-0.0767291767381121,-0.016608778731399623,0.0332767182614155,-0.0032622079298668706,0.012985557608596323,-0.014676828083109526,0.04653171918463601,0.028917505053581715,-0.01803405340508014,-0.008885023424905878
2019-07-17,0.09865017584216498,0.11111665792713608,0.12069981100490738,0.0928325191588208,0.013384755538767636,0.012425029509952145,0.08077948810092889,0.15328627759268154,-0.005642860041730462,-0.27984291519427335,0.02764938981101187,0.020419043043693633,0.0037986114276478897,-0.0025553452207699445,0.04096544543152254,0.028823146514984774,-0.12957605100214278,0.013866762233022486,0.06804846297939329,-0.008576144249469222,-0.0493724965320678,-0.012144689964857286,0.0020050416989780525,0.10292295437965075,0.046062087326184616,0.08285131629827397,-0.18847210099674633,-0.2680688731427215,0.09675463044227539,0.04112320674681319,0.07806700016316222
2019-07-18,0.02842273536761993,0.09246251439575118,0.04006600277616493,0.02135416668293379,0.005126074029284436,0.02064394550968663,-0.020495973416834866,-0.0471508207950026,-0.010702673069878115,-0.08563443814722733,-0.09430657189884441,-0.05220983449156815,0.08201063129695026,-0.08886445595285392,-0.09772070936328299,0.02207233300078431,-0.020586426328589903,-0.06249855152853837,-0.0403826756346406,-0.08153440747768703,-0.017681057743696865,0.037261095973480596,0.03809287503322923,0.07420250156340119,0.012794866055854209,0.023221856660296383,-0.05156905027405656,0.08064805401767552,0.016271089591153427,0.027583934195169017,-0.0018582092732358777
2019-07-19,0.26110319399324133,0.11009722816754158,0.23971945097632907,0.09298107793400384,0.08157679156460876,0.04085071952715991,0.157274109039648,0.2165866671045378,0.05983298683848095,-0.42344308150548104,0.18628869445093957,0.04231738380500821,-0.024961372898160118,0.12384914316115109,0.11318631718501321,0.09365297143833239,-0.27214728736966565,0.08331217484790142,0.21985122353500514,0.1582535345828826,0.07887218479800809,-0.05215140575823398,0.01816049838075228,0.039545554831408036,0.2480667026686655,0.22875557003370448,-0.24133472131894276,-0.21078895134442158,0.2544012553267851,0.12395420634059583,0.2611466425082112
2019-07-22,-0.17091605524884826,-0.15978359585247093,-0.19592170727766273,-0.11341060424471378,-0.016759904224994484,-0.05967089551700857,-0.03198203949462415,-0.047712205213309516,0.017361127825114855,0.3088195107199726,-0.03882129061657632,-0.21759006058265618,0.03943097685538773,-0.09130324079374524,-0.08457821312187025,-0.07481374488212006,0.1032640971481476,-0.23424503377436526,-0.10607719197526136,-0.007823428541587464,-0.010211403049295844,0.03343415937449274,-0.017104189453468296,-0.10738051859461739,-0.08395859687245287,-0.13036717625535213,0.17496513182953763,0.18788789605990014,-0.1671747250698391,-0.040934822362712425,-0.08470516008028432
2019-07-23,-0.13302458976564363,-0.1414857089564772,-0.15731725035732316,-0.10593107796299975,0.00201118756215339,0.04201118668007782,-0.1441552871568148,-0.16883643672887808,-0.04953867980876481,0.1913581491229266,-0.10521399686222033,-0.18577584252298504,0.031025663036159293,-0.11665364988520799,-0.1833422334616776,0.048455127286222976,0.007496061347640654,-0.14510492799990765,-0.09823150434947954,0.006212047398481997,-0.0004132145088387629,-0.01612579628222447,-0.032978231244542355,-0.09556070749049002,-0.02572132753858299,-0.10853488369709702,0.10007088985917227,0.2096258199181297,-0.12185978413114486,0.03712457740635541,-0.013108332814950555
2019-07-24,0.021675612080994514,-0.10255545906584194,-0.03977610517441391,-0.06057799788929089,0.015274420485815385,-0.003681600098879039,-0.0019418490886182213,0.05891815829030071,0.04693091298078358,0.031487543728705936,0.015150656424486706,-0.035185381256828935,0.07586348438507176,0.053304584217321364,-0.028511461129219446,0.014065592084443494,-0.05767145202384259,-0.06871518001751425,0.09356398760538265,0.10505152950026883,0.04096027304589643,5.77504806355649e-05,0.04461309331018278,-0.03252735727601836,0.08930347452991551,0.04849238112990864,0.0179032711711272,0.03195729680337223,0.015499389918972503,0.03147396351274994,0.05211253249641117
2019-07-25,0.0770686668664848,0.02075281164255469,0.06647969867641162,0.02238423734207138,0.0412534477105827,0.058296885219753,0.006756608079088413,-0.049715914478760684,-0.01799012142928647,-0.15361519494130946,-0.042416496868222686,0.008468290759999011,0.05234693345256567,0.03986529091190733,-0.02560783393529459,0.09428673430017152,-0.08511179291818415,-0.053034554323636525,0.05331228658823515,0.07655704189606374,-0.002242815237330443,-0.016651348779121156,-0.0026830236731159728,-0.004007238965161079,0.08412834353977364,0.0744197258921131,-0.12241500798707675,-0.05634198194991854,0.07420565379785235,0.01382319988592779,0.0831346481069496
2019-07-26,0.04137421482144502,-0.10461947841115023,0.0018939276674259514,-0.042554065413048216,0.022349730499607454,-0.03180996616652315,0.1280774198980839,0.18112488076604275,0.06850642024348892,0.01632176376853269,0.13023979640898528,0.1288847058212458,0.022497712536622937,0.11325884560967392,0.043069312043551515,0.009747610727721187,-0.04014922666907666,-0.0487551218206708,0.08267057007589516,0.13272834029495795,0.026061933298894387,-0.042065698296044535,-0.021849943963032175,-0.09549096293549209,0.07409656878144641,0.060227720952919395,-0.053755804619320474,-0.010660058484328196,0.04107262519615982,0.0810363687523393,0.09047587459185263
2019-07-29,0.0725771874551458,0.128728653307761,0.07267285369655208,0.04242083854586539,0.05188382144000362,0.15990513845117874,-0.16738102475621153,-0.20598148091637417,-0.13039539801644912,-0.10710496238548965,-0.2869555237250149,-0.26474944720926863,0.1663158255234409,-0.2360110016174292,-0.11198896631506262,0.12439532305124147,-0.03863824632973594,-0.08300726997965792,0.04971379588083181,-0.01628240842103491,0.051186515959671074,0.04526626457440843,0.012925402155026043,0.025234417464684824,-0.00698339727877406,0.04171388127534005,-0.06729894156977767,0.08664979466329285,0.0691830821881013,0.0007417035208871945,0.002108266497741187
2019-07-30,0.051903914623310156,-0.04581602515221621,0.017881782573716684,-0.03388113466728493,0.028601049465004056,0.012918532152661913,0.03649685988896779,0.06631557052463838,-0.006493682217682726,-0.1504428564454522,0.09837868459467364,0.08728955008401747,0.09160045588934076,0.0829141591592722,-0.014384471911441437,0.05185586186343014,-0.09182254977483194,-0.024047010993174852,0.05333862817959195,0.10104585504031403,0.01966481794205045,-0.012223553978218983,0.021772511470985134,-0.04109214846886433,0.07736238905414497,0.07180468012004829,-0.13388543048620274,-0.06948812986064996,0.04724003041235211,0.04568505748474527,0.08980113592916877
2019-07-31,-0.03636451901787934,-0.0943641566231354,-0.0639458014993511,-0.06423597755916799,0.0032475766070092435,0.018789925637037214,0.09620237222179095,0.07930102023654492,-0.038892696647080956,0.07805124290505656,0.13314106547499094,0.06741668437264026,-0.05120283774818955,0.04786685410433242,0.0002643479719655271,0.01748885786525012,0.03434685436042632,-0.08293527617373182,0.004881480625414572,0.07092026871615187,0.009637740973764514,-0.012979306820178178,-0.03962851667466685,-0.19092660737042366,-0.0782776611464914,-0.026456403593148513,-0.039050512118727974,0.026746996282336136,-0.034556694772189325,-0.021353948980623906,-0.04435993738524512
2019-08-01,0.03968878165389035,-0.0968679741298265,0.027115934605641757,-0.04317400354721212,-0.013445741827546305,-0.03907522660133369,0.11379797731496107,0.1665823284642816,0.020709128119538046,-0.12147353094352568,0.1279650014497857,0.12931194357442435,-0.056419842611690946,0.13610923855655382,0.15690242570164434,0.058247236553294446,-0.07229706776284502,-0.008214258284423901,0.09445573501296774,0.11632887687291706,0.04499371524998435,-0.07226541512494988,-0.05745779205644875,-0.08335179657331722,0.11199606632195165,0.05539245158936112,-0.09793201112190207,-0.24317042633565128,0.047454120761004935,0.0577825744744231,0.12512084500973392
2019-08-02,-0.12783053281053375,-0.06064383448480355,-0.1305430862115794,-0.034316620915529436,0.0005138158780599057,-0.02398279138293685,-0.10634782637597674,0.006307566669692391,0.00017710264135255058,0.08504208384920513,-0.03111477496529458,0.009746881757880839,0.07267144656474897,-0.0025507938113479623,-0.042771124120809356,0.04188215980858108,0.12826274800849932,-0.007213917327670257,-0.11277188444986401,-0.06323488361530907,-0.07025565766394212,0.0026922027955235397,0.03751910596063028,-0.07180120010734,-0.14880356094628594,-0.0876955577787318,-0.040808590100677604,-0.03267864465941785,-0.1270849794187261,-0.04578312950788003,-0.13234212345669247
2019-08-05,0.11430453633358477,-0.13090633786954095,0.04873650378746634,-0.09168824525854485,0.0003030562971708464,-0.1771418304990647,0.32695222043933553,0.35558190753499536,0.2024477993134361,-0.07146803891339285,0.2935526355683428,0.18100360868399684,-0.04582384466475055,0.2064711199178015,0.19114456954039816,-0.05399917034172094,-0.17454203652433833,0.04647831923373131,0.2339965769671801,0.19510403911963395,0.10761521258864663,-0.014245520802983799,0.051913719808055155,-0.03390205084349553,0.253214864287957,0.1096931309084708,-0.10672684514451126,-0.15754842496712473,0.09499641284893487,0.16639873107297504,0.2647145166629967
2019-08-06,0.02635733054206761,0.08450027675363742,0.07561139767418265,0.10379191379030171,0.018268706072792615,0.10247013629860117,-0.1750860284891503,-0.1117045633743099,-0.13273491604983612,-0.19631399588807874,-0.134434476375547,-0.10299288848058344,-0.05081811917983581,-0.04197208059138518,0.008677102051576745,0.13081318106796164,-0.022591672868751522,-0.0826396398423498,-0.02894183514634767,-0.05052821602620291,-0.07080101127710742,-0.014908426975640893,-0.029735321605064032,0.02919600824924475,-0.06071881617089768,0.013184485290863966,-0.085270126477494,-0.2060658386479698,0.03433994807732975,-0.04584887737166112,-0.034775846439805594
2019-08-07,-0.034283440625319815,-0.04477348923010276,-0.053050959819493065,-0.10469691619697492,-0.0158587239762035,-0.028029514971209958,-0.0004467112338076112,-0.008378157188353278,0.023379202346281297,0.033242744653418414,-0.10717804686556882,-0.1854107793525398,0.11619405994131393,-0.08941874024158944,-0.03137902835351503,-0.03947789115660235,-0.025610575294275236,-0.12185696438129254,0.016746816328017822,0.02218969332054477,0.08085243243756017,0.039232710490147336,0.02052266516298007,0.012415585348787471,0.05285451050292471,-0.015652819431558593,0.08950595720316157,0.12806434646755427,-0.03308865802424864,0.023353212423452483,0.03882841612518907
2019-08-08,0.04451431800787604,0.033989015533135526,0.055288758825188015,0.0338955196065434,-0.000627024550926895,0.04942926098051735,0.055855864595587494,0.028327576461695307,-0.038532776861617817,-0.20066375280666102,-0.022884570528279122,0.07630530310492252,-0.07782905954664553,0.04566228884901539,0.02749916197925918,0.10872178515692006,-0.058251901728581044,0.07991398887782462,0.06260379856520706,0.022465420552261348,0.03288041475035044,0.02036873703425191,-0.00588790013047571,-0.035040059349823974,0.010351415384944279,0.04799582376849935,-0.12587228936622022,-0.16440197909733298,0.04241413861399094,0.0010189094024680467,0.02316324098399009
2019-08-09,-0.042615472951631,-0.09271775706100156,-0.09473108889392108,-0.11078574903891467,0.023062117882091896,-0.08342947151140803,0.05814311239455301,0.03804422249788921,0.0917932170186434,0.22620654031116189,-0.07538146191635489,-0.1874399914815954,0.12243713757161645,-0.0947049769723777,-0.044057992784456955,-0.03543428034738439,-0.025257936878650564,-0.22016393423680938,0.03626459351745227,0.05675384740139012,0.10349175912386278,0.06809796385663204,0.05549218183988485,-0.055455090268195534,0.028924871928194894,-0.01674677251635361,0.10797510787711691,0.291493130859226,-0.0634638586079741,0.0868197524165072,0.031236776207279753
2019-08-12,-0.025298739703990054,-0.044654199621201304,-0.009239597455290483,-0.01482025993610788,-0.021702794768337627,-0.04802968835653301,0.09372571785379256,0.11850401879855119,0.04848545075300072,-0.05558140316715172,0.09187839331106444,0.04585919059544103,0.004324981416714139,0.04363818217276362,0.023614426197215647,0.021441659986110268,-0.05012474614927526,-0.03203463298956865,-0.0016043722026680633,0.01767037491187137,0.003450305594245171,-0.006789004715757698,-0.01443194364623425,-0.05252739500360271,-0.0020854744710875925,-0.013254941313131555,-0.0514662650644476,-0.16143213450092347,-0.028276313021002947,0.03810580563957413,0.03104501629045387
2019-08-13,0.06389814041792038,-0.026622178493509542,0.0541469502458711,-0.003592398045669932,0.08190717656412105,0.08064507530809249,-0.02544515099147444,-0.06316779825695586,-0.05562113840035842,-0.06114447904497563,-0.15563874006706901,-0.11782646912676227,0.07568794812307329,-0.1110473329611956,-0.06308295202023702,0.1461238424278713,-0.044116915942810205,-0.03744113366074921,0.041721792901321664,0.10917754730994046,0.10394710324961219,-0.02691012383132363,-0.011966785991601007,-0.08073263536878371,0.04433827538762507,0.044414614098172725,-0.07513707984083655,0.08212283552720867,0.06466778295111726,0.030927301016129897,0.031748303708177696
2019-08-14,-0.005151158902054146,-0.08798430382117246,-0.043685262080391946,-0.07241687261185045,-0.001241426960431662,-0.0920540111385183,0.08044222420002065,0.05517097176760508,0.08789943572773803,0.03915666680401745,0.1878328011176125,0.18618265699624026,0.020238813046149048,0.24633861852835054,0.0021390973810097133,0.019543426970778262,-0.15186770431804258,0.01426980713971994,0.053803198972915904,0.08059314813081465,0.14041023389857973,0.031216513243207615,0.02817683157775274,-0.03852319272112806,0.08586963418541757,0.015222409319826994,0.02866602955248306,0.1388991670812074,-0.009970360020731756,0.07141065278049549,0.08365264854435936
2019-08-15,0.03839561307132797,-0.033023575983326225,0.0034346988981591928,-0.03760200355890115,0.07074986560586856,0.046116472629354935,-0.04876730298279636,-0.03765072406654684,-0.005295294970379268,-0.0636461732433843,-0.09526934709379731,-0.09109797084439221,0.08296491345603839,-0.08875172259934537,-0.06719042228647568,0.04143203745950917,-0.02962372234930602,-0.013510683882774592,0.041340414447754395,0.08387943071422521,0.060368075906937116,0.033985328756315984,0.03125465676514762,-0.02552531440812018,0.031950833080188666,0.03660939106209059,-0.13056053680686042,0.0013997268656259247,0.028617453391273934,0.028839481068932003,0.030949003962641972
2019-08-16,-0.040322572166738326,-0.0530833290810763,-0.07405201817390727,-0.09146409272222386,0.011252970741297766,0.0011984270688972275,-0.14796251514312514,-0.11021863186526601,-0.08394045641869664,0.19824314666910045,-0.061390309818056855,0.03441186976439667,0.1497985591967237,0.04509758491554268,-0.020086125517044154,-0.03218216120597992,-0.036048000946902636,0.011824018009138782,-0.008146844270483407,0.0037273245159584424,0.06935573119245775,0.06693430492572704,0.03206299770123417,-0.004786404931443516,0.066797677018422,-0.0492512643119174,0.13898413926026285,0.408743137028955,-0.04532885401654061,0.0820589486244637,0.0053348273995260116
2019-08-19,-0.04067910093511979,0.02071647611888178,-0.019049242942374336,0.027275505937707424,0.010071738077061725,0.05928849123809573,-0.09736595808594761,-0.09559572030996005,-0.07630151423949838,0.004716586544017572,-0.07757911866411434,-0.05379710789952732,0.01884222056395806,0.04447472670739683,-0.065395459296691,0.034323035560458556,0.003455249087167533,-0.07378902400281166,-0.06977861608280231,-0.05929187226340069,-0.03309971650330958,0.0173682539741439,0.01360435944550001,0.04162566376396823,-0.06053711303758151,-0.029612251034614217,0.01571023823126057,0.039578080701118956,-0.030793594707355352,-0.03170424908978884,-0.05904061841777484
2019-08-20,0.03982228099191441,0.05730338241522196,0.028979984547273564,0.018901041243636556,0.069901570001956,0.0412479464905306,-0.016591960866458515,-0.05037131780297266,-0.03389598656002898,-0.05160721995635887,-0.07017734312316731,-0.03573817452345088,0.05042092264807289,0.07396021047964987,-0.10427497430222993,0.09310171421478267,-0.00548812582539663,-0.12818608903172082,0.008920873527194883,-0.0028916017889969734,-0.010859184684198296,0.037813297918334404,0.06616855107200618,-0.014228406357438725,-0.02630621506087581,0.028815043828719047,-0.08498874365098638,0.07455722525755927,0.022573482038317823,-0.027310572087289445,-0.04432940013158614
2019-08-21,-0.09979501582432601,0.017763956393307447,-0.09213639310053287,-0.01413570874224409,-0.0050068599499115615,0.04087996646929287,-0.1253818935719328,-0.14821843753004527,-0.10125469281578467,0.021364329572595278,-0.06937552466248018,-0.025358446181245393,0.024222192813356847,-0.06638436146521946,-0.049432805748898405,0.017885893906054665,-0.054917725936004774,-0.07630627091337423,-0.10484079938065378,-0.09643452937586185,0.007206083120180723,0.04624135948716073,-0.007361189016271703,0.011942090869016856,-0.08526742155603285,-0.08666912317741278,-0.00957606738848574,0.11616464868634345,-0.09843937315840039,-0.040781251599651,-0.09096683845887589
2019-08-22,0.10110228205165055,0.07886359053339702,0.09440983608911316,0.06263878154879823,0.05524351443284135,0.04088900125500073,-0.03643583332256239,-0.03916306771566209,0.03026745075272827,-0.23866090255409816,-0.08380502506415065,-0.10394273789913258,0.0035815320608780267,-0.09807970860161731,0.047199707193902665,0.09432798525965914,-0.08783935802742157,0.02171883725234311,0.08457039413177748,0.045600535660903996,0.03705764760675355,0.018930098624548024,-0.010043869923844791,0.035992554100484186,0.07180769000740977,0.10079247734361625,-0.13114899053681495,-0.16791521674746712,0.09079217944300526,-0.018278395575674955,0.030166735566912982
2019-08-23,-0.01362833631872114,-0.04709112657759949,-0.03452271343144504,-0.01706327837386168,-0.01208989705810059,-0.058278366810967444,0.13384638571104251,0.08657282399411934,0.1261192006091375,-0.022714961062014444,0.12427919448957468,0.07803899234460317,0.03610730639405426,0.08373465960703319,-0.03122898133531867,0.027611287186783004,-0.050058693200321226,-0.027558238291246418,0.047132668891905545,0.04317962771536138,0.03263716658572622,0.046017663793281614,0.02784215286561034,-0.05560227335634894,0.05511928613677267,0.012923637113444362,-0.06751803559425024,-0.09024323003431975,-0.025506605894545842,0.026249162213947765,0.03188299949356584
2019-08-26,-0.04635504750617288,0.10162683130135346,-0.02464241188043564,0.03362132725317247,0.010087548882677962,0.14759830729599718,-0.2998052646164822,-0.2671065721164895,-0.20788426586801823,0.009237142100860157,-0.19382366410405716,-0.15953459675162202,0.09871481719206794,-0.17417047927320375,-0.05511881331079031,0.08493236098553679,-0.0031111452986917446,-0.05339918203208616,-0.10506543943108279,-0.082771084660158,0.014881244455533649,0.0331770327259516,-0.00042310383082663484,0.040392199067237254,-0.06412135991848149,-0.07076503289262205,0.0574937297452668,0.1669220860071241,-0.03629360087779917,-0.05844892485217099,-0.1033522205682244
2019-08-27,-0.027121669564313416,0.07279106653063022,0.01774274767285099,0.09054560382946052,0.026835375730842912,0.14171381739592862,-0.21111808498279033,-0.21587105273273954,-0.15758814145416536,-0.1371000481308078,-0.21079640238515093,-0.09307253916927691,0.08489146078845436,-0.05959904526242841,-0.10746282131921948,0.17194092399552616,0.09653853427078159,-0.06170999708690958,-0.09791761754674685,-0.05360590706742152,-0.09296742775064502,0.029715184850348075,0.06557468459491259,-0.006862796810887809,-0.09024267691443047,-0.05437319377381182,-0.08500871869040717,-0.06661637376541364,-0.0089390996301901,-0.0743560720756259,-0.05261406000960494
2019-08-28,0.012339152641986758,-0.012884436310855368,-0.006420695518873823,-0.014834212889171137,0.00396202821619789,-0.0044919486323126085,0.029862905941728773,0.03235662136008724,0.02615156035647052,-0.0007364688011560596,-0.0385393996738926,-0.08417229467814903,0.08633435519738875,-0.09038021729441488,-0.03535597736638431,0.004882039039953653,-0.04864060959279222,-0.05885158112255064,-0.010126445765947888,0.03040250767299311,0.020939817431389136,0.05684359911926378,0.012921444866575723,-0.043474016999135515,0.0232986407805817,-0.0006466007227629714,-0.018954385773864445,0.07409427935014838,0.008498345541635779,0.035572594934741845,0.0180433790802343
2019-08-29,0.14326954493514346,0.02060574557756979,0.11211293731807731,0.024044267215464085,0.09768702530445633,0.012408899955742297,0.024805887213435896,0.05683815503353186,0.12206660187601573,-0.28382983114408206,-0.09441901500368335,-0.038832699752180636,-0.005173061991333639,-0.06062627093928434,0.050324900601916,0.027283942812047882,-0.01283400764873928,-0.03289055717763888,0.12854239464464964,0.09674195724954121,0.01679808657466469,0.0014843680028280414,-0.0050151711728850705,0.06320718547129359,0.13811753321312786,0.11388454918699341,-0.17909128143251032,-0.25892806023131953,0.11582688315342626,0.06667000715623238,0.17003169816806576
2019-08-30,-0.06805033431534731,-0.05526771213260282,-0.1337782430887504,-0.09454724876684317,0.044521273824053235,0.003863395508232075,-0.019533572800968214,0.018062406164668584,-0.058836872079382575,0.21753854889639093,0.05105350875866478,-0.08244308110645175,0.10261211979202027,-0.052820884607030445,-0.18662451699211424,0.025398767085408155,-0.08430762699179098,-0.16255413515445644,-0.01979459356268546,0.03432610625421273,0.07813618258222785,0.07079237109521465,-0.010944974182908723,-0.07670583809910066,0.050204237202452213,-0.07318770433595681,0.04618493122285166,0.3888169639321252,-0.09228482411486709,0.10092047496467291,-0.0016369867169882637
2019-09-02,-0.07633488656483828,-0.1336992148583124,-0.11139342475730045,-0.10341206334010308,0.0019108917901792164,-0.022063329641781208,0.04838663314848701,0.017259791625409592,-0.03211658279196108,0.19925112388204425,-0.037331029743627536,-0.049638220233028406,0.07482283929710246,-0.052334900649249526,-0.1059486468067132,-0.04503888167023996,-0.0005341299292128304,-0.11824913244718702,-0.041126687985950316,0.0166324296337446,0.01256122128254089,0.07408899801865888,0.03601384178583199,-0.046305254776790476,-0.05173354065373724,-0.081847898213436,0.1184258880230115,0.21697169956862683,-0.0844982964182724,0.017494015885382155,-0.025168970849313965
2019-09-03,0.144679940562899,0.19945781711831692,0.17457474990957586,0.11464810019368166,0.09463145508392301,0.2048202179053929,-0.164422328749291,-0.16354631002799516,-0.13597831660927442,-0.11621667991981685,-0.04070374278450953,-0.12988309431830136,0.12451668584769547,0.010200685166903237,-0.12228670201214589,0.02970056286150033,0.003454356859951333,-0.07636442188078903,0.011094749423375013,-0.04358321402824789,-0.04175464110456098,0.005570233600913116,-0.004813864212136264,0.14397392701259268,0.027977738296840436,0.08521873550868456,-0.02466647459262418,0.10354688302714664,0.14075843717067804,0.015360942987906722,0.0076490046797433025
2019-09-04,-0.04057214781053139,0.007196958943832391,-0.025326391265210017,-0.012819196461742182,-0.023178189978187314,0.03814511247738993,-0.16803487832399475,-0.14083605146694542,-0.10804303495281797,0.057783783186974615,-0.1539161069126759,-0.17728942133344483,0.1334929888182191,-0.09687091322269646,0.008214026812158144,-0.07774589894947796,0.04197553098920749,-0.07034536217063449,-0.06803945273987745,-0.05967303674770514,-0.02266058932780223,-0.0670704271969345,-0.060095911414763045,0.047180900970949714,0.025400748432073437,-0.02029490268795865,0.10403478748214592,0.14406944432878563,-0.02382804938349947,0.02379577911758388,-0.024771926382126736
2019-09-05,0.04741703790479047,0.021460026105470445,0.01530227611600175,-0.041819923816110126,0.0032082404725313264,0.06245377810389252,-0.0151292281024577,0.0033115525496779886,-0.03000045409867308,0.028546835920138625,0.08767889238811133,0.02540027215575016,0.03265583832403178,0.1067238027441976,-0.1407190926378279,-0.02056111535478467,0.00015528048186001035,-0.10161174550263818,0.018988893727772464,0.05305746731634014,0.06806338584379974,-0.006281153525745514,-0.005960210783332557,-0.029629503407150006,0.024172982965608002,0.07452251929764941,-0.010022377855506477,0.20061591356090402,0.052099256014386815,0.015514860314570363,0.013378579692411971
2019-09-06,-0.12160100505029514,-0.12326426513199262,-0.1416306276775334,-0.11608383265322976,-0.0796366643581953,-0.049728048934504936,0.10787042832775229,0.009191837582173911,-0.05433729615910379,0.3387995621363409,0.09240212571254221,0.21883575884138048,0.07016777356233203,0.07817347679414094,-0.1986510757824647,-0.08098399442814294,-0.003852854308602676,0.05730035693435887,-0.07941334168593422,0.021619848174225048,0.04062870778781972,-0.01640746596963882,-0.05869968254800621,-0.10060617258318229,0.008020043226384945,-0.09660866838618229,0.18240353863473993,0.3896155215131189,-0.10839515503571984,0.07520496813577779,-0.009398189249463037
2019-09-09,-0.027796227754807577,0.05583353261980205,0.0008780025643322419,0.043262807130604826,0.05774308635125933,0.1466433549338877,-0.23111888674468808,-0.1938229679784186,-0.15342341666199952,-0.0634704213060481,-0.10231647457825681,-0.17202092608693295,0.011596208481558035,-0.015195479155255771,0.05346739340040585,0.10332614724203722,0.08805209133182694,-0.10571162866670365,-0.024880123533608214,-0.05166875673594887,0.02445645629746521,-0.024889598467017934,-0.002592098579633958,0.0120292114228989,-0.07548686527362622,-0.030977788453617403,0.03648397776148216,-0.046730753480455405,-0.02029812371591106,-0.06886617493545232,-0.085978510610017
2019-09-10,0.1083256699954342,0.2150949848326999,0.14838140162963767,0.15952951252457537,0.04629661228073714,0.20797660351726763,-0.2174919889355372,-0.2270966541089771,-0.16344642873171247,-0.23036168257062203,-0.04021612543362357,-0.06620569513271496,0.008102912915066023,-0.12587085773396722,-0.03275499791524923,0.10162231453936815,0.02675162884585839,-0.08881192432021234,-0.022553439557708586,-0.08958038673880649,-0.1356836531691209,-0.025503461331398004,-0.02659458656492593,0.047334004830392386,-0.04613504232164261,0.07912192938500723,-0.11102519662729186,-0.036731592855504,0.11951742536923622,-0.02305926168834523,-0.03361837784789311
2019-09-11,0.021557869990350944,0.07893822232812056,0.04144815405542675,0.03358263249680281,-0.004499388432951469,0.08428899567302686,-0.10399672976038164,-0.07653246458692617,-0.10069406523066002,-0.03225596836306703,-0.10398210825396385,-0.12069176934281471,0.028254078537250638,-0.1904930649878061,-0.10771382120158217,0.0277069940140539,0.008588151159818794,-0.10997840263952652,-0.014783254762363621,-0.027306018259510935,0.01731887002543828,-0.005156542558810519,-0.03204151485861618,0.008476245728478693,-0.051500130274276024,0.026578615956539164,-0.03774259738111394,0.10423826120500648,0.03837925243872091,-0.03671463924776407,-0.04801892866197456
2019-09-12,-0.08543399408252307,-0.05917966477752191,-0.1025304084181105,-0.03952053076466556,-0.024391586147109547,-0.0031061815835460973,0.009353493524302654,0.007461949781817921,-0.004696152723938083,0.10492883092263859,-0.0562449903099312,-0.05156366311570024,0.009834854226474702,-0.09584154427319612,-0.1194551178489383,-0.00040863878195220656,0.007008222574667437,-0.051841657003340494,-0.061924089401132254,0.008846231419110099,-0.008717229141561053,-0.002443929129690732,0.00695911763384999,-0.04947772170556508,-0.0813793058304902,-0.08537355401475324,0.018145655481780185,0.10977594670027278,-0.08477329375395384,-0.040920049665895575,-0.05159044296703815
2019-09-16,0.12129451075076644,-0.0315538989334388,0.10419391237460111,0.036933993309299376,0.07241803784393006,0.02130019708981801,-0.07550081493298785,0.06019251136841368,0.08218646892159286,-0.2780068915540076,-0.09062572525037482,-0.08646137359585244,0.005588977083759778,-0.000936214563068286,0.19651415600779584,0.1321493082191591,-0.05159439514353793,0.008045945340246516,0.17617874608883455,0.10941991726901641,0.0195501815955998,0.03981043125850463,0.04601169806301909,-0.08576568810231042,0.031492385606119194,0.1270599413293746,-0.14772088410763687,-0.33827191405456997,0.11141561992843384,0.02772109289769595,0.11839531650767318
2019-09-17,0.07420915993928114,-0.05318257894327812,0.0348338438205378,-0.026181966751441528,0.04643836709162263,0.024989910118927226,-0.046709401396927606,-0.009943555801327093,0.011288388175042045,-0.1243623211260247,-0.07786094993728693,-0.02401720858991375,0.10753630522250361,-0.05946365032291626,0.007999661224444404,0.14756245205470883,0.0013146267132385164,0.02830752503339702,0.11426167392037129,0.1343195923192831,0.0969240428871728,0.0057267370615451335,0.04810986541384681,-0.15740448649308383,-0.010827629622265543,0.09874116774777746,-0.08292860857451297,-0.0860919637868782,0.07102335797694871,-0.033737523446289705,0.003482281766968397
2019-09-18,-0.046452913703932355,-0.13659376027043194,-0.09151952135625072,-0.1059185192137842,-0.012474839895056399,-0.03380240917452686,0.11226626794518553,0.09311744210171147,0.02862743874505993,0.17111740591914196,-0.029381965153400413,-0.20537190450171142,0.11280410731181831,-0.14537225671492532,-0.15344612712706213,0.010771300030862258,-0.013777751524002084,-0.14299242489925335,0.00974360135441204,0.0870532529342566,0.07047357414861542,0.0015798666310481335,-0.03240722020876843,-0.12149289183488479,0.023228194835378944,-0.03653182375601877,-0.010792251631432425,0.247549917056575,-0.04655817324315891,0.03768782448244419,0.0035023709404913015
2019-09-19,0.055179972520569553,0.04258255796937933,0.06347626196223281,0.06087369954024888,0.015511319099767345,0.06727459245018796,-0.10119487929471312,-0.05326279058934498,-0.026478535151183476,-0.16450829112591367,-0.10550142232849814,-0.09204487147353949,0.05728430597157226,-0.08880687680907703,-0.011262898638791841,0.10881311367392522,-0.07085944966990418,-0.05467417552410547,0.047284669851234015,0.029114748260324577,-0.010549977547207169,0.005285489145426636,0.007924050580691445,-0.002478443395642996,0.025598027651914195,0.06921625139619225,-0.10233429174068724,-0.06861029427616328,0.05666117266592093,-0.006577046659045677,0.014228408862174816
2019-09-20,-0.06987982102314243,-0.10115483857232174,-0.09879802643642366,-0.07697448911932041,-0.03488789043360305,-0.10191780611379858,0.17892419969526643,0.18230612243629304,0.1400828930894381,0.014317710049851986,0.09891513805961688,0.0729030176759469,0.008389520980616655,0.06621542777016964,-0.04885813390171339,0.06361323696988086,-0.09189115385343745,-0.07784344231114479,-0.020979814089915744,0.023237040275853344,0.0009428114110646094,0.001072705073025715,0.022137522614111397,-0.14678123877459198,-0.01779568022836322,-0.024938626630101393,-0.06311880248680514,-0.019624498666739914,-0.07902305725784488,0.06690613719320691,0.0286826345459137
2019-09-23,-0.0038807915892502287,-0.041123911031212115,-0.023036733369851056,-0.04365064824393695,-0.003889751273066907,0.014546108344028868,-0.01896690049196023,-0.018694472354588307,0.001498874837947144,-0.04467212328788921,-0.059933626294312856,-0.08549640006694152,0.11756461858150703,-0.0901522783068813,-0.06678820195528001,0.08514550260962517,-0.06052915057634922,0.03790952358217341,0.0389501270307492,0.05983796067397303,0.06720785363801311,-0.007806468835986132,-0.014173024708279565,-0.06525824012408009,0.039375545818785454,0.013153947667030716,-0.09505685237751207,0.05744949301958979,-0.0006681495676499335,0.012300261015381739,0.040620224041202406
2019-09-24,0.19509198449376672,0.10831342568830694,0.1907056724175279,0.096458332957294,0.11620237319566985,0.09080987310575055,-0.11976415270137197,-0.021309455826616874,0.01994838623358331,-0.35138537469411296,-0.02891264864196281,-0.046525100861990784,-0.0070344413800798485,-0.08758916596276578,0.14888105981737418,0.09532297205970013,0.020775399677735184,-0.028129282022832842,0.1717922624056812,0.0823666471649885,0.0048681627071407866,-0.0025552770038096972,0.01588283680069648,0.033136664939442353,0.13571894725852743,0.1555671981138407,-0.22216941361875367,-0.2613008521730285,0.18329200487739655,0.03643837618069205,0.13614161014687345
2019-09-25,0.30493526328988074,0.2745986259206022,0.33359014724822866,0.21793721807619315,0.13897751838368827,0.23225324570505204,-0.2480967333748128,-0.12921971840321655,-0.06486413792043058,-0.5257555403286113,-0.1325015865036508,-0.027466833821280432,0.05776721246286359,-0.04378798032610257,0.16440559863071286,0.1529652330156215,0.061283141355697804,-0.07811680646916624,0.18551334141444767,0.05993817862627253,-0.009469417313749224,-0.019081385516867635,-0.0008610027654151127,0.10213088451975898,0.12347323024124982,0.2536810956097603,-0.29784149947972566,-0.28228401972203504,0.30836550472928576,-0.011819011121915428,0.13363747392068584
2019-09-26,-0.08912716035566072,-0.03065015861213767,-0.10472918175388843,-0.0411155095382151,-0.01143347618199816,0.0073378456110022566,-0.009622304896537107,-0.007804284682128893,-0.07709678096937382,0.16220348889439537,-0.0839408342384966,-0.21371222207017213,0.1326821509326144,-0.20917465153525056,-0.2698060359112601,0.08134210138500317,-0.06723671740553068,-0.1209730011271797,-0.059003710998088474,-0.03503976819596867,-0.021445877530434244,0.017355940703042357,0.0010551515398405558,-0.11577800588180842,-0.11948616401124906,-0.09744796639758053,0.008400140918522498,0.22245590650623853,-0.0964450332503902,-0.012803028811727313,-0.11077000955846948
2019-09-30,0.08695746923742274,0.06864794883849827,0.07274333933031432,0.08456765076096785,0.06890068835002518,0.049433337751242416,-0.10149922129492091,-0.05673993152782049,2.6658803071658592e-05,-0.0706865064142375,-0.08621993137042994,0.032452758177932264,0.009230441905049637,0.025655035787609748,0.031065675549306334,0.032490443284536485,0.019047444683538767,0.005921358259786122,0.0756101256776877,-0.004683095732140413,0.0022536990847984366,0.06704378901790377,0.041452879662470896,0.02128409655854644,-0.06414796684158805,0.08070964142985941,-0.0045651795876025855,-0.11069344474857354,0.06682199546847027,-0.03837930538486083,-0.053494414231842424
2019-10-08,-0.05971919090214598,-0.025679363789257583,-0.08633163007559538,-0.041211118188107604,0.030937141591493765,-0.012722872826711605,-0.014679876663983848,0.023094024934645175,0.003483274432851891,0.20540394513408733,-0.1295358851088596,-0.23629698940211274,-0.06659144057799195,-0.09354802711494707,-0.14321863263861237,0.015927328032174105,-0.024251363778841777,-0.2424617039957733,-0.04599327329558916,-0.0568957497758172,-0.02071230059808009,0.03272738573100136,-0.004545563710255346,-0.05535810730592046,-0.05572051434712008,-0.06408358967598239,0.07414891636101402,0.17632883492489498,-0.0838176425822452,0.024565064842192733,-0.06776304578355395
2019-10-09,-0.032230055741630445,-0.10801945168357785,-0.10177856350674001,-0.06564305158177032,0.01698852333806889,-0.08054081000566911,0.08095863216711248,0.07809055695959323,0.08414319549346481,0.1151978456237348,-0.09940469028723507,-0.18530059399747653,0.02943685488770831,-0.17877088798333068,-0.09801698020015359,0.08784535049041171,-0.1685540843042956,-0.08975264335148082,0.07057955073137401,0.10706337639559206,0.06865686726618059,0.03861869476985716,-0.007648482179432325,-0.08433792126862721,0.07891040925660253,-0.062434417642115124,0.014643757939253852,0.13775210270302907,-0.08770996596637459,0.08628614571697407,0.07488662160063869
2019-10-10,0.10386045455031477,0.20071100316679832,0.10336116047690029,0.07783886446242139,0.119677462596605,0.12360352305475006,-0.07793706706827375,-0.11016459960799185,-0.12608669294649086,-0.23778876572603444,-0.009557466497003312,-0.017678151501890796,0.05856615535272397,0.060003708815255734,0.014886006170135751,0.07265754567143885,-0.03934176838860836,-0.025018799593341842,0.014540913149590978,-0.06256895180764312,-0.011441189458270945,-0.011631966012091837,0.0020117468918844973,0.13679616889170063,0.0017515569138126805,0.04004808698806495,-0.17139249634057208,-0.03236222693623659,0.07295544595214885,-0.01285034611956979,-0.023760705127186237
2019-10-11,0.017017063105227208,0.06135270653375084,0.019793828601218977,0.01618231340118978,0.01005236138246126,0.0792582963768287,0.03769739338567688,-0.02399910208364101,-0.08607420764732633,0.16806389684754275,-0.2123041560228586,-0.20480235819040926,0.18284939396098482,-0.16743694451033816,-0.1415217406701354,-0.0220943270441012,0.012454756478781467,-0.11748333473372673,-0.034111066768427685,-0.03306331375431741,0.004574906407208193,0.01015868887915492,-0.02365025793268701,0.03697483672694733,-0.00498236895782561,-0.0025960106896808573,0.10030091667396805,0.2777708809933695,0.023461709052943813,-0.003410039289213574,-0.03385306772013204
2019-10-14,0.13732302109293634,0.12223168382328174,0.12197984478001504,0.10720837104679459,0.1204778588556958,0.07186041108396593,-0.061655598755717085,-0.06161364960277796,-0.037389554287377905,-0.29977789025212587,0.21157044518973878,0.03684566444925678,-0.08296021183047109,0.11483939831393696,0.10370881912814871,0.15064974313524643,-0.055588946889077964,-0.06091129776532877,0.09486215990690278,0.02013289831244627,-0.003303975019144182,0.06314371905294429,0.05835250856841998,-0.023436276583395282,-0.023933658074265188,0.10350397700170078,-0.21890938584534858,-0.20179564824105464,0.10867246662571303,-0.04526009678690535,-0.028404378877980495
2019-10-15,0.1318479536401131,-0.010712673915725161,0.07658207907013688,-0.01640406345628174,0.059132621882934,0.005741142566936234,0.017639732054907716,0.026991976992481046,0.08258609897274193,-0.109377736290415,0.022618889007271575,0.00555891123210483,0.009860966374695121,0.00020942371159447305,0.04766158282269492,0.03756919263967688,-0.12580329874288934,-0.11119973193285625,0.17118557401902182,0.1398014822025108,0.12504203786575072,-0.006121300033213617,-0.000722472884694638,-0.019887993958891285,0.1577923934550653,0.09796828499102916,-0.07810049498774635,-0.02119018714867792,0.10670073749961535,0.08582269141419803,0.13415830527204858
2019-10-16,0.020005984989644315,-0.03401708298864964,-0.007338729879629936,-0.013199496972464963,0.029935192613982677,0.011431729447779952,-0.0049860405864410534,0.016079520499889356,0.03534056650266323,0.002162267128400486,-0.027423285533677472,0.013945129870607711,0.05305020506507375,-0.0332510187248927,-0.03870448521861617,-0.011795993458058578,-0.03386283819363105,-0.037376618049296075,0.04072773073290028,0.0703877047240557,0.03396192438629155,0.0015552209915520093,-0.026387319865958894,-0.007092232737277582,0.07282680367943646,-0.0008589135997664252,-0.03969216084912674,0.03925867182118459,0.013940363175080742,0.06251108152657181,0.05193396874377567
2019-10-17,-0.011225137008814308,-0.061795298727109496,0.0011090496139508738,-0.00199533793338606,0.004358043870576439,0.04052432145867101,-0.1160824088534253,-0.08024677986158464,-0.042447657452598715,-0.19185315396849284,0.03158587472653359,0.02999863991935999,0.023708360990486694,-0.005270747155020392,0.0734360411707499,0.10332281397271875,-0.03769416586447213,0.002076399502650132,0.04711968446304122,0.040255703411044695,0.02289357118313549,-0.02336286668172601,0.03241766065607859,-0.05052208162235383,-0.0230068848041331,-0.0018074501359523377,-0.11931543241732026,-0.20489132006364058,-0.00043492653809764454,-0.04037138054090933,0.012241673894315833
2019-10-18,-0.0025228230899994254,0.05389979988771325,0.005221434264711595,0.055437979653043,0.009786512396969864,0.02163129819091031,-0.07888733871144583,-0.10711846730556183,-0.0405552739690237,-0.05157060396244575,-0.10052956662019497,-0.0940100656443278,0.04763951384122124,-0.1400297311374989,-0.004612303499941484,-0.017658118699128273,0.01621255318888661,-0.025314377332063497,-0.06568850840832657,-0.11225782920696735,-0.04027306645983308,0.03369982753854928,0.030561508468739,0.035299183624644855,-0.026621988923683067,0.011053143872457425,-0.022258902357736237,-0.06917930360498477,0.004742872000915008,-0.023486246230940765,-0.018522084311472536
2019-10-21,-0.039122618433643376,-0.11629510341807725,-0.06837125773389544,-0.05900310224368129,-0.0010247144308782336,-0.027949212920348503,0.011772822086720116,0.08056238821385617,0.039861481746633204,0.1252462779803457,-0.1688368618090257,-0.23972963615051723,0.08079651142732559,-0.20349689134169574,-0.1769547863437191,0.10136985729046223,-0.07040551216875526,-0.08825512926432626,0.02709056138886673,0.1055281808094394,0.05527559166036799,0.04087878705005104,0.02161170183621605,-0.14500953328572574,0.030250776392319465,-0.024237328356426027,0.022465415464256348,0.18029330167623242,-0.04525805462209752,0.058898379130516536,0.04125851686070054
2019-10-22,0.03546174485501149,0.1058778729522272,0.03969745236002739,0.07582403966416895,0.05623068111939111,0.13075993163834485,-0.12663450569256024,-0.1363669355065283,-0.07796712990690004,-0.13089729927025173,-0.05360523957157617,-0.028267848017452118,-0.012232670519933866,-0.07062116444329297,-0.04281672325646203,0.08676869140363763,0.028457981194760066,-0.029396404347950766,-0.02628279936980067,-0.02973779528265979,-0.038602012220872714,0.02926348051842516,0.00545742465784021,-0.003187085443279449,-0.07685069877623642,0.0277958490715645,-0.16790754217539966,-0.0518116898556829,0.036097233067042746,-0.03395141832326158,-0.06979882557059737
2019-10-23,0.07322587027729544,0.1554479929683918,0.0770143232109919,0.06841338266715952,0.06043007424993284,0.08537515947588768,0.007375799768538451,-0.06979517540380019,-0.06828697274726457,-0.10773385965289435,-0.01860686708326786,-0.03977647896725451,0.053744358118834344,-0.035999803624416446,-0.01156758400433668,0.0591228315401613,-0.00345552134901444,-0.07995848131979771,-0.030556382044449267,-0.08164072073522491,-0.05201383110197144,0.019089409140395783,0.000815571846714039,0.057599225238184226,-0.03024722618518449,0.04645254367739577,-0.13343728119913137,0.009822274469512119,0.06594401440048331,-0.011822177462699372,-0.0375713657679136
2019-10-24,0.038402989829040404,0.009908703624334323,0.01783769462048218,0.02231045716030124,0.04774225226294703,-0.010112498441823874,-0.040388910049494006,-0.04618124608747377,-0.014852424372404178,-0.035149689801689955,-0.07184284691391601,-0.09404366390379247,0.05429509657960339,-0.08316362814235397,-0.07874976766504059,0.038669493127947485,-0.08437608874089222,-0.08330617663365908,0.035905819602776536,0.04731535485836912,-0.009150940073500567,0.0304750122249297,0.011028614455515829,0.04149619921459505,0.08276320769337969,0.018234007570699613,-0.03936759446210734,0.062176782429610875,0.012062258572462575,0.06618398562192365,0.04150196662301742
2019-10-25,-0.15388494967058602,-0.10668108025856939,-0.17776942433906912,-0.13685414358394182,-0.05050979276810345,-0.054921675987022,-0.04355288761028565,0.026721300914245846,-0.04282550026907422,0.28415157022710646,-0.20513467319433348,-0.09546600658832034,0.14415854189387856,-0.15052972714082435,-0.2257706698558898,-0.05640148358213804,0.015115986250245513,0.09952691111521868,-0.08973246945555,-0.021627801790189593,0.0724054623300889,-0.0017552805325782767,-0.017319696117219896,0.020915944221632187,-0.0009643934232207939,-0.11289285526208889,0.17313691753159274,0.37612895695657,-0.15755307174600472,0.05517636514244116,-0.04312195733242358
2019-10-28,0.1336041923176473,0.06878802510124273,0.11856389239259561,0.1090674996738484,0.06422743738565649,0.02386090062810429,-0.0006556676099288636,-0.04846050205263896,-0.0017200102814955967,-0.30071391099664674,0.12749070407208934,-0.08478746977307969,0.003674863974575094,-0.0398111960566361,0.1835227418212091,0.07048022307279335,-0.11804600611888359,-0.07841436094318692,0.0912096476298641,0.054161508889767486,-0.00515897581779035,0.07914135315263937,0.049527155673958066,0.029824584216065483,0.08707554655154498,0.1319834330502704,-0.18766384626686475,-0.28872250507250063,0.12082144896921795,0.02673690961403679,0.0917103815207643
2019-10-29,0.16345165468534603,-0.024560734861274105,0.08717974091903437,-0.0042533201075119105,0.09716092303484174,-0.04879694939775449,0.13517846368711978,0.12262944550349662,0.15414984503120002,-0.12446559760606278,0.12322931934186276,0.054172682737742714,0.04375131815474683,0.007882682438643554,0.13996706502970194,0.030925023844120457,-0.07894765438528316,0.0653766336571648,0.19435180223816056,0.1592893561925378,0.08670207230474791,0.14462354841322295,0.08877288058462679,-0.04667554255824317,0.17574884306647257,0.12547632833111513,-0.09994556461149899,-0.06765187210776465,0.11093838542125008,0.08933847793565781,0.17629716296810427
2019-10-30,0.15873940617426854,0.012840763848542713,0.11603218424530203,0.03248502082813076,0.09165427055934437,0.054150970387605406,0.04126318014758264,0.04595740528478709,0.052840866431006314,-0.2028054907220931,0.011496092557449388,0.03180702042806371,0.10342135217758737,0.023886566737840946,0.1298239722773457,0.05278727436975917,-0.09768566918354649,0.07378268174304486,0.18720212586504337,0.13090034103415238,0.040905177071180826,0.1322859674720302,0.07210987896224669,0.0012625000471061902,0.15659102448606615,0.13485942795335124,-0.1335876881012317,-0.15320470258541963,0.12565767099937267,0.07946074128185011,0.1457973734902228
2019-10-31,0.019649897832679564,0.014466679099433834,-0.026453852215967678,0.009253931874723533,0.0354351912565926,-0.004929329864946075,-0.018717010675742714,-0.019119807114906903,0.01753241139950767,0.04035612393085698,-0.04579163283746969,-0.08304026302166327,0.026917367335188496,-0.07401405310778766,-0.07218517578450129,-0.02317129016506454,-0.005709917444953927,-0.1216815895818606,0.016787156074958284,-0.02019104581244862,-0.011557682814214017,0.06387993524657791,0.053752819688422354,0.022491499013559898,-0.01774513607640447,0.005082533847570207,0.010814368675338071,0.1007544726814289,-0.00817436356553945,0.023469748585847914,-0.010844822705610664
2019-11-01,0.09932041982596082,-0.11104810624008199,0.01993030668477927,-0.03130186137859355,0.03523750340273874,-0.09545539377434596,0.15512943066948787,0.20416898318940843,0.2090897616677456,0.022090193624788576,0.09866329254007825,0.13300182516045714,0.009946374891829608,0.11169366924201964,0.08733515707319711,-0.05175445655474349,-0.11663712073010292,0.0530309628736258,0.19943595157914576,0.17406276504937754,0.10779852188894516,0.05604681339931393,0.030795109721724005,-0.035036181283517064,0.15166910230602587,0.08212172490831456,-0.005849130851827395,-0.006324856910337694,0.05112055377240533,0.1136123448292271,0.17538629957774107
2019-11-04,0.1616520943579934,0.06246568159198007,0.13046252962967997,0.037093890303136284,0.07747852305477164,0.027730096508055108,0.044464813719287996,0.055212064001281584,0.06934783098173126,-0.07910425723542523,0.05977480467022673,0.0589938792794609,0.03598111731682886,0.076562937674565,0.05605637467794285,-0.07274627130461862,-0.11501049588722086,-0.05447613115528976,0.14120705705388,0.07809932044285332,0.03687502635677807,-0.03246114456810175,-0.030682124226067097,0.1587136043925609,0.15290481754286298,0.12248623375645597,-0.008128305474667934,0.01603836470489521,0.1393470978479324,0.08455204015771438,0.16451600404950184
2019-11-05,0.13701392592642375,0.06547182503990821,0.12894169509188672,0.06092984010284953,0.054885241993778575,0.0818251980059636,0.01096929811066677,-0.004562410032697457,0.015061357659441853,-0.20248524056789888,0.07483884408577661,0.16705357770761903,-0.02235245462635139,0.1569463391777242,0.07196443155644393,0.07834344831187377,-0.050927754298618524,0.037618992403982233,0.09385143298349104,0.06591640181492497,-0.0030737920117933897,0.002579086134105677,0.009500449804063508,0.010500420380139385,0.04850446987886458,0.10724094616301696,-0.16790020747265944,-0.14258123722725513,0.1360217947775287,0.009681523771767795,0.09136754205690868
2019-11-06,-0.011471027587436169,-0.06654350979466282,-0.039823775100646226,-0.0534358149499647,-0.003936570700566397,-0.06372613648722446,0.06502139178246384,0.08472538569349526,0.043350891376171964,0.184804601410346,-0.033025983193464316,-0.12958072737935242,0.06339173416110377,-0.11858666870040369,-0.029514960116931045,-0.05107348121111119,-0.007416198260052444,-0.06955979886642079,0.027934052484914176,0.07524404413437084,0.11115067286721847,0.03545587660099241,-0.0030147320044007064,-0.08987857402454001,-0.002003465101253031,0.008321170990260161,0.07667094874472581,0.12156208986501273,-0.013165944459528088,0.024425069419016572,0.010269570808830324
2019-11-07,-0.03368715157887944,-0.054325244284091925,-0.026033339427402203,-0.048024526927895474,-0.010444577634978173,0.08203314318674121,-0.10578020033553197,-0.0921617405646163,-0.05728276249764703,-0.10965743800374136,-0.16957181360496196,-0.10080976901594559,0.06097118836703081,-0.11648114586391109,-0.07283007236385405,0.14036028623534802,-0.01156117035621872,-0.08070076248826934,0.008667772576468872,0.04662510762102273,0.028292749609769543,-0.043766572059903364,-0.006573215253859016,-0.06555452028503415,-0.025924557014322273,-0.008718283209919051,-0.09243784847256195,-0.0019030576736674962,-0.018487215603376017,-0.05615568488369656,-0.016664210992101677
2019-11-08,0.06517756020866942,-0.02389256986867594,0.041023557213415274,0.0014722593066592872,-0.02556281819065081,-0.08215957926744788,0.21158839708539745,0.13279992988327188,0.1638563455621614,-0.1749252766955996,0.21772422026390795,0.19959976043852648,-0.10215309918574705,0.1557132014174108,0.20846571680106643,-0.0013509067273951192,-0.0969410944905703,0.07318052925795904,0.10288692429149769,0.05864851865826343,0.01415251153848067,0.02165283806090861,0.00023654485914412552,0.0015040508095336671,0.11585365496130422,0.08104418716448011,-0.0961153530577135,-0.2258395750104321,0.05684214315852802,0.021070943730376608,0.10713074628721483
2019-11-11,-0.05299513468211913,0.019240565200128058,-0.03262106095313604,-0.0018014219145682884,-0.03752495830699615,0.004398643923306207,0.012265981342619608,0.05015401817650573,-0.018336456838222506,0.12521155116702704,0.007678284089133118,-0.051451340609350825,0.020969154173879213,0.020799908138289375,0.01852075923535967,-0.001295473539200759,0.08852638142599864,-0.07512821354123504,-0.059053020811228034,-0.04056994001566041,-0.008769146933588857,0.03566888792099751,-0.00015824764689960556,-0.013767784338184532,-0.11243963473908522,-0.035271909199672914,0.06410216909035957,0.05700770317955017,-0.03185489580730908,-0.0879388578254962,-0.10757947075995387
2019-11-12,-0.0032219115691171627,-0.10433315976416449,-0.04510110110354647,-0.08333322605194429,-0.014217517709820257,-0.053578735390866605,0.07229277008971338,0.05763761623009083,0.1105701337786411,-0.046505147905484295,0.05273406100277397,0.043202687930246376,0.04902820768070069,0.01723491324402295,0.059414955476864005,0.08973329027280852,-0.06682287732949754,-0.024268000395546472,0.09497971043845532,0.09215033326445192,0.06053391127828066,0.02394872381103077,0.049944815972315926,-0.07738978251105395,0.0864811183954504,0.006308815201317336,-0.06656805827599502,-0.0904275712445983,-0.02508356470790984,0.04447460585202146,0.08393723793109324
2019-11-13,-0.06319538804694268,-0.13261041386454303,-0.11340079773642552,-0.08584472725112642,-0.005320480612929866,-0.09550451032119915,-0.03288554705423284,0.05196060688343431,0.07312563816632651,0.1489150884635724,-0.051505920031808046,-0.09249434618264983,0.038855566338320366,-0.0918976349747378,-0.09047783656310698,0.005672389613200475,-0.030763343288715148,-0.09821371048753236,0.045329433240923804,0.05429916081839182,0.04944963311159087,0.025782659331830313,0.022547930982409,-0.06691759341891816,0.04844382453659443,-0.036191490736641484,0.027271885298837333,0.16792709596683725,-0.08511847780253423,0.01792484944609335,0.02851880996165163
2019-11-14,0.018875329550110294,0.005678521652652021,0.030464946481334586,-0.02933759847319094,-0.012964224017972304,0.0074264384603240485,-0.013245600278176901,-0.035776291844033845,0.009949124772428448,-0.2038901610847033,-0.029959689174751006,0.02985379861082468,0.05834344271021491,-0.022757495351962205,0.047100687622635924,0.06758413316387114,-0.09122680932523423,0.0343457698377461,0.02961151360159831,0.008295643436114164,0.04300255094049761,-0.012069496717281317,0.0014610879329026555,0.06362221200257684,0.0841962414168368,0.035722359366592474,-0.06712091796930038,-0.0973728134619898,0.035997584231015504,0.00493955689431655,0.06213729173841961
2019-11-15,0.03953909353852567,0.015549677801702662,-0.005001235708627735,0.0006385417250303532,0.034200487638599945,-0.011245650026705195,-0.02813681371771011,0.02027690025023082,0.0002453847016262995,0.08183830067327057,-0.032302816173282345,-0.07243457638894855,0.08880775737650873,-0.04425482531718951,-0.0255936768426518,-0.005339811630697236,0.0010147029993986664,-0.11528248464081821,0.037170609497611654,0.029092981063953135,0.01997243538402501,-0.0035930208689340655,-0.01803160614638262,0.0166242213782576,0.007223299937444303,0.026238269231056186,0.06559172082762371,0.09450117168365559,0.005014178820638364,0.0061036513454874415,-0.0011965468772406897
2019-11-18,-0.12966075873728444,-0.07505234969988914,-0.1227834567981176,-0.06636948144139987,-0.05043312659981503,0.012182494357321562,-0.22337968097423988,-0.08432564961010769,-0.11151254881857792,0.21774042129193755,-0.13217661756901244,-0.10844094068013559,0.08672621974332943,-0.14889923528584262,-0.2174062884832731,0.021405342839207787,0.015447085649681183,-0.16108513433908153,-0.053486010002819544,-0.011395070992212963,0.02064881697846672,-0.020010987950029032,-0.029282815549033517,-0.0379701588143152,-0.02986479249729056,-0.1356522330195908,0.14519929351978036,0.2526489117332427,-0.12333804766118767,-0.0007032204350157861,-0.0626340597970182
2019-11-19,-0.06356396538366224,0.028330044446167636,-0.0071542111410068015,0.006881950163533601,-0.06792874738684145,0.027362003166820168,-0.043585533898549335,-0.08910198638561805,-0.07724331012873963,-0.14321701203114703,0.02169773110691983,0.048244635126287856,-0.0470710857917652,0.05448151942425207,0.03392452880677208,0.07650261915188286,-0.023166700227610568,0.037137630043884366,-0.05778683172824019,-0.0324778921561879,0.004161333523949758,-0.012026755019779827,-0.0006547255258171651,0.01896718923897049,-0.025172836532664923,-0.03303364806364603,-0.08431707842178121,-0.15668896642058106,-0.030447216327513606,-0.07149557533004894,-0.03456941299237957
2019-11-20,-0.008779054753986982,0.1365716373427232,0.03652174696598663,0.05961549147675067,0.024527894432189647,0.13241052784964985,-0.10333854602622969,-0.08695964070878276,-0.15154284216857916,-0.05958273298319547,-0.09904154920575702,-0.04164892816268262,0.09820260704180687,-0.022714038825434033,-0.06308430664101117,0.04216723886800272,0.050241000267977357,-0.0645151364302777,-0.10120741847541813,-0.0853310261325295,-0.04650514690898337,-0.03179881301221898,-0.0023649383319798477,0.08620416389525509,-0.06010988151244803,-0.028335754659264425,-0.07941529191029306,0.10467698647635335,0.01665210917689778,-0.06912188224417723,-0.08379265997176452
2019-11-21,0.10465692815653066,0.3004939518974015,0.20969194523187432,0.2561217403753689,0.06647482570833077,0.27040308076713576,-0.11057226783568047,-0.2167309004607442,-0.2566963445553207,-0.3643169448396256,-0.1068095822072848,0.0325220031568786,0.056421433794516966,0.04751343959535779,-0.02682097788617319,0.07200385706654716,0.014789828968798081,0.05479124185289601,-0.09619452069083614,-0.15726273067235558,-0.23288530723257397,-0.04978728175526985,-0.03858350535531091,0.17802167991210316,-0.08467306382619023,0.07595696498402636,-0.2294484314571069,-0.12988293971546244,0.1474310235534517,-0.10269468097709644,-0.06554427224192373
2019-11-22,0.2683117836616621,0.4724955503265081,0.3967322392704064,0.38658625975839866,0.09354365430037383,0.3503112125216582,0.00991295332454909,-0.13203995791020706,-0.25037530589411894,-0.4522778024992999,-0.015355477815804694,0.14359148008798953,0.028064222992088668,0.21115752687003575,0.006169771989674462,0.06775831305492828,-0.020973070572792792,-0.00756521433656218,-0.0032459907197697423,-0.10943766582848707,-0.18438241130065797,-0.0647470579962723,-0.05555747465498431,0.2738044822761484,-0.0416736352428748,0.1928514272819353,-0.28820996986410913,-0.18188162846109215,0.3148530958043931,-0.07579343421919711,0.0026262102833088845
2019-11-25,-0.0501798017440651,-0.09121270360922366,-0.08482990807353952,-0.07654187139346241,-0.017005575658784702,-0.06099069364008609,0.006690918764357888,-0.010476196335942541,0.07627422708339279,-0.008742841170020017,-0.09657931974186303,-0.1449716281889416,0.10389925557361299,-0.1520886327517095,0.010541571402836656,-0.014168206293598502,-0.04030698363323316,-0.14950151971787462,0.012872551434600322,0.012339248038405472,0.020752627242433222,0.020319099929532815,0.010115372745093982,-0.06982578032532352,0.03395150481544371,-0.0036750248486890776,0.00543207331718213,-0.07786619185762038,-0.06415403301787555,0.03659914145878701,0.037802052012167416
2019-11-26,0.004739300687877166,-0.08909266234728055,-0.022136267490880938,-0.009939648404501872,0.010147016172992912,-0.05886802998517226,0.017064737892993,0.05720745230836302,0.08248195181186387,0.06350097560729807,-0.04961591314210166,-0.1275701630503746,0.017025583165520584,-0.11765471906696573,0.032057353525221766,-0.007022856322931351,-0.09643363106183934,-0.13960488439048663,0.04107487147225152,0.04892557242645962,-0.026948145823864355,0.03877171428901961,0.0025566552561617642,0.020953561281446938,0.10817212790393387,-0.016756676695234996,-0.0001770433684195008,0.07092382019603682,-0.01388953950011207,0.030831457425994423,0.09737015721415465
2019-11-27,-0.014108864841943741,-0.030852979260993466,-0.02597680358372603,-0.026692034587706453,0.027911412056103063,-0.006906798794041214,0.025288194466550645,0.01676511273607685,0.031221517297427098,-0.035694706761742974,-0.041595667283056616,-0.057170886406957874,0.04894175232308485,-0.004377454929943327,0.03384013161175395,0.04227183829284305,0.0022639388575254366,-0.024194419966587045,0.01827779120387135,0.019217337712814975,0.012930684680328278,0.03202714460118622,0.029237334198828326,-0.026475568642042473,0.01044525019550175,0.0012185154228156003,-0.03898198394424104,-0.07018124217666705,-0.01907369807767078,0.05254747008751248,-0.0005955952396120687
2019-11-28,-0.051631307604782184,0.0791567745500949,-0.044291563668985685,0.01909721987092667,0.027920745085262873,0.09733213784507559,-0.1033033302080118,-0.07218779033648096,-0.10593811659430984,-0.012279264607113906,-0.08799371778219883,-0.07400969309452075,0.07661317067343315,-0.11158996962946822,-0.09062922036639577,0.06650202213490315,-0.02431861915759016,-0.06521792803598887,-0.12090599744555394,-0.10341057734007492,-0.05597433914340969,-0.010166287820594548,0.023435145989300285,0.03429752802561668,-0.09248206774451805,-0.0574581909697866,-0.08210630195979587,0.2054485947903981,-0.04048190622979475,-0.06365459483871957,-0.10317195570193531
2019-11-29,0.06971527896498043,-0.0167034781577006,0.028198419417817682,-0.0007723939643850119,0.03567837538662034,-0.002563543735934616,0.007040407792670402,0.021272818127661616,0.028568535371532203,0.026885843140790188,-0.00040884211196054714,0.008886447153286929,0.04114901298683914,0.051442272612589886,-0.08404945923040283,-0.02522665516127949,-0.036122336734798775,-0.06233183452305036,0.05169570314731488,0.05210411194183751,0.003734112156309527,0.03170563983389417,0.025267944417287764,-0.004776244403466925,0.04691598013167712,0.07358848332513461,-0.0011712467766433466,0.15599149578527988,0.04589163871064176,0.04783654126426396,0.053437321878184264
2019-12-02,-0.12243497931227233,0.004112212072539509,-0.09368681560383396,-0.0024229584301403845,-0.03112026876519386,0.030413890123476485,-0.16299460440907526,-0.14699044811229212,-0.11612841939505822,0.04144798774581734,-0.030505298576939285,-0.015052758172777196,0.044301102333521844,0.018703073099904512,-0.0966742932687975,0.04876076847366796,-0.04389111522757671,-0.06371055783416152,-0.1280604446188459,-0.09605273279913447,-0.06338890657790579,-0.02591169673952054,0.018910846692131063,-0.03016397150639792,-0.08260697649691345,-0.06882355599430463,0.014898154005692282,0.13007308107031038,-0.10000483327384407,-0.04915997658376699,-0.09050692365311667
2019-12-03,-0.11624550381138149,-0.04915897745948822,-0.09228172079324502,-0.045588552745306356,0.0009744160994331647,0.07175096332521105,-0.13888778111445013,-0.1579969030742284,-0.10930021853749074,-0.06705359528919279,-0.06657436585679441,-0.06305728236444381,0.02224911098524704,-0.06110843972773335,-0.025510425975562172,0.044834174045135705,0.022449977851098996,-0.09013420904962985,-0.09637809874208664,-0.04956653657412771,-0.026095288901620026,-0.01214992600023608,0.031235508061831643,-0.05940127467365858,-0.06880267374410501,-0.06461584242977468,-0.07278824144763571,-0.07439696050671768,-0.09611625681503785,-0.038652661224457034,-0.07292911443483972
2019-12-04,-0.01077255281738079,-0.179620327897632,-0.12205062406189637,-0.1525861097881372,0.029946837888272314,-0.08385653766373381,-0.04401850920125105,0.009382955673486236,0.1401442315610556,0.20249733890854618,-0.20237789336775572,-0.06978847618926096,0.1706363490821935,-0.1229826858796689,-0.1147730538084506,0.016901734158873416,-0.020335908961919082,0.010563003065262186,0.09582009687412284,0.15173095840549333,0.14291964750344147,-0.009773042236548481,0.009415269004640167,-0.10607142270963678,0.12131813410200573,-0.038572302650879534,0.08360989337174501,0.29150282763271196,-0.06822055806154512,0.10064478070594284,0.11193572662475576
2019-12-05,-0.05497102595350431,-0.11491772040675294,-0.09505548802680758,-0.11003681452182301,-0.029375179867852073,-0.07030011742184075,-0.03681108425818586,-0.001193906538914884,0.07356136145525966,0.06667557873206291,-0.0721300676450596,0.00116677525845925,0.05776393422806085,0.055170988296979716,-0.05092375081019681,0.021962921290358522,-0.034959361325253284,-0.024107010296871893,0.013945190181704563,0.03304705310929088,0.07398264687541962,-0.00021340680341390788,-0.012188727221708542,-0.06958542450519939,0.06345130508110122,-0.010324403804349739,0.047904793416725024,0.0874926631946616,-0.07545589873002852,0.054127940756566136,0.0444971218446142
2019-12-06,0.07776140952319514,0.05842991364511396,0.0778235746854074,0.06897635141984616,0.020004582727049164,0.03674190183318804,-0.017376018810381456,0.0028147488142696076,-0.02371726631776066,0.06024128010425448,-0.030648088183753603,-0.05644403492253969,0.047457200538617,-0.07043821652422733,0.004836013016848957,-0.051921932820927566,0.027736620824532494,-0.007662429124096441,0.02811731717173978,0.012310768832148345,-0.018490709011404267,-0.027295700723033063,-0.014837420735599679,0.05104565877563975,-0.005057189278090791,0.03808378897248144,0.081449838658208,0.10151413835700365,0.07850653211548209,0.011984758307650617,0.037387052974599544
2019-12-09,-0.11687094785066178,-0.13738084984729948,-0.13909472899377134,-0.12683094152794439,-0.08286912061333335,-0.09412212866364686,0.06407267253079778,0.041940058817540135,0.06611600640532815,0.18012709800254156,0.10340424940241255,0.15930866237622515,-0.003700646459793579,0.07258846928455176,-0.154731334598796,-0.08025596489291043,-0.03008868051501754,-0.025770174376694148,-0.01925047264050928,0.045647268739763755,0.0582803370825433,0.011594743668939873,-0.0030862968967017455,-0.05862133784519323,-0.0007134662930804341,-0.0752042295825911,0.033012764192079484,0.2096844106186734,-0.108303171217645,-0.003889806366894156,-0.0020636973124605355
2019-12-10,0.1051191086202327,0.13149270480478092,0.08820160548453895,0.060225754948894296,0.07035510248302049,0.08615102054303442,-0.08389283757097017,-0.035899103682269014,-0.04257240098751658,-0.1825071521972299,-0.08679207302207818,-0.12673689179974612,0.0028229783002488933,-0.0464578876382211,0.10664837013039499,0.0372503811926017,0.002893009149279054,-0.03938486991051669,0.023274936728298504,-0.02209707461919001,-0.02468179399397462,0.007013669196920753,0.010520531202662347,0.07907756911562848,0.008710049913755662,0.066542997802766,-0.05824406117458793,-0.05807841715718361,0.08497919157185811,-0.013923832031778874,-0.002729363133357262
2019-12-11,-0.01762540866810279,-0.13531817723554557,-0.07716633761477332,-0.07801925800089539,0.013870446918966424,-0.08995507125637564,0.05734179826114528,0.028641079246220908,0.11422835394065668,0.03057129700774527,0.018752024570613698,-0.0015502424642081327,0.07136319371070114,-0.058863084607763794,-0.09818263147443397,-0.014188012679646434,-0.0979838061199482,-0.042589186097574526,0.05034885693760591,0.06855257784803027,0.008042397387058536,0.02690871543138186,0.02367005476996034,-0.07148754100228916,0.08346007167770415,0.02433767628508684,0.014073162741460327,0.01207689058025389,-0.040866237481830936,0.06716566513830406,0.09443289797613273
2019-12-12,0.1687391444413029,0.05745100184517071,0.10014389883358173,0.014918859272283227,0.14690962314823278,0.10618770155585212,-0.12919807462600486,-0.04616051961582604,-0.005611875686007116,-0.11912921337202667,-0.18147283015381585,-0.19756914038078996,0.15449154060033352,-0.22673716224334245,0.006330337810968372,0.05622130996733883,-0.06788461658583549,-0.051611309088179756,0.1558735530213076,0.10440473748894127,0.10465473605165176,-0.005011046129209551,-0.023994976799809192,0.029321010844476518,0.11186534982258409,0.11846908033259318,-0.06986643168559822,0.11464513610358695,0.11286609847070023,0.10383006007149126,0.10656136176136743
2019-12-13,-0.06470313525917568,-0.10668336272070922,-0.11745409906616577,-0.09697921083607962,-0.016096606498725064,-0.04413928342548285,-0.022519180894690256,-0.11362052812329784,0.043590069701297675,0.28391247326076063,-0.00601048756069551,-0.024042196516739566,0.17114714956148616,-0.1016762493435499,-0.18183179894673732,-0.08233446608384098,-0.018250247806847378,-0.1378139676657699,-0.017626638173553588,0.04588154454544678,0.05300101219862975,-0.0024711990555726436,0.014887026859489241,-0.04805093836517288,-0.0023228458592382344,-0.08588695960514915,0.13998724501215365,0.39112191154758974,-0.08397113814786342,0.03819646348409596,-0.009326010663185967
2019-12-16,0.010451478506704592,0.18343014018828677,0.08939767340259502,0.10848355533837019,0.00735149748606649,0.2071242570835843,-0.22727342975849932,-0.25689850895190675,-0.2637914764297497,-0.08409992326994876,-0.11814223807282917,-0.18366199485688606,-0.01398268868137971,-0.02987628194326502,0.03214329595698906,-0.0032497530849427358,0.03522872816225179,-0.08853147918913139,-0.10133313481784059,-0.14052874610609864,-0.06493451278937694,-0.035914804213071194,-0.019338056343392047,0.19663752563971293,-0.015515646289320575,-0.021147331132757848,0.07555137600868725,0.06645302114355302,0.055279431026717056,-0.030382867696307974,-0.07167444750370734
2019-12-17,-0.0983989771728278,-0.0032033964274533386,-0.08771198257061337,-0.03326764695204,-0.016468060966793097,0.06439393381305264,-0.08798085328433382,-0.14749130146507053,-0.14809107756163284,0.05387467789460846,0.0013008218888829737,-0.04031914788997604,-0.02687276801994181,0.07885103649167743,-0.11796877624442337,-0.005727330516389845,0.056682550721344906,-0.051719354413289016,-0.1164015009329169,-0.08398378890622507,-0.008133091109273818,-0.004826274771100727,-0.0005266372319091113,-0.03213473728248131,-0.15168628753248842,-0.06189224830214602,-0.012959704903389898,0.10162570775291936,-0.0726106428272463,-0.07320607725509017,-0.14686858573544717
2019-12-18,-0.059290509161270245,0.16768365541312974,0.002368582999771958,0.09329848877563632,0.06703638458250241,0.17462170358047555,-0.19408741291132045,-0.17468949870063888,-0.23112729600067297,-0.025400309555938704,-0.031782215807786875,-0.08817784088791636,-0.012083429314704,0.0657679207548417,-0.06909707169197603,0.12662255386398638,0.10437080185434965,-0.1037249464277843,-0.15830023899754633,-0.1521792440273432,-0.028331313588753067,-0.011329207490650924,-0.027278046398559828,-0.02736140849938806,-0.19035681619022907,-0.056217381076867835,-0.05629652299644701,0.04374982786191699,-0.027287091110590092,-0.09814627760157553,-0.18782953720284948
2019-12-19,0.13088589428102088,0.0934586637612092,0.12721576011742336,0.09915936532610943,0.07146489470144635,0.08326461749096034,-0.07836516876288746,0.06449436466665799,-0.029102201459161474,-0.2973809760087333,-0.07093884635987485,-0.1150617326977267,-0.04831154085983372,-0.07727752459125234,0.18786202254928247,0.15062132310594503,-0.06176048664718553,-0.08568318633964665,0.09597016200801317,0.0033473166065329137,-0.05074431343977826,0.015641084063557832,0.0012250500334851228,-0.0439313833591782,-0.0005491983730677155,0.09009595588184448,-0.19073544396998768,-0.30986427818131945,0.11077441725561624,0.013443819617691541,0.04247333129696992
2019-12-20,0.15030544764661544,0.011912870987642689,0.1061802281693872,0.057178876659194716,0.059911093214064445,-0.0065783069218657885,0.10844036075683988,0.16947796513951496,0.11178779075249577,-0.24032351045509326,0.0057802807843859725,-0.07938995987881865,0.0002930308906211215,-0.0044527228157601444,0.13211313940201597,0.13711913745096585,-0.06549017669826812,0.08039293162491015,0.18028262488656865,0.1437655267019608,0.04638041972828571,0.024221385374431827,0.027028733610462145,-0.06254944309670998,0.0738050419525399,0.13900427908997443,-0.1974249374336562,-0.25818184769775365,0.11790820601955673,0.04369650783179125,0.13508488382920353
2019-12-23,-0.1938352141958389,-0.0598333360184606,-0.16887719420456931,-0.06173841470658696,-0.06785023354132703,-0.05484983929928086,0.008940446954882613,-0.03261665044760997,-0.033290256411056755,0.21699599233986036,0.10279214996267504,-0.03552080709983145,0.06510096978667279,-0.021811038023412294,-0.1851926281751837,0.02188471342255044,0.037294743008512654,-0.1785161365922985,-0.1392383730331711,-0.10466266530570804,-0.07436265204189978,-0.0021203438085504243,0.03790692897432949,-0.05063822347944214,-0.11215557275569558,-0.13597666138894773,0.03751241095495459,0.20806370224120152,-0.1655765589655123,-0.06867880215813439,-0.10117428288126788
2019-12-24,-0.04287568327590772,-0.15202622834142185,-0.11323311096575356,-0.12806419761925564,-0.02826488252207371,-0.09859784065115619,0.0012958406645479836,-0.04038612617578884,0.11827318573594117,0.16369357688024955,-0.059404808427017126,-0.18757338222521103,0.021374442642588833,-0.1316820386545634,-0.13444768581622432,-0.07995164845753888,-0.04432157657728769,-0.11167746337232708,0.04924517780142981,0.08444386695016906,0.06955287225450058,0.03412985521455955,0.007972113524341901,-0.07774818620293376,0.09334998252943438,-0.020290583447018562,0.06638540688332557,0.20213732913095786,-0.0694427688089612,0.058063178686880185,0.06846474164813378
2019-12-25,0.11722064052583421,0.13116337539378708,0.1109081038314769,0.07152711129829274,0.05562096931594702,0.13666034144739614,-0.031054712641532697,-0.06323853459789432,-0.11530723808319863,-0.042671425528738795,0.024496697016864917,-0.03614975893669068,-0.008802158518592606,-0.034562593189696095,-0.0977835033941533,0.009391113209436803,0.0017425783703927812,-0.0891852010489822,0.02896137064455632,0.012265996889142317,0.0059447566268584695,-0.017893918931623176,-0.03216392990837429,0.05146443785750867,-0.05179331933053175,0.07620697189207734,-0.10054768298631236,0.1338728512178686,0.10562173718673595,-0.016056134143509065,-0.029376076820266727
2019-12-26,0.15256741493850703,0.1964282394922261,0.2363373471880741,0.22032266091100772,0.08150325604379771,0.27231035977889895,-0.2276848950652785,-0.17570842595720862,-0.2339322659716431,-0.3422232845402509,-0.14554126759421868,-0.07244638518641537,0.0063910114253483965,-0.17153132735426557,0.08742929711985603,0.1656527563250845,0.013801711611028444,-0.026127014332432287,0.031466885239519134,-0.002480368868463544,-0.09609558187891225,-0.031523090099339894,-0.012568325735372457,0.10309135715929955,-0.005151174749555479,0.0997461087190667,-0.1757438790511128,-0.233377063601535,0.19515335577432216,-0.03890824135396153,-0.010294783581692196
2019-12-27,0.30662798996478074,0.1920552629496428,0.24251050976081667,0.15380912110915504,0.11164152416397821,0.08384892937959404,0.000850266762322142,0.053702955974277995,0.006503960276997356,-0.2146773757834549,0.10914644820591209,0.01642854282849037,0.0001749971906685016,0.11468195491312627,0.03680101839074997,-0.0033032711384861522,-0.07750071920205534,-0.007037907315062682,0.21061504543780563,0.1516669193529656,0.050705117972056665,0.019851036603725447,-0.024929213202137104,0.08822411226166932,0.1658531246991795,0.23862942084212546,-0.1728027479664024,0.03809789998511167,0.24917435112082867,0.1000124773268498,0.17520037825707163
2019-12-30,0.09388349065953001,0.03405969221668011,0.07398269561063316,0.05759554021033851,0.07238583598896367,0.10247279006814834,-0.1982386197293465,-0.07181813545365463,-0.06262495188593242,-0.14750914443940683,-0.11322468491020861,-0.1470836754550772,0.0842223192958607,-0.07404422427596698,0.031184182562899645,0.11860486904094206,-0.014188794559817577,-0.04888636000177113,0.09106881171450645,0.07882534008107023,0.07877943970798355,0.012371034919984944,-0.013881214223126314,-0.0009276638410801922,0.033981085369076694,0.08258200760457317,-0.037543061639012915,-0.13288782895092793,0.0829334471488092,-0.001583792818981031,0.054402614291460635
2019-12-31,-0.1426685020266662,-0.12021138460835307,-0.1482976400286183,-0.07552195921557138,-0.0696781076311622,-0.07269683101347685,0.010893509481225102,-0.008303702269581076,0.05309099610744223,0.33754456447201586,-0.2807321020484176,-0.1995940659675825,0.1232602885740051,-0.34121171255189064,-0.15982361729727027,-0.1709055372270436,-0.053954427330588105,-0.10769832500124496,-0.08033974855538657,-0.037261607740052494,-0.013201301479558392,0.006729304585195498,0.018091559509266483,0.0015957854103852674,0.01590856247555853,-0.11238344907598555,0.26420119247747964,0.2646375465807345,-0.13127760047545586,0.03492579172718858,0.009738940899345966
2020-01-02,-0.1316321581828176,0.012428507508088544,-0.0915804521854215,-0.0010638053694430078,0.01604402992927601,0.06280225001284598,-0.07711126341683906,-0.11104132735913841,-0.11502483997330926,0.03297411938311156,-0.050907703096403654,-0.11162212470085454,0.03603978681048682,0.026188296500841365,-0.1428878142655602,0.0408278578674346,0.03255628604766401,-0.023089442981068277,-0.15307263451832392,-0.12302690670182605,-0.10179066660034233,-0.024220359539123888,0.01625812073591682,0.054394193034917375,-0.0882112071540645,-0.10930440935984188,0.013769700224042222,0.06495384718948839,-0.10726638514205358,-0.02104121419036875,-0.07057471358166675
2020-01-03,-0.12241806751785758,-0.002836467598552042,-0.0835575335177925,0.0020806534384804794,-0.05759562458580743,0.02104905686689142,0.0882143086354065,-0.03526637287482697,-0.06205845140862748,0.11767193580899239,0.08682145189704911,-0.003520550387593396,-0.01261890321842046,0.17123605324583382,-0.21127621745121414,-0.013524116059949293,-0.003340868258566804,-0.08598770613764725,-0.12612279735803159,-0.07813001717604721,-0.09831383248186978,0.02199440700355522,0.020959835063909433,0.019329700035491573,-0.04800990567239633,-0.0897917520557638,0.016292644617886508,0.12925513412298575,-0.09045378921637477,-0.023005180131010536,-0.04251962210569103
2020-01-06,-0.0050061003102382295,0.01030576243265255,-0.017377907597752304,-0.028755645695454086,0.009903823691690811,0.059032565944462295,-0.13297580006657567,-0.06811109088351734,-0.024916530806049123,0.02471578872813681,-0.12878484408568033,-0.10876849867335556,0.15205347779594486,-0.11579044334353229,-0.018557152499721157,0.06577846163156816,-0.011671347773065032,-0.07921253659865513,0.007394966140108307,0.02877183361056586,0.10219125294630307,-0.027698160807965607,-0.013100554236788513,-0.05156497157843753,-0.008549591471018912,-0.008500606861624035,0.05189100323962154,0.0965951532000323,-0.012315454011560588,0.014045832754663229,-0.007152448343861774
2020-01-07,0.0027980997649719595,0.0043245633780012414,0.023939399159317976,0.03837176650932148,-0.03013277993302656,0.030834391953957596,-0.0625351373939121,-0.039758662018455404,-0.03341924347956359,-0.2273909184117697,0.05441391584889874,0.018536819646114044,-0.11419656639776624,0.08334688236680879,-0.012198015536513784,0.16196553317675982,-0.07024101117364705,0.048140805675585374,0.0016325637432386586,0.01309571294677238,-0.02692182889001397,0.02883263178201861,0.03459366886359977,-0.0781813602167907,0.06217862941288278,0.04051245740438656,-0.17910598419117968,-0.17380718138163467,0.020859580849997,0.0074529419196487125,0.07013947668839665
2020-01-08,-0.037763171978853295,-0.1486584692140587,-0.11338230914249611,-0.13442670877112609,0.022882097907226527,-0.03250868027008677,-0.12049552491260511,-0.05222597634206967,0.07126587402794453,0.14799700313439573,-0.25179231182910544,-0.14064959460815712,0.24921174609725721,-0.19679024873624104,-0.11206200161037058,0.02207629273117146,0.03498990063175119,-0.06565539302157024,0.06292048386141036,0.09980417634747937,0.15952979264843473,0.01000419541138878,-0.0008792865072488942,-0.1289512622926886,0.03599029335210711,-0.02692956625720601,0.07635164303288795,0.22480994453535327,-0.07441227324974131,0.045509010889820845,0.007264565313350056
2020-01-09,0.17220906748833303,-0.07127032591662558,0.08154070680526851,-0.048616179356159486,0.07073716767048968,0.03682485021629498,-0.20266376499898692,-0.08135716618103202,0.03503843298510702,-0.1633716553032017,-0.05956656566624733,-0.20369153689303632,0.17654139676731598,-0.06323750822930041,0.13828728003940252,0.1538059623737749,-0.00011206885682148961,-0.07770322327115346,0.21895109084538028,0.21569912330471458,0.14687219371478774,0.010918482693329772,0.015430931441366204,-0.1251850059210093,0.10331228627931043,0.13851998667058288,-0.12046145474736683,-0.06864458981967232,0.10860670395611118,0.07575834881854637,0.12450460392550286
2020-01-10,0.0730148638924607,-0.1476914154181462,-0.05543753525288265,-0.0712400172151558,0.0030135691314383596,-0.19272743212485055,0.1464886554455963,0.20212549306416683,0.2520276758282167,0.14984377705501387,0.05538623812897127,0.02897985615096511,0.044545572890025656,0.022497835914002864,-0.05930727808179539,-0.1255359824513999,-0.10527434509966915,-0.07274148505503217,0.19155401223502033,0.1932752232907845,0.07498643340417467,0.0730095418566641,0.03603661395354433,-0.08738459729019696,0.18300553472317024,0.07273341976304504,0.056524202033436007,0.2007082198584884,-0.0005926161681110769,0.15294221611847902,0.191593337278981
2020-01-13,0.0940962522184227,0.14603732618569448,0.1398931779018597,0.13390110841881378,0.077630630813774,0.20996082174335745,-0.10877857124271596,-0.15938386672402932,-0.21299129487208784,-0.13079691069697225,-0.12118174129132898,-0.22729605283143361,-0.0005566532632525989,-0.19467136207905802,0.041001198307909305,0.12182827989773813,0.058509953986604246,-0.047314794476933854,-0.012623853603137674,-0.029179686089895882,-0.05855471732600453,0.00547698285575572,0.00035524910365793865,0.0005366348717811643,-0.0828026811505948,0.03402477909493879,-0.11026201179708708,-0.08583388431417378,0.1169600240483162,-0.06067545609106224,-0.07890956282603853
2020-01-14,0.03663704094911331,-0.21315554944493995,-0.09957408384072329,-0.1768799218719975,-0.0004438270121613198,-0.19577702402401626,-0.03582720002873654,0.12743504040850423,0.25228697117615523,-0.003625886371302866,0.0602074233229256,0.1042593006347681,0.09596472857922853,0.059733041816154825,-0.003667299186287784,-0.04896892270840955,-0.11642331590110427,-0.04960718480489264,0.17745253367692654,0.19725133320099908,0.14425414831777247,0.054014837593072164,0.011944087834783611,-0.10158832287325327,0.17179166564100515,0.04053002795466379,-0.003691270909048775,0.09230147812081227,-0.03600221977636669,0.15754682312327603,0.19254625582035156
2020-01-15,0.0414547194483498,-0.11290879921766551,-0.015577373649375106,-0.0462866410441168,-0.010879808581728191,-0.1036625492459751,0.028201374651930317,0.07825889665794053,0.10219878916843089,-0.07087414252975725,-0.004828436752111034,-0.009561754975345463,0.041147079658820945,-0.05222758261772786,0.06344509807526016,-0.028571007397721754,-0.12196364200489943,-0.06055787886640648,0.13669728531168224,0.12489536233907308,0.06848099226947969,-0.005290596075515919,0.012890211770955328,-0.053707347207366064,0.16906954435564517,0.05274533484769767,-0.0024162846723862546,-0.033066157304798095,0.0038898031655931592,0.12205593478289113,0.1938725678626929
2020-01-16,0.14039410411822784,0.028451441557090763,0.08173973556200381,0.01981431579660859,0.08458788762330967,0.04079291383366456,-0.051528635468490964,-0.005901492432408158,-0.0035566087538857465,-0.1690808206835159,0.015809357881949815,0.0018322524347947088,0.041090225172884125,-0.060320430976830555,0.09431975776439279,0.03713818701697067,-0.09835817790487919,-0.03085332736366074,0.13731014888438806,0.11083826228681525,0.09322531986121506,0.026316235948478695,0.002283211025706054,0.018189191713079957,0.10166063982723324,0.11521887106941624,-0.1221589959842321,-0.03155820403294698,0.09260180346625865,0.07648600701840721,0.1162825001886526
2020-01-17,0.036134198311690985,-0.056505075905582215,-0.05323058715062743,-0.06064199576265861,0.007874498290966061,-0.07356784032007338,0.06450816818038833,0.06307546749134851,0.1118658469820507,0.058125271896284754,0.07649776581774075,0.029545589455209326,0.061594961165407504,-0.021010685682208683,-0.09024930559791923,-0.07784855198314058,-0.0472280076933207,-0.007590403279677902,0.06595345968121107,0.10103801887446681,0.07420642533113328,0.05882971941148415,0.026642805010437004,0.01059399275030632,0.06137376003009057,0.02221804618239352,-0.04237245065863991,0.20074379491163197,-0.02012460900977685,0.08932403496896267,0.04023964310986395
2020-01-20,-0.012242360706880156,-0.01888900091352621,-0.02733267093532096,-0.0657945557049398,-0.007549877051612106,-0.002573010811888225,-0.04702382003161851,-0.0443078094584007,0.0030024669087861636,-0.15233007776743496,0.1262838594109675,0.12741079257823848,-0.01194123960638591,0.1794171699093174,0.01580013400808058,0.15458282067896076,-0.03624054660233311,0.028089269500660496,0.017414186777182195,0.03593355629101494,0.11805006196489887,0.01089423824442785,0.00164635513810912,-0.07903186643342894,-0.01899423300326717,0.0005107468870344686,-0.1781762173391034,-0.06759746272199786,-0.02454001432252814,-0.012410755146370744,-0.03680423350692257
2020-01-21,0.032274365489098844,-0.07959379749804786,-0.034373709566578446,-0.06154805522178958,-0.0330950376201107,-0.16395717434958276,0.18024859060664242,0.19301839269873444,0.20830258981199062,0.10491103584583458,0.0456867723064725,0.001917392534082577,0.13170088731345686,-0.041499490832585,-0.1216779997098455,-0.13275390525094116,-0.11797156834851953,0.019242631219838408,0.06811879653209883,0.05788337495652225,-0.016825347644909908,0.07796808535672721,0.04157724940725654,0.04095547102148153,0.10107606523359815,0.03966506350882162,0.032425320952866585,0.20231775547427402,-0.006974779943554842,0.09181477394881897,0.14529657246700292
2020-01-22,0.06145455591175326,0.0803157757914842,0.06158393174635535,0.053793705607531925,0.07901041104130119,0.12125062067692527,-0.1181265319549888,-0.076946880769088,-0.10090634351800615,-0.2993673485317695,0.0037467944797274803,0.0725651422147845,-0.10071959223844522,0.10435504669433805,0.13116709751782618,0.15712044546224402,-0.026763375677915847,0.051533502774964,0.003142912817280393,-0.024216540694473758,0.011668027346130249,0.0049532692067406426,0.021080506389340895,0.04293256508057655,-0.041239987067057095,0.06577488992337871,-0.1963966581155722,-0.250112053225249,0.04694832143759948,-0.04404950401779827,-0.06383112269160579
2020-01-23,-0.04064567823897225,-0.04417537439781243,-0.04122656736228018,-0.04055339676485703,-0.004972072032252852,-0.07039991319588004,0.058693459061028116,0.07717612225641965,0.07036063670072637,-0.1048175557321241,0.14338491461408703,0.1267584074051092,-0.14904234065755112,0.1479039868331477,0.048165027137357666,-0.022025304066657363,-0.11088361141196813,0.04054779638829706,0.030945400631638788,-0.009986658801489327,0.061395195399689594,-0.0016348281144430595,0.0026611540824145246,0.018786447266481394,0.038074047524981273,-0.04197745213935543,0.01364311770757973,-0.21996577487084942,-0.03932644823207301,-0.023561903502218186,0.02479254234497171
2020-02-17,-0.26634292268087767,-0.18425691366244523,-0.2678862114080784,-0.15705646730317943,-0.11745875625689566,-0.0939055241695904,0.004755421451051304,0.05542186482857258,0.04524556257964101,0.33868408012541745,-0.03129530303831467,-0.05765868055646082,0.09922572217657387,-0.0003320474496594247,-0.31132839903144327,-0.0017419210470141831,0.07330460314403334,-0.08189195353521242,-0.159392342972436,-0.05219921416821647,-0.004221742301422459,-0.005879500524526225,0.013486135980657878,-0.14907580191941402,-0.13340994961927788,-0.2102514529509201,0.24410611583409278,0.2628324068625621,-0.2575934508805132,-0.022005806063079125,-0.12309852012711406
2020-02-24,-0.06305807871823338,-0.06117668113938654,-0.05642519228003059,-0.054359081747120036,-0.11956709065049527,-0.19531712708675286,0.25652536908131823,0.2136027978306171,0.19334273710833508,0.1282723159067663,0.19033417235782243,0.12428885715804298,-0.1308777584821229,0.21959395497598597,-0.03153363949087379,-0.14266615700041113,-0.17689684851719445,-0.0455332061361318,-0.014870057915329016,-0.013120287192933849,0.043073226686026506,0.044484918087219195,0.03985557676710783,0.019066796623285868,0.0744393603277837,-0.004977158206187718,0.06178004770633051,-0.008880798261865134,-0.04954229250105508,0.006496498147425604,0.0416894367257394
2020-02-25,0.20186004326214757,0.4539300438968715,0.3204186518839987,0.36279650366668,0.30991808830681145,0.5480083309566476,-0.5427640991052489,-0.5362188111143751,-0.5120876271943925,-0.4666883511030526,-0.44477266336350596,-0.37879642959776116,0.15985190280016048,-0.4688053586983864,0.26100493966954585,0.29556778530582645,0.10099704350481699,0.05096853289546974,-0.09488866059029652,-0.1742351485072867,-0.1664532745272729,-0.046172860701741744,-0.04736409280323563,0.15751897508664087,-0.15510819932968975,0.13137389026679958,-0.3246457355375352,-0.207061480693055,0.2536847289419633,-0.10876900488749831,-0.1910268914563658
2020-02-26,0.07270657032917974,-0.015336538807960131,0.021039874636399426,-0.0003120072127276157,0.06985231103724777,0.03954121494205078,-0.059492879833411526,-0.06456270386275305,-0.021089186530809722,-0.1335761462662884,-0.039803200452666984,-0.1442717567934536,0.09996595000113564,-0.138941059179499,0.030892991078285817,0.15028824796462734,-0.013455649839018103,-0.06369370378842265,0.09883395422079069,0.09741552692556651,0.09006254428204286,-0.0032650969382441463,-0.025481045850635046,-0.11780717414454575,0.05186314460831307,0.051689420093054286,-0.17943339571462802,0.0023219649938948355,0.0338944924856173,0.07878226349245324,0.07838269434913962
2020-02-27,0.22943721488753163,0.19038942247090088,0.23033781312569948,0.18227594360461363,0.14247794710909345,0.19357520503970077,-0.13295541841124295,-0.21225293125031885,-0.12222893341954104,-0.40456619098841345,-0.17916834721452987,-0.0024604532390289638,-0.025101135505115123,0.1379261109679931,0.46720826196341736,0.17640271507440192,-0.04419573337391308,0.14456553131118938,0.15466326478459985,0.0527159355939531,0.06120125379036146,-0.007874731412491539,-0.016663780921500195,0.0391615413729099,0.08845398127676998,0.1971236027421126,-0.2747176330066076,-0.48143520541636387,0.21641439533947757,0.028366302173476392,0.041360958726991824
2020-02-28,0.07587206747145635,0.04739664825237721,0.034091351589043487,0.06588806045973342,0.059405052452951454,0.016017098557656952,-0.007914544573080825,0.0050146203041611095,-0.004859515160487145,0.11261140277757462,0.16877464506236162,-0.01774837341595886,-0.04002826243428511,-0.04811148460661446,-0.2514951358851093,-0.07640107295361441,-0.044424272089548064,-0.23633358367908563,0.01910552410422079,0.03590434819411892,-0.08035702722322056,0.008743983445585959,0.0012427634593350546,-0.0008984139179302832,-0.046083123902041855,0.03755678278469895,0.0054964050410943035,0.3160665092357219,0.0367432906735881,0.06738301988741388,-0.017071325017099914
2020-03-23,0.018690388020711584,0.0063163027610852905,-0.007734532328263609,0.016280715958519223,0.05045790160055,0.0710553698692783,-0.14609548785864326,-0.10260085700634394,-0.08328214212237728,-0.006318556677839788,-0.11036859857390999,-0.0014439275201961425,0.1288413018289986,0.053866261709363136,-0.08395650888208617,0.033578675982952486,-0.015226327549897577,-0.044418099131631195,0.036206383360833184,0.04641867754703108,-0.0020660537344894246,0.02197011623124063,0.00328682782945809,-0.011585986904239442,0.04443768955434467,0.011143575207118377,-0.01767830168662456,0.17196569393919542,0.0046437503036403085,0.06140131725364269,0.051377668743161145
2020-03-30,0.07303066518754187,-0.0448171872831627,0.06145469374498197,-0.0032546211072484576,0.05510417104405196,0.04840674576218089,-0.009380366982203337,-0.011023845010516817,-0.022170501398003774,-0.21496337795734508,0.1451651309151743,0.20674049083712215,0.023940105507111294,0.14391213135360273,0.13174382611091273,0.12786971490081453,-0.029716816511260388,0.08649551021145716,0.12701470097805276,0.12777307437312246,0.019504168011522324,0.029981554814815133,0.003753861902499728,-0.05722795509783717,0.06942660558515036,0.07843951179780645,-0.180917979317733,-0.12527820168314452,0.06563573290025264,0.037599761343751995,0.07404792437852524
2020-04-01,-0.12394778704136405,-0.180563597424516,-0.17571547480244507,-0.17076452019068425,-0.01767700403523302,-0.09709047690076124,-0.08246229058875937,0.034658528479709086,0.09605963011354651,0.33062505204241044,-0.32134821961796556,-0.4689118539873709,0.15116919010303206,-0.1542789553992156,-0.43226412166093625,-0.09038611772242967,-0.08999658663315234,-0.46112912708805603,-0.029035716080258615,0.036411993916138786,0.023100994001287158,0.040637390193851666,0.02491528279134832,-0.05633534444125155,0.055011251328795294,-0.11299577880582062,0.3253858880180314,0.4124289167794119,-0.20270938286603446,0.14362248365167024,0.10128681170995034
2020-04-02,0.016525386231467782,-0.030079756892200826,0.018731050537478842,-0.025138060834041714,0.019831561551738926,0.023861592942072785,-0.03913744848410055,-0.020466864548004882,-0.016435613565908398,-0.15365000550641464,0.09434726720396534,0.08259473809238853,-0.054789027240780566,-0.10536948492136027,0.25010265885752764,0.11490437012587097,-0.02429046814524039,0.05434335152982694,0.032258376416107064,0.03454626917631847,0.055616277508831476,-0.04026398912499719,-0.029998057539144307,-0.07090266745393164,-0.04037855982650135,0.011698484439052454,-0.13755948433447754,-0.34832824223397757,0.03789548496777859,-0.06665059043741753,-0.046087911531292804
2020-04-03,-0.14699497889699528,-0.1647528715323149,-0.17406681444979138,-0.0915534474413718,-0.0774559731230184,-0.18171150866523353,0.003993181734319096,0.14736908643967114,0.1562734965539568,0.371743608451474,-0.08616820824853526,-0.12279554743403932,0.09533594323792126,-0.0641280360497498,-0.22856940888691105,-0.20472460577486162,-0.09695138204327661,-0.11058410480279011,-0.05868111296567532,0.023335992257698595,0.03391648253557947,0.031132575236373704,-0.018760137265280166,-0.05910970205396559,0.013705423743828828,-0.09579659881507845,0.3053822330414968,0.23289085162141082,-0.19437314657064048,0.10275999844231348,0.04880592597926766
2020-04-07,-0.10187808964757389,0.02862464075309443,-0.07598795697380267,0.0028909548110220068,0.038856315780780644,0.10864898234428519,-0.09933141429187715,-0.14074861882768527,-0.1451934351530643,0.0007352860279206043,-0.16611456453639706,-0.10903662691178918,0.04895507851792543,0.003587616303477759,-0.1512530579720656,0.15778436297280662,0.05727246895311244,-0.060980504665895115,-0.14714434616528893,-0.0869004192817718,-0.031725239991786044,-0.018844027377645695,-0.00663220373372416,-0.03416884590421835,-0.12113729728879175,-0.09288275690657305,-0.08618703655895217,0.09496602697151714,-0.10278589838918224,-0.08871537971738465,-0.13587283223791186
2020-04-09,0.21962962891696883,0.19420238907694048,0.23019630666813548,0.14595473048872792,0.1430608513484183,0.2088976890507776,-0.05635231807168099,-0.1499247709115782,-0.17675982895226192,-0.44500502666633907,0.0558065551869495,-0.19080843605973694,-0.07915026379227123,-0.008096551783843404,0.31189714898006526,0.18077765316045097,0.01853030920463965,-0.1186570437705455,0.1206814623941353,0.02055234152132852,0.01571806031184923,-0.009084132344226437,-0.031135455261993596,0.07787990169988211,0.08770569990621549,0.19080573577438945,-0.35478020335978083,-0.33911016522646903,0.29383680792205535,-0.06387893352296099,0.033625494781286916
2020-04-10,0.1600461677139835,0.10182967518940754,0.1341728923142612,0.10923474194874677,0.0257292063879451,0.023563839272506003,0.13152297947801855,0.11144717119183667,0.026434340431710245,-0.18167151509480012,0.18187944628088418,0.11698091393440536,-0.0441396711912267,0.11443927065624608,0.27164676176529456,0.04688842760990316,0.013854344495846809,-0.01286689835731525,0.1146899709860615,0.09295012732323131,0.02335975150393105,-0.0061219089664612605,0.017714891229730693,0.00927431494280045,0.020020143621318164,0.14032061704338483,-0.195983375462178,-0.28870039540956083,0.1846626066370436,-0.00017755914261419285,0.03096755880101331
2020-04-14,0.08819510715064023,-0.05186753250884197,0.04617932167585512,-0.02900708108894076,0.07802996087500481,0.007968049683367309,-0.15268772677490813,-0.0006608338796243309,0.05929693881058373,-0.11994833921471665,0.030868865588020458,-0.009723264161785412,0.13240839328484913,0.03518055693950631,0.059651230509836804,0.04952930377190768,-0.07918310801403869,-0.0688127597536217,0.11636662869028461,0.11902070355202767,0.08767138051726145,0.030559561097629414,0.029016933284664752,-0.017563993292170742,0.11329815957241383,0.07810832603607148,-0.03294799288798911,-0.14663660497763817,0.0743198986149614,0.06903722153650217,0.07929807786057877
2020-04-15,-0.009617049567747773,-0.07066305087802226,-0.0695269479673222,-0.12786652261650586,0.016622068189762588,-0.03312670337868781,-0.07880876598468958,0.02266169441924845,0.05934991851051997,0.031233893451586045,-0.06819733621554075,-0.05948527011557763,0.03511580159107343,0.06190159317194578,-0.16418149697790554,-0.0025408476639178844,-0.06842910776975732,-0.01651024895305483,0.04372325742517987,0.06822000968436905,0.11656352041965963,0.038947151510121986,0.04024619434457508,-0.02301499209048881,0.06729456494818702,0.008601337032123273,0.007972466413447437,0.17376008331762213,-0.050640261547995225,0.08628648481560927,0.07028203855260728
2020-04-16,0.16549086948804698,-0.018747573836105272,0.12952404299582976,0.011237993112491048,0.11574390883244752,0.08412679735462475,-0.17321008887645428,-0.11263527217026228,-0.014690842813258932,-0.16421520384109098,-0.12388833441940061,-0.08913082115508786,0.1384576073649115,-0.1468909890171411,-0.016177399621322915,0.07503368187357551,-0.034945890475449964,0.047823332961743674,0.16901800043779755,0.13521394862372782,0.007999685261442617,0.017687200343778353,0.0023929070345681132,-0.01393620315080856,0.16210782251150752,0.11436713983183036,-0.04569866818864338,0.1110819364046726,0.1677552433074899,0.12645770443014306,0.18455373974931505
2020-04-17,-0.006657495018991748,-0.2197373167794249,-0.10219900908657603,-0.14519477550925258,-0.027031676368348873,-0.199502729905529,0.1023828686975054,0.17444882796844965,0.19463599557802974,0.1833994342860471,0.11111065448004372,0.07501997443959912,0.009081632049224823,0.1087622914119368,-0.08205971786052464,-0.052634759006763614,-0.0741278040880519,-0.028635828188038434,0.11466435021403054,0.18443706964087497,0.11652112587709763,0.04321797825051132,0.019137367883983066,-0.16384996398997237,0.06136967514279847,-0.003287346767212853,0.12453048240398315,0.13944581267392858,-0.0427880588554793,0.11269267381963359,0.0947094317475567
2020-04-20,-0.03640832435048498,-0.015937710386007973,-0.05125317815601189,-0.01725047866318014,-0.018991802982422614,-0.06241804658204014,0.1772987798784784,0.11646070616681373,0.038218058540361005,0.0321437453553308,0.016369040692853144,0.01537272381691763,0.01567073065469423,0.08691369298297724,0.013456482797061,0.05647138753794127,0.07903536936414618,0.017783799011005512,-0.033730701096128635,-0.023756792331823356,0.0010927881484280029,-0.006335013205255303,0.011708957350634474,-0.07313009166202171,-0.07922358611943286,-0.040427619598612276,-0.0842144422298385,0.0037877085666015503,-0.030574933291537577,-0.03606355797158846,-0.0627973992129201
2020-04-21,-0.04317052064528775,0.0038785126355404573,-0.028592621024727677,0.03708783421947161,0.0037056393821351154,0.004973145264090515,0.037438107655586285,-0.00996351030528684,-0.013349397956920231,0.017263114272326154,-0.05550036757084924,-0.12365834237658747,0.07065987954528154,-0.10268384071635912,-0.02958242783808092,0.03869898161743054,-0.020741500634839576,-0.07577413708920831,-0.02513563852912082,-0.018405740941347677,-0.050444159203454735,0.0006584344363345473,0.012529003656510806,-0.0376028939161005,-0.015846748252187518,0.0027165018206989204,-0.030808517449751466,0.05286724577649303,-0.05512271146904263,0.006529642221010013,-0.010655411346992523
2020-04-22,0.11189325985512547,0.11143447680211405,0.13717230713969436,0.08336623856593207,0.08778667847894595,0.11389699056289536,0.16054575129278498,-0.022615708240381515,-0.12646339874347254,-0.23965993301986188,0.027149977590846464,-0.1183169815555438,-0.008626948559463884,-0.05713599181692613,0.2047477625214786,0.13854127974900898,-0.0386552426331086,-0.1504458829198732,0.051762049050337766,0.04318712815183355,0.003353220491737101,0.0002843166313082244,0.0030069955363864823,-0.013150769621098785,0.008489628736215747,0.08644185886712542,-0.23170837681688014,-0.2619420557412323,0.12328746319378275,-0.08127090065452962,-0.023894607395124907
2020-04-23,0.15976841920624305,0.08888092756061051,0.14403200787080278,0.09358264167200894,0.11302830979128872,0.09842159011413099,0.06153201257485478,-0.040250381463212775,-0.04161628340617952,-0.33471237455850644,0.05059996564398781,0.04248295266285444,0.030394165491104626,0.033513800296500126,0.14291329085656534,0.163742784648994,-0.038683751805429455,0.011083958429476157,0.11353038689384591,0.056720363669187354,-0.040916438565791184,0.03820357390921634,0.025582944483542126,-0.0006012320183201082,0.10664394502052857,0.13414252207184316,-0.290089987655479,-0.05355073502140949,0.17804895711347465,-0.02118558190302707,0.0734542511485557
2020-04-24,0.18286503037097404,0.025866938337162942,0.13058999033907992,0.030974519110507182,0.10547039599710593,-0.003866391843833897,0.11893261278715575,0.06606258927110883,0.04863770766777281,-0.20075201381384616,0.05293118370797326,0.013885060685766028,0.03337339448765979,0.025977963065423486,0.13993938366412445,0.04756929359468954,-0.08602072252048923,-0.04642327532780561,0.2074377214123074,0.1288143862911982,0.03610813881916478,0.06728993614041408,0.06373594834805943,0.018205850873462933,0.18867904169890146,0.1476806183082469,-0.13320385399554624,-0.11735682682230698,0.17968456407207056,0.08398801034457701,0.13553373518796613
2020-04-27,0.1757023017367133,-0.08324956836132509,0.08311782709386199,-0.06645976667152151,0.08578771005352605,-0.1003991926422537,0.05985667204766705,0.09313717918749834,0.19188224538411994,-0.22540097964053032,0.20660586933747999,0.11502356298982959,0.031287537160160986,0.1872859714089865,0.17829798125325788,-0.019164034286021224,-0.15348161040500097,0.0763533222756451,0.24972037526871568,0.20669849820548736,0.10962087430301323,0.08465820328703409,0.09174157771564186,0.043874087982365646,0.33529883663253196,0.1646768495029927,-0.0630912296233642,-0.020659235595176927,0.16301954408816507,0.19686826063127175,0.30628929817784806
2020-04-28,0.21447756132631493,0.12855191215168416,0.1607187465930563,0.06096920148864647,0.10157475871941297,0.13105695764492953,-0.11356071849827191,-0.11017271951760024,-0.06899859873630071,-0.17428176341977644,-0.0118597670167768,-0.015068832314168721,0.10034695133785587,-0.022275171514179685,0.030692668951468317,0.06629463421862246,-0.024457503927045845,0.007251182510854908,0.16189211408162305,0.10494093496744503,0.050469664427069995,0.10021988691499423,0.08763241023380237,0.020460160753325202,0.1100767656054051,0.1310398636595948,-0.08422276382068225,0.06991668326299083,0.20809539266345678,0.045283899151198216,0.12448554866829604
2020-04-29,-0.06794336922903706,-0.05550731116029674,-0.09414448771918545,-0.0753551965032172,0.0543158180368745,0.11948867207607602,-0.41976808800755133,-0.19315948661925367,-0.03298321264380713,0.13008642165506443,-0.1823667997057751,-0.25834091145137655,0.11135380644734318,-0.1285483558680218,-0.3480629788528346,-0.04127038461317529,0.014018445121878505,-0.2056052107933876,-0.03613054505056255,-0.006682697752269181,-0.03645853460213176,0.030799786592450962,0.030203657213179518,0.032171340132535226,0.08079760383029164,-0.055473886943331066,0.20623415872344406,0.4708910903272237,-0.0910569550673154,0.10316216710059278,0.0590240289795807
2020-04-30,-0.12926666166539758,-0.21646236323034354,-0.21661937413199148,-0.16574701251109067,0.053717860663949346,-0.10822054921757064,-0.09821232375125266,0.0836812228700767,0.15406218811739383,0.3315930601793929,0.05866727252352144,-0.10444208436693574,0.05015510507786043,0.017651173282720804,-0.3295678775219206,-0.11278648609684665,-0.03258763381611597,-0.23478447168338692,0.06354878319808818,0.06742985679871061,0.04491337588578843,0.11459867592580675,0.10374683816761635,-0.0460994435548343,0.05077536706243148,-0.11393086419432157,0.27602019967666386,0.34498982626033153,-0.19674758789688293,0.16294220017712782,0.020310474038256164
2020-05-06,0.06644034317032034,-0.062164927782400466,0.02655504361096498,-0.047805361390950325,-0.02337211641700775,-0.0237294130156009,0.11814864164865255,0.1047196890321432,0.07926086824404063,-0.06923898177416536,0.021503519564936405,-0.035921529554187044,0.009608868931939638,-0.08339974302288905,0.10415804707439034,0.0819391573188227,-0.013277265043135526,0.00028888316401848427,0.12026320424092615,0.1252462378385333,0.08660797571647606,0.049901753469333024,-0.0004661979566375879,-0.08131561255571712,0.06700260446449587,0.006031849808630957,-0.10064250505968016,-0.09793564246192153,0.05051392636628958,0.05613535892991206,0.059465445602478774
2020-05-07,-0.032682566095177855,-0.07330290021868954,-0.04959272156857,-0.06582266719437745,0.0058278192048842326,0.08105090540094406,-0.20676678320531033,-0.1500617689193556,-0.0561692599643811,0.00375935559057624,-0.04056432991382287,-0.06623044076885116,0.08118603067277629,-0.03676027658080144,-0.17886438981520675,0.027524656927025534,-0.05438917878799795,-0.08054364952992028,-0.02587399546868927,0.03242860817414706,0.03447811662446666,-0.03579048148705205,-0.040964487362767726,-0.050352072132936763,0.058404858975283046,-0.008850560943678618,0.052741992355509505,0.2528850673121187,-0.021788014273282932,0.02232623137473918,0.042886632972406497
2020-05-08,0.12510195700627938,0.05147817126422804,0.09229003914379907,0.03193000239374894,0.02898750228682638,0.09430428242201218,-0.005512095390872408,0.0007788464693876858,0.0011921293541660117,-0.010502639654633075,0.039225384867232135,0.06370348108440015,0.04767364320409307,0.028856619006904057,-0.027126694077387166,-0.017637886962640584,0.01579546914099123,-0.02267390689173587,0.05386167824813852,0.09674365633371275,0.007573867656273099,-0.01473359976165812,-0.016442640009953293,0.0014385808708607352,-0.00507794722120702,0.07955445070305392,0.010064146762586205,0.05057456763908714,0.12487112564434394,-0.005905377594966449,0.007734733908609751
2020-05-11,0.035104362963299,-0.18991002117024822,-0.055405583532064186,-0.1687112914891406,0.0030784127260683977,-0.12107913597009513,0.18849664148750633,0.1586786780348452,0.22125808451975937,0.00961566596699427,0.10224407128726168,-0.019151807262089787,0.026515799186898965,-0.009727980519869124,0.051038179389375514,0.004405248298455602,-0.04744686403227407,-0.012621917910848726,0.17325477133663764,0.21027655261782366,0.1340949762131002,0.052753010062189756,0.043246242899385876,-0.13778168953802006,0.15334190953410884,-0.017157788049383806,-0.010346872456479547,-0.03859922387377753,-0.0002790550610960434,0.10718093091250977,0.10522829930409688
2020-05-12,0.023416146905053493,-0.042435365277408064,-0.002737828496989998,-0.028854872915960176,-0.0021319681544603826,-0.009787777759871576,0.053623893463296594,0.06583226649591134,0.041039459501546076,-0.008257843588636456,-0.029419419831168234,-0.012027973330757401,0.07014893154063605,-0.055109227208676136,0.005831426379345663,0.0718325547831878,-0.033730224224396255,-0.017449840518867048,0.08980577084303891,0.10143771244596794,0.10119944471892899,0.015593415650181425,0.0027578075116557084,-0.13702497020704948,0.04076461145882187,0.03058994581708204,-0.012219021598564651,-0.054366830584344224,0.01362394134854537,0.024509038213694784,0.04091364469463381
2020-05-13,-0.08350278060754618,-0.04810033082976366,-0.08623807133710742,-0.06429603211299607,-0.04993122054652528,0.024249212504361125,-0.018282195729048774,-0.05929302836796782,-0.09259759383918335,-0.11141271330901532,0.05701383253194311,-0.01087240049018993,0.014122138194776996,0.009118758876652061,-0.02623624287356096,0.09770139214034632,-0.04295452945573032,-0.06362715816570996,-0.06962632148323103,-0.033512498600514376,0.008122023986580258,-0.015358526521774642,0.0031778007519536423,-0.055607917813016806,-0.01897844634080531,-0.014426781414130186,-0.12543781156149636,0.060369580727556695,-0.06771743793081,-0.0010282510673601288,-0.014408493590481583
2020-05-14,-0.018407810315431424,-0.01571844746091266,-0.004667118568061176,-0.03411508955796407,-0.018097761386675962,0.043595096247213236,-0.003773487263804166,-0.02399935277331737,0.03050151232045572,-0.005505112585175535,0.057420952150423255,-0.03258044518936823,0.049053821921927795,-0.03464601812229287,-0.09783742796662237,0.021741730328612156,0.016531099583031887,0.002511292114597262,0.0009847914544947641,0.011397187728701269,0.011798761774456372,-0.010278932966939252,0.008828113405442041,0.006085240879320551,0.0146589318207383,0.03292826601935799,0.0006620674177772395,0.1299348639584911,-0.01528651478855191,0.037967567612542885,-0.006802818931381905
2020-05-15,0.14104172698660888,0.11370351155335093,0.16510385040449096,0.10907747640119753,0.014676769682759092,0.11753111029826427,0.15038662536458947,0.14809243766082728,-0.03579082820413477,-0.2217435114849135,-0.01886350462375698,0.025033053197326294,-0.014287201448007528,-0.04994301815421033,0.15708885649287055,0.07900283122263808,-0.042887083427488704,0.01133699093282159,0.09887994047421747,0.05871686026454251,-0.02579207897229049,0.000679523612371226,-0.022994068071743125,0.001895027397601173,0.0701842016519607,0.1103685976383361,-0.2589196930268959,-0.2697362469731049,0.14559115255109908,-0.027172073092669634,0.050758950575044134
2020-05-18,0.007227920211929244,-0.16515177319404412,-0.06274058565032996,-0.12390377647396666,0.023848863997428138,-0.05899604061199422,0.03590160914859044,-0.0323865437186395,0.12330510208831275,0.12635359924843037,0.09519789173080033,-0.07976987062720878,0.12101426462803733,-0.1326096337880085,-0.12856985275151858,-0.07960737713985523,-0.03803387254274889,-0.16160649591100723,0.10567959805771078,0.15125783970328546,0.0975906105154785,0.038044295029658066,0.04368053525278672,-0.11875929959918974,0.09338836491903317,-0.010829477239714766,0.12040955901619423,0.2426739558253032,-0.010374985096838452,0.08735878975455869,0.1037250994731571
2020-05-19,0.037877146777572306,0.11410343134058785,0.08419561401400162,0.09305526961924324,-0.0030518505119005203,0.11911737167515611,-0.11216635009765455,-0.09067770918046544,-0.11404255850161586,-0.18334327863080346,-0.05361659024314356,-0.04418280643752118,0.0013579700054067916,0.010215211376857021,-0.005555537078786661,0.06544236974284676,0.08600086796343888,-0.002837192310904497,-0.07007631130948157,-0.08197191905711886,-0.06705523385101934,-0.06280917339362667,-0.0468121200755474,0.03855983701179238,-0.09223996857981798,0.06055810768306136,-0.09692353230296735,-0.0791783316645898,0.07398411339911813,-0.09742533722697704,-0.061021171496986236
2020-05-20,0.11493004074600348,0.15272175016125153,0.1347763453102116,0.09838795203004388,-0.025339938383503076,0.13701949073060696,0.031705855058636795,0.0625331298359194,-0.14799331553433293,-0.25452547480789006,-0.05754447884816719,0.0325469877663515,0.023283069592560084,0.0067585080897277685,0.1155487038669601,0.19246263731061317,0.06564300190060872,0.10258433571805037,0.01813559959022558,0.012745026127491912,0.014390352698628543,-0.03173802536422469,-0.04859820285814531,-0.030930242076763346,-0.08622230210198102,0.11464169602099769,-0.2920211520403736,-0.20057134858423506,0.138123949430532,-0.14571754274674303,-0.07511665561104186
2020-05-21,-0.04013454500519197,0.09433981838575292,-0.0015204571136442748,0.07224617186553643,0.019846597542724987,0.10932303687165439,-0.09040870436884095,-0.022389196545157024,-0.15973816139788727,-0.1663471329163059,-0.08363876636390981,-0.043722322242226566,-0.03304402234243689,-0.06814345294501907,-0.0025900129602124187,0.19030010786480708,0.08013923753957965,0.055889205237487444,-0.1164773190952661,-0.11573966334796704,-0.09881912663348653,0.006147243033979857,0.0023598149762019665,-0.024466681347539897,-0.11995018516458024,-0.04452023703454921,-0.21211166755094918,-0.07114045984665456,-0.03306855879545781,-0.08960969228717913,-0.11163948704451071
2020-05-22,0.07928046407766415,0.05832952117157739,0.07880556095480562,0.03719701995254036,0.001906654516747607,0.011273153622826415,0.11642504551417537,0.18772331041670648,0.026384112856017557,-0.12558208841850382,0.02404327418637397,0.06867787372889803,0.0697081962511343,-0.026739529917721883,0.1057290523107613,0.1188226111506663,0.02667612424055451,0.04496991350923017,0.09117888738280433,0.05893339743983618,0.05980877743424999,0.03808878576349634,0.027009732164009714,-0.06319964903796423,-0.026254298534373038,0.07802097776369284,-0.13158658425283626,-0.17754175903332028,0.07096096394687965,-0.030275872497273506,0.003799315015216751
2020-05-25,-0.1299827540403894,-0.22186441416614494,-0.19510387165200482,-0.1726453319662199,-0.01277381632325553,-0.09935205618048702,-0.06038819799612349,-0.20160478442524024,0.09539960527444635,0.26657410735550763,-0.09920909456098535,-0.308021934051602,0.04798453824441727,-0.17375379367173704,-0.21328261922042746,-0.048193103616076365,-0.0815900995702388,-0.10568461197648732,0.005429076041059044,0.09213871826605606,0.12478789444523171,0.02302259706455875,-0.006267589600736987,-0.11631950876600727,0.051382764108385194,-0.08794101018140643,0.22651664454910195,0.24316787700144712,-0.15271344777476084,0.0811124129253036,0.0347080606054153
2020-05-26,0.04292535778422429,0.15429906525133338,0.10312517478175579,0.1255270387183158,-0.0641529580630046,0.1502636529531309,-0.04980560927999882,-0.043042144014958414,-0.23584770640834668,-0.19711595628067896,0.04849777585692815,0.15230574546844836,-0.03337520679481929,0.07157853873204088,0.08500145245147045,0.1835420885402561,0.039329813784220166,-0.007704760389678816,-0.09869715063677965,-0.06831864855181997,-0.07573740300983192,-0.04935924471659464,-0.03687409794779912,-0.04681353499820833,-0.12022934853134164,0.050900880445202586,-0.2013046157404231,-0.11441783496398887,0.08579490422273399,-0.15367037740811282,-0.08665714979872723
2020-05-27,0.10694765300271174,0.1168505042533209,0.12671948990167994,0.05889178637203406,0.04177740155814085,0.11404115518359449,-0.01627375296602352,-0.05294874076323561,-0.07107114861093113,-0.2147254243825754,-0.055219420148104346,-0.04471847985612915,0.05401027709072148,-0.08510383406604037,0.02047436684750354,0.029698183522159236,-0.017039806916725006,0.04510186812521787,0.04092746389667241,-0.0198774804277086,-0.0523859514483777,-0.039311520639907276,0.004926537799225968,0.08112897512625104,0.07154302381243799,0.08826090636155755,-0.16555362917878982,0.047949977944084246,0.12059171927573901,-0.0010471310965831622,0.048618669944846406
2020-05-28,-0.1037274794995483,-0.08009797828560106,-0.09700492750735275,-0.04672299848426328,-0.062313038138404137,-0.08795459381033378,0.04101100095567238,0.042596334591201226,0.06844225663678759,-0.06265882948574814,0.046637931309678075,0.027561964241042673,0.02246625832792791,0.01604274113987625,-0.0010317397053883608,0.11343913681938744,-0.11224759076481411,-0.018212867495102824,-0.03233782288186623,0.004442787629090736,0.05155337054534815,-0.02514612001739522,-0.026105493012049095,-0.11879775079798714,0.041721567149693835,-0.04498292768539072,-0.05893518327120016,-0.12043669226417791,-0.09707222150478616,0.041912421557864434,0.04387248658750848
2020-05-29,-0.06781722906908266,-0.1394607404066254,-0.12230369804074069,-0.12499112662311784,0.05438129550382646,-0.0627274437617931,-0.03942795002864085,-0.21026048923209498,0.13448695571102523,0.32630791348554056,-0.22984926030282374,-0.28044140416704216,0.14634950725216014,-0.26057078984827,-0.3206846649552814,-0.21604877253777788,-0.09422102314289672,0.012757452942637667,0.034097409949465786,0.03796694646848684,0.065163634218484,0.03735709742865729,0.01930897217465463,0.040009178186081275,0.14818866977459785,-0.041766180079105944,0.3607251508488226,0.4132761434484779,-0.09297265181560195,0.16912321037266154,0.10441173737604487
2020-06-01,0.04362767963649604,0.180766539071656,0.08502936473069482,0.1390708568452967,0.11272704828467507,0.24367642529388645,-0.218886010673743,-0.25967291821981714,-0.2569026071117416,-0.05511143846931941,-0.145402662122704,-0.14111294189537749,0.04521571354878727,-0.007505301803074373,-0.03724968499387998,0.0891409192270682,0.06616224691939518,-0.06663250204072756,-0.09038815168671696,-0.09424782251493481,-0.10514781229005855,-0.0014416432282153419,0.023224298379730234,0.05481621668289188,-0.14176565238091726,0.011540861997263873,-0.0367530025518135,0.12490248772891403,0.06602630363201316,-0.0983091582915744,-0.1370031238237437
2020-06-02,-0.0986769626962392,-0.049491558922573654,-0.09705008269275803,-0.016478168654933557,-0.008958381766306686,-0.0728056601595793,-0.051421304426153655,0.007890723837595596,0.009153455195308646,-0.04911707322896356,-0.09937608194077946,-0.11055526739878152,0.05293642182661816,-0.0867662879083652,0.006874391003573166,0.0982969539849981,-0.08060235588156647,-0.10218315373356898,-0.040293239298127316,-0.060400311525728424,0.0070071507327525056,0.016388220449923777,0.007256017524753356,-0.0449180797302433,-0.0519707571698134,-0.05997353129854701,0.04928909060307731,-0.16775225868192098,-0.09446766736085933,-0.03711775754705991,-0.029577280728967432
2020-06-03,-0.027715386971429286,0.039535685607753515,-0.0036126768952849326,0.02277084345335414,-0.03710450933135204,0.027442428653413634,-0.029875478580052968,-0.008887832574354729,-0.08637001528118976,-0.10796916614788624,0.11121533141413305,0.003404957615106807,0.02048337069515214,0.02740301282868251,0.01932456134866299,0.22095141640083008,-0.01900193615605646,0.008371939257477723,-0.009137234135902204,-0.013877439883829152,0.021226615568104724,-0.02827998975691803,-0.04636780522025286,-0.14133707632176518,-0.0712787857505439,0.003052546767581485,-0.17204426345909768,-0.05923140663948388,-0.005645852933393616,-0.052353238345369923,-0.04315417800621446
2020-06-04,-0.028642944014907936,-0.04747895370195939,-0.02242915704813423,-0.09862137997775744,-0.018765362499460484,0.04963010321439192,-0.04598502009137151,-0.07554221136631953,-0.049844029511143445,-0.08726401792638135,-0.07542381765643001,-0.10526975582437403,0.020328116534372814,-0.10109265691026287,-0.01947302840759137,0.021926317473539562,-0.02894695518215093,-0.10725456021254973,0.013768969662472636,-0.002023401948806972,0.04448031489868119,0.005769245731139625,-0.01548300815862122,0.04138821812590317,0.07341349200087534,-0.001632049027365599,-0.033173024333883985,0.0515097756897694,-0.024538008527999228,0.05053425615347224,0.050115063840344504
2020-06-05,0.14314260095386944,0.0736237996434777,0.15663448465679067,0.1063487064633269,0.06980985572561742,0.15832566210105273,-0.07828552827990638,-0.1003436518849713,-0.09233775212651381,-0.10748041153371947,-0.07196521943108791,-0.08025046025939053,0.021028059151138853,-0.10800059468575685,0.07309841402752289,-0.025671540749429417,-0.017608952698539217,-0.040874306429296126,0.059090330862531584,0.05804619685140385,-0.02104065211404281,0.0002751008249370403,0.021592011364078834,0.10413332912702233,0.053322577258620524,0.05058810349686052,-0.04544897459009365,0.002547750362877378,0.15447260762429532,0.029156541961682995,0.08280780374138352
2020-06-08,-0.018384363314982714,-0.06155164881328281,-0.042688111281306174,-0.04591977873910807,-0.00838572243682124,-0.05809423449677993,0.02731970139418232,0.02561524254572205,0.06228303336627894,-0.023488159795963016,-0.06600621419519136,-0.1695497120769341,0.04340363596105215,-0.11747270785075316,-0.08420262901395481,0.004841294846706768,-0.12461960685468496,-0.015181304230492668,0.066011244570646,0.05273325717030915,0.09181713629467957,0.02777764868288659,0.02907764704943735,-0.02383328431023217,0.06930847376147405,0.012243519758313828,0.02462501838097995,-0.01438250746499748,-0.030692467757853312,0.021624038419872014,0.0621265949515383
2020-06-09,0.06758475720546522,-0.10519333500982932,0.03035308294328323,-0.06393125481662067,-0.06882438680065373,-0.1070656672137075,0.13570271637528838,0.19932266329832923,0.17650248676329477,-0.04503923952869644,-0.0007532257700499882,0.008822215249092248,0.03040234308359577,-0.030454619642188298,0.03879765301417571,0.023713286290604506,-0.10010059427266298,0.0349324862270127,0.13219990194312,0.16933893588721632,0.13930408257500268,0.014378762410927143,-0.018412793136587852,-0.09517698825832173,0.13897871002228068,0.029020648980835617,-0.061639177188505485,-0.1337803532478021,0.05329011821796807,0.10138589589799554,0.14460095483911667
2020-06-10,-0.06215543442753788,-0.037816413765718336,-0.07824789279163716,-0.07639069003129556,0.0024679777257132674,0.02162691407657151,-0.04438899321886095,-0.10022629149495904,-0.019534477856867263,0.010082381683277615,-0.09944025845507184,-0.1334802375582559,0.07689342800495567,-0.16233947746936145,-0.070070835464793,0.042093831132142545,0.006044778303683367,-0.06810899299348741,-0.05350855914417398,-0.021868433431176885,0.0016634188150027069,0.021307653136813806,0.011690701602697006,-0.03383448731893118,-0.0011849401421809144,-0.0260684881971983,-0.007885785527405915,0.12951230127592903,-0.07353701579389092,0.01979074414224815,-0.05113034031854044
2020-06-11,0.012638938367576655,-0.051536083479247624,-0.014078471062233817,-0.06048297821081661,-0.019081953708128714,-0.05597622334626163,0.03470320640761922,0.12497610122746584,0.09144687801822744,-0.07807401833548792,0.07582267927408701,0.06087537535661799,0.030401689288709177,0.04845482339801675,-0.0005781366995000429,0.08054554721378444,-0.03445267038107034,-0.031632706652178245,0.07798642472008704,0.06907237171545129,0.12619467343519955,0.03184955456420948,0.002979568458851631,-0.0764938776901678,0.001742646045080144,0.013331323838856001,-0.07478290481664294,-0.1746532568591557,0.00252415637900183,-0.013983237562565882,0.023180256629310354
2020-06-12,0.018244769653454902,0.05220922819112174,-0.0009485744989600934,0.011092522407053738,-0.017261892415662675,0.039190777915786505,-0.09044658445865138,-0.008137718933987133,0.0443625181063396,-0.0217388870325622,0.025290540400939487,0.044690976091871386,0.049306892515339394,0.0314444134071995,-0.03169849292942852,0.06193781790161258,0.025254539640027673,-0.0697405977245223,0.07451042429971973,0.012618207289938996,0.09168049525145885,0.05462412143320162,0.036094913985821465,-0.05886129093466108,-0.11699790963823267,0.018512908296591107,-0.0305276050097982,-0.14057978208403035,0.005817587576220199,-0.025355199186918302,-0.05622885942137151
2020-06-15,0.07129346512344163,-0.11115485300063814,0.010186689016578447,-0.06549518435604243,0.022276421032276752,-0.023968565759086683,0.12054321600070964,0.05395660613930532,0.07981167233811932,0.13040955805740514,-0.13404225386740246,-0.214155387695571,0.19030916000813797,-0.2292712720429226,-0.024501988901724062,-0.05865871313562456,-0.10303638339604185,-0.16143422281790873,0.1113131620366628,0.1662894470978057,0.04509295148528447,0.028541211418770397,0.008011659542601877,-0.05892487037288267,0.18148892000180306,0.043486265694811614,0.08069973041837425,0.2717601098746601,0.041505185553987356,0.1450040473706997,0.1617361431475892
2020-06-16,0.047958651554878697,0.03895344194980363,0.02491307400567383,0.0390326067441145,0.025349474725514336,0.048510109854057536,-0.09258981091310294,0.011684865814247842,0.004273446861116055,-0.04675683712470914,0.04155642938054089,0.02391870562932176,-0.024594915291773562,0.11732796111858006,-0.052519077022229785,0.025467651543910196,0.006766580319586816,0.01380061747725018,0.043014860199966615,0.03336061437321531,0.03516886213622757,0.030470509312224205,0.027049313668094013,0.00930980959575463,-0.04258910754243574,0.02316464319094183,-0.04956208738990327,-0.10894269599170991,0.03791426247847822,-0.021718207525101573,-0.040992735131154895
2020-06-17,0.09027466084765051,0.14395701450269588,0.1296387334588433,0.14360040388802175,0.08080680398276437,0.22681700466655502,-0.16400601545974514,-0.22489860651192342,-0.21709953095327666,-0.17212303679775975,-0.23631728558965845,-0.31684980905020355,0.153991606893855,-0.25866766867219687,0.20535359940384537,0.08316487816333941,-0.016130972665705227,-0.08746007792328812,-0.020521158102422162,-0.039474566501261875,-0.12950473102064838,-0.041132246222657605,0.0019978096181464825,0.12433990592590484,0.09266498834797898,0.07408070355509269,-0.05826143080012767,0.14861161911094461,0.10770921247723005,0.01233070287843189,0.05047885112051783
2020-06-18,0.04757104472855498,-0.07482454586205882,0.02623248837658368,-0.10047514075442442,-0.04934904199630345,-0.01588395050042739,0.13831867690946528,0.11934019371620824,0.08035674882915698,-0.07661010608064239,-0.09961197680746164,-0.1907880982707139,0.14307592368243607,-0.18109941181134287,0.03799107063375153,-0.01880991796330791,-0.07564136037287804,-0.05523171580466968,0.1088777819299977,0.11157660457429355,0.08251873759267563,-0.029902044521783286,-0.04993281021571713,-0.02085460641589486,0.19187538957452652,0.09092478782049805,-0.04658713049455556,0.06556368980051391,0.04508660995064927,0.1337289114787164,0.17765158968515846
2020-06-19,-0.06645625599382109,-0.15035970108453622,-0.12520653904605641,-0.1597429583468999,0.0240111905508365,-0.03585873644484246,0.018243597621325318,0.022768302657984345,0.09080486649849055,0.1509778397545515,0.029890142616013058,0.0075759795600785695,0.0005499667498165031,0.02449300330932498,-0.05093864467671499,-0.12509920650883613,0.0008055050922308253,0.009955921162556386,0.03961357241896971,0.03943381631466972,0.041944983276716793,0.026615433578970726,0.020355602289452185,0.0038654508015264866,0.05178615010365038,-0.012192921427944585,0.1350253942684713,0.22315058684148895,-0.09589578601130251,0.13319808282957135,0.041809139236167046
2020-06-22,0.0003443348138811941,-0.13209096061600553,-0.06254640581313589,-0.16532876622099846,-0.07833002374834887,-0.14452203752148876,0.20032228300714044,0.2005555098088365,0.14584675247602877,-0.05586640286073029,0.11909071315172379,0.006838752168673326,-0.022735184889354148,-0.00078320940361612,-0.0660038950228652,-0.0035745964059948026,-0.14770310489086605,-0.013913889039823782,0.13055017858912887,0.1315611060008026,0.1768269056567984,0.016692471101807355,-0.0013558564436084036,-0.09551280232430659,0.17534775775039013,0.037141604175968006,-0.08854161252219894,-0.0542874206234614,-0.017134074749274184,0.06487077979122405,0.13061195413324925
2020-06-23,0.12855831509649726,0.015800077932483097,0.11291541927875899,0.021994229174865296,0.061725386823650176,0.07470809587246607,-0.018351621390068643,-0.03800723420753134,-0.06048724519672376,-0.16226940346478796,0.020193075786063736,0.0059188095353061715,0.050746104424493135,-0.01996868656941176,0.11896454923826989,0.04060303705362369,-0.030553853283947316,0.025877608762856563,0.0794629592490581,0.0716375733694557,0.02089875611851704,0.013471351807900767,0.01516794864943591,0.02103739648922215,0.09493760706072592,0.05697119013495408,-0.05244512340058063,0.0034878761779264652,0.12234132088057532,0.05093808509423376,0.09674766993597546
2020-06-24,0.02516593540543528,-0.09299154228520916,-0.026002273900015364,-0.044513064435446364,-0.005397112577105003,-0.0964807370218517,0.06065774330086922,0.1462035857011862,0.1513244793309991,-0.010245188494840672,0.06168760599957621,-0.04380122211607866,-0.011213427588881456,0.03385512751905896,-0.07894824125153294,0.024253065519718633,-0.04342226278337675,-0.021149586204314553,0.14368657635908336,0.11171321955507607,0.07412261650775354,0.08358331855312243,0.05337139631546799,-0.08093507430197072,0.01906942394741119,0.002139402651801428,-0.042753089938754436,-0.17837227447108833,-0.017787841374768437,0.07110950544070789,0.03584293548761562
2020-06-29,-0.010308554069122948,-0.1657693401344389,-0.08471871475536329,-0.16558843857260108,-0.006395323976399921,-0.08110891653451865,0.11918020563388246,0.1088287586263433,0.10997226469001596,0.1544124757348915,0.03222057842680539,-0.009683024035377987,0.08352186545971083,-0.05166814034202652,-0.09183142672713808,-0.08182141726246832,-0.13098321122618475,-0.02694745112333867,0.1059703359754646,0.14408076053055063,0.1431992404384322,0.00607756499747969,0.010780377156656666,-0.10236701213619143,0.11228437096396891,0.05463304615530963,0.08250408677995723,0.23211361848558248,-0.04129586208969399,0.1033698084017323,0.07929206943815298
2020-06-30,0.1839159950508012,0.21223260521448717,0.23635522468281775,0.15786741718260466,0.08166412341465296,0.17223014277065074,-0.09369747090514259,-0.07931724870698437,-0.11920247596296653,-0.13597434816613035,-0.11645799593916138,-0.11684081162652314,0.047058301962209295,-0.12495311216445674,0.1505186002304476,-0.032805215742235466,-0.06436386358091595,-0.07953350951482979,0.040531350780485254,-0.0076119396618122065,-0.03222319469426038,-0.04494235325469016,-0.03080302265721293,0.1708571692997185,0.06693713951340079,0.1077167720135045,-0.040327373071968584,-0.011594476287035417,0.20395702329124643,-0.013788212990920274,0.05266687242344039
2020-07-01,0.18906235812794456,0.34644718888091314,0.2639732293953237,0.20036217654476215,0.09050695992459615,0.3081279046779801,-0.20406418726659728,-0.22549753442927659,-0.25349088322329577,-0.17273163451562418,-0.11053952220359363,-0.12403732699976662,0.08046114455655853,-0.07759357897917252,0.07330293886540248,-0.054664934230041526,0.025831461592421612,-0.1410512701835281,-0.011616355814121631,-0.10246650058896117,-0.07004842418785177,-0.038914468363884666,0.008265889651937183,0.26706500781014375,-0.009929498808508864,0.10444553314075442,-0.08073077780247462,0.13431536653613235,0.23174264912913725,-0.06519701057616818,-0.001312260243086966
2020-07-02,0.07246256973838025,0.27546581495256556,0.15763323355800074,0.18148866932855234,0.05506761034718867,0.24298553500493658,-0.1990174209263224,-0.22546252628319297,-0.23452221072676513,-0.18037695530791267,-0.02121845370364421,-0.06802042657318014,-0.10150757376985517,0.11024333538071285,-0.013127175153885591,0.04774518212390633,0.05727682425968626,-0.11148658067063338,-0.08714211757665982,-0.1371572035760474,-0.12751205128541634,-0.06280221863765281,-0.03395173504550735,0.2125863799589375,-0.062158797921154856,0.02201530953364809,-0.07446602957152322,0.05187647049944965,0.1092636869891407,-0.09796931473071914,-0.07274464738855378
2020-07-03,0.1543227972939222,0.2838768099985555,0.2107018653324972,0.16824549658218954,0.08111734928955878,0.2010267696330622,-0.10229400909201716,-0.09965594359835474,-0.1708971855463886,-0.02879651890631104,0.2619364445530883,0.23919464063351542,-0.22632538453404535,0.3603392151935718,0.22964970419492353,-0.2452229861712132,0.02176730797896264,0.07082526553145815,-0.016954496083069735,-0.10440748299732874,-0.13188650896292317,-0.014183148956549468,0.05746752244056874,0.3765753237729283,0.07513284329207323,0.09852830668794883,0.07092774829157393,0.28688710305341764,0.17528526166182054,-0.0018760194560433474,0.025045102136018738
2020-07-06,-0.1412653369091318,-0.3599373246897452,-0.24377537402845886,-0.25531212016391786,-0.02811462303325017,-0.20994695228166085,0.11501180144272567,0.1814823577525649,0.2798148200970165,0.2810207973425878,-0.19920544608114862,-0.25479376403936776,0.3334331789472225,-0.23441537531245513,-0.11172654080608471,-0.1127308381662641,-0.07651052957004134,-0.11455324936464074,0.09134602134982642,0.1674564127844315,0.14170118387446703,0.06842179709992942,0.01707463391645475,-0.2055181042211066,0.13739106562392397,-0.04573224819179074,0.2441182324247344,0.11393874379853255,-0.19216519341244243,0.17361022108052157,0.12120864203211086
2020-07-31,-0.05631795117758114,-0.03039045029857441,-0.08209755669558139,-0.06552441585064891,0.04356112338571889,0.015629719635348708,0.008510698739344869,0.013027468074626005,0.022089070123903473,0.24587363926793485,-0.06357553933294166,-0.0744349663535074,0.11610397974111862,-0.08345582723967349,-0.10453934228961602,-0.09960071408938075,0.05392092945221657,0.010047022496174281,-0.04597507980031191,-0.006887499419955907,0.015206490221729053,0.022117343963031198,-4.2492383109899916e-05,0.014031118251880073,-0.02188959873717239,-0.06619499393904546,0.09654577033276074,0.22972933176956872,-0.07159918774700436,0.029173258517443897,-0.049170314803934495
2020-08-03,0.09067931737500907,0.11097675876625952,0.14440905913602975,0.10657538689017254,0.02415865818059833,0.12857193710514378,-0.13948504489478025,-0.14971748358151377,-0.1280061423836894,-0.26558738222230915,-0.07314159547343785,-0.11404433616116663,0.03258087955590869,0.011713311828908422,0.1703748829574933,0.150422541845383,0.01625512939240798,-0.07484380951986694,-0.0012190423552091896,-0.04216398244595854,-0.03441499992566527,-0.029858463480276407,0.01130856705792269,0.050968676740222985,-0.020579881558297746,0.02950439527337927,-0.15598343824217806,-0.10787940774407315,0.11432232189197904,-0.05377678655156866,0.004782267084783845
2020-08-05,-0.045025987920148745,0.07023134622123496,-0.002939950290237978,0.024228155089434215,0.0018764770908441346,0.06953138607552894,-0.0635054482268371,-0.07144760041778746,-0.12148296751869968,-0.09455285244215883,-0.007694590714355881,-0.04759975902646363,-0.024621657907657763,0.13454641367390788,0.08481011921076233,0.009605781378495562,0.006858822992130991,-0.03823808717512073,-0.12051386101302933,-0.1407212638874357,-0.10773253311465782,-0.06099526300227929,-0.025559299549316874,0.0934947563577006,-0.0008287800849883285,-0.054246828666162504,-0.11712646295806606,0.10801119787165855,-0.023718182466846555,-0.009180661335598795,-0.0469901886795003
2020-08-06,0.020980882567257556,0.06507519495687039,0.051189133693695224,0.07112779324144267,-0.06497929672143217,-0.022008555767007554,-0.026024553793383774,-0.018025644328255718,-0.007222756151791796,-0.18553193353036804,0.1332050668157402,-0.0060076229282887885,-0.055435411882906065,0.038663507765388766,0.17778780831689062,0.09401423014535362,-0.07005364684557729,-0.10240283214771473,-0.049330423090727576,-0.023844230281537714,-0.025405449629765417,-0.01894250598817809,-0.040451659979786295,-0.020096419441817268,-0.03219882567574714,0.03997905293369847,-0.10792036856913392,-0.22347876106742692,0.04517247399490958,-0.06248136405198224,-0.008153337004277403
2020-08-07,0.16198420841823918,0.24930651923935793,0.2044914073607389,0.1711028811234066,0.055469355747369185,0.2628626925739688,-0.25212545963924843,-0.2904290233191224,-0.1938201507346387,-0.20195318836569862,-0.15295952309125993,-0.09211786191758718,0.06249783444570072,-0.15163857799420286,0.015259309218639449,0.13967283580569753,0.11237543784558716,0.02808343475975139,-0.046504645445023286,0.00021007482307843335,-0.03916091461328065,-0.0767878418888295,-0.04972881039236271,0.005120591749830325,-0.07906067197167979,0.12652842366005979,-0.18746034460678224,0.00027341850217458375,0.1966383988921898,-0.06317636881153015,-0.09852121333603497
2020-08-10,0.06414636090161317,0.02583253297212394,0.07850362023013245,0.05587183986890239,-0.00045129288041031795,0.10766603499733213,-0.16286851173835978,-0.11965721312301504,-0.05698057148936028,-0.24196169667922207,-0.10906589605861328,-0.007436196888065865,0.10461287018483564,-0.057619209886947874,0.18369003745176285,0.1168571934777382,-0.026146763965050196,0.009325849592177768,0.03189004012829836,0.032665047991693306,-0.028509209876532205,0.003311947826809198,-0.016853941986193666,-0.0006027262968915184,0.07350333052629468,0.04314779143590221,-0.08910897493567534,-0.1911065461801248,0.08006642125976586,-0.01620662789423136,0.06699046107823729
2020-08-11,0.0331465987822733,0.29872190118899267,0.14040606413277035,0.2188414472326117,0.07979602256585809,0.2576096672121346,-0.21230247949123088,-0.25566603145244476,-0.2778526907390614,-0.1393572810973959,-0.024363434437752247,0.040538140081189215,-0.05434300235359849,0.059043375343412766,0.10878268077590916,0.02544139000530985,0.14095577724569852,0.03593541632593494,-0.13632636837247966,-0.20772757770875583,-0.18727312985035777,-0.03257931192704135,-0.015412245887310026,0.15596802877163696,-0.18793609949155055,0.021985853253116135,-0.17182013852211658,-0.02938917174593708,0.0816467122958986,-0.1753185243243,-0.20200154808621335
2020-08-12,-0.028461276554510938,0.16761275384128044,0.03724266877221274,0.12299792245156785,0.031011679263771515,0.12751223504096137,-0.13492158686158426,-0.16104337732266444,-0.11004584943804578,-0.10612182535592059,-0.06135764530312133,0.00826999059552041,0.09046028730203295,-0.058461751656794805,0.06732593741507918,0.1623133146364956,0.05432643279266612,0.004780019233858144,-0.11372866269581823,-0.11785102227224824,-0.10511556877393562,-0.03954900228901779,-0.04459366992949373,-0.008207530019878383,-0.14936746015251232,-0.03644928082535344,-0.12077958781910426,-0.10442787924000324,5.3463146084019094e-05,-0.12173648691809534,-0.1439350700258494
2020-08-13,0.053697040012249384,-0.11724545417303957,-0.03848498925223498,-0.12143112774785186,0.054131989024946044,0.03738700774793445,-0.05095030726025115,-0.04899901683734511,-0.023177675456223196,-0.04755982107054171,-0.2012153188355342,-0.2400738183461235,0.0658531529678999,-0.25768781070377,-0.15472108433383178,0.01585037873508258,-0.1365144252461,-0.11710467191993125,0.07541041075312377,0.12225635493125984,0.11965082417846959,-0.0005485004259682814,0.011579228599337323,-0.06146571654260004,0.18200643239415573,0.059864987330853804,-0.005910222858163632,0.15569837996973548,0.020696859699783812,0.13468359692440246,0.13961851860309188
2020-08-14,0.1070955431546644,0.012060357279223813,0.05290405159481335,0.00012102177411303632,0.02515887602330368,-0.02511359066305842,0.09363079018128381,0.07190839066953426,0.05383063421427799,0.18053319628155126,-0.16147945277427658,-0.19638099890116803,0.028222227561967548,-0.1783887473718954,-0.12758348250282164,-0.1807140948867875,-0.06469925986058941,-0.1356118001239458,0.1223289552401876,0.05102367421759532,-0.0028093215620800488,0.07744263774691042,0.04766886720122885,0.10442422036955726,0.09343862830076459,0.09306198400263044,0.1641000120191473,0.2519778715612418,0.07455921775423578,0.08249351922463634,0.09935076274716531
2020-08-17,-0.07699073388682016,-0.05050733684678382,-0.06569130943826326,0.00971876533723407,-0.012759560222827806,-0.07708798768510969,0.006982511834088314,0.046673386589039925,0.11269256769921952,0.05472235048799922,-0.09033806354180325,-0.11894791184345788,0.04368760619149726,-0.13453478522494683,-0.05440548724471391,0.08565410562325708,-0.05743440246392723,-0.022315537986899107,-0.01947370828042434,0.00826002775414102,-0.014248967101916681,0.017626016456982536,-0.0035584651730045454,-0.1159832808855642,-0.022251194115068002,-0.05113308559541717,0.04654289470586305,-0.09472265516894418,-0.08643153950462377,-0.0077949184153627655,0.006925657153588364
2020-08-18,0.13834214185096141,0.23795739768820437,0.2114491273048252,0.21127974802627797,-0.00518407271887654,0.12489448930835047,-0.11285915780719862,-0.18539406172379044,-0.03290177207358356,-0.3342904572672756,0.17111316583307945,0.06669741384378237,-0.07353300071932693,0.17214749619811606,0.2148543990028598,0.1678158435190253,-0.03713120417264614,-0.1273442618525,-0.01742546173013046,-0.04572362119732705,-0.09822938898246032,-0.04372523469524176,-0.04825696617795288,0.037837472365281316,-0.08479946334824719,0.11868330723262531,-0.3039767717249412,-0.253969040339696,0.1797402417517455,-0.13249367364098466,-0.08624685393435004
2020-08-19,-0.007735859672765631,0.019239589829583556,-0.005451154233963186,-0.0009989772798445473,0.08222107524423612,0.21167289334134015,-0.24965139027256958,-0.21465360507362677,-0.19234161045354037,-0.08337213649055786,-0.15986606927377767,-0.1299994252772421,0.09327024251126344,-0.154303648207434,-0.02833047326572989,0.12990275543953728,0.08867638744739849,-0.014688392950016999,-0.04237586185558968,-0.005031997167416191,0.018723026394950763,0.004479549263474308,-0.005340340687002466,-0.03610659733392606,-0.06911901432231378,-0.0040049691011114835,-0.07795845917696956,-0.0077007270593449,0.004349731008785609,-0.049846886416571964,-0.08052503473858726
2020-08-20,0.03283939723733447,-0.06833338023701742,-0.011252292594002134,-0.06923228979044342,0.019209281861248755,-0.046564220096684546,-0.037819172800245666,0.0022804983719722587,0.0634559141716198,-0.10677974078984348,-0.01538092391240734,-0.017163249547135627,0.04974989629733533,-0.033998230391634014,-0.044233599395265125,0.13911135625096144,-0.02470440143175425,-0.0482727520627173,0.10173405434183787,0.1106123254088137,0.06674092242064712,0.020011142293480652,-0.020919156198045356,-0.12356107660160764,0.06802499815790435,0.023658062147803288,-0.07455750899382597,-0.0026880423608752514,0.013137945170518896,0.025826661024696745,0.04122986694239807
2020-08-21,0.0022829796046342147,-0.1607834797292221,-0.08057384403241628,-0.10936312070617554,0.0399490240175018,-0.0666966233818766,-0.03888082283620428,0.034571593824807456,0.024243488162498633,0.06714326012564578,-0.11099248296568147,-0.11674024303873175,0.12848133304524778,-0.08253708897823823,-0.12218723096374333,0.02022900324335373,-0.05498957798225594,-0.094831756262695,0.09008039934652845,0.12946521375137604,0.08857040386810966,0.04886577262732337,0.04347065148151436,-0.14115786096183344,0.11467934479635171,0.01639932718985431,0.038964378850339154,0.17517838125731772,-0.036566056274443384,0.15270148902198913,0.1122911624546395
2020-08-24,-0.04382155911414552,-0.10810824557843081,-0.10338699529634891,-0.14883705365856553,0.049192292852707174,0.07358934628487973,-0.17098824459026887,-0.13055757337781534,-0.14978322536992075,-0.07766494966048686,0.01537946703538811,0.08047360208690195,0.07010518807833355,0.13560414825270464,-0.11803259025911725,0.17715261817002934,0.09395814272998076,-0.1039919390518178,-0.0016636811410823118,0.05228348179698165,0.15973784485028353,0.009866701615473757,-0.03782983620442026,-0.20561020650080558,-0.06689265255684004,-0.03554315048121109,-0.1272715916783396,0.06046738772183273,-0.04772369539624825,-0.030159750661179482,-0.06938792583482443
2020-08-25,0.10287514307699615,0.1549503055357447,0.13786249493010116,0.11578645661269363,0.01988457021274194,0.11439718858304872,-0.07134200090479585,-0.12495812124324546,-0.08844904686183262,-0.2655136549258677,0.06012503325994455,0.08042520762412439,-0.03925320993200186,0.012425547534452252,0.07986263888810302,0.08515697676514127,-0.03319853411959459,0.04130946807327686,0.0028006226870623103,-0.013482917538306643,-0.005069884765547633,0.0030719145853468815,-0.00456666318430428,0.025206289014191353,-0.03254764546153024,0.10177353308760011,-0.2299827313945037,-0.24078387867741094,0.13075546821039913,-0.060069029457132,-0.03818705109718605
2020-08-26,-0.129853633815713,-0.06072369447406999,-0.1491646047579563,-0.0769597648436699,0.0014685297625275204,-0.01910868540177892,-0.027155440945543997,-0.013473353195846393,-0.0412509424785785,0.07172342120278946,-0.0035634857588259673,0.04132646495978911,-0.006516499567000566,0.040602756514764096,-0.1532298360719025,0.10460375420242986,0.05320369107231018,-0.09914185512919221,-0.07816326291982661,-0.036680418728495645,0.02590728285925733,0.03270433891018496,0.04430557300475035,-0.1536287336012709,-0.0751300934962614,-0.052636228938367495,-0.03203526915951059,0.09968315503704962,-0.13554510576567153,0.009722767440453651,-0.056982712770504415
2020-08-27,0.14441590452175887,-0.037625885541636366,0.06515392000254712,-0.022916420046948962,0.033889659993307585,-0.03356284803403073,-0.006788912630112171,0.10447758793107167,0.16186769272982396,-0.05452340788473776,-0.17652071734664115,-0.17151751705561882,0.15302987471720703,-0.20431357401933617,0.05872332856729135,-0.0847566889633178,-0.17669818584660446,-0.11470963903228257,0.17217416731801824,0.15439831664923312,0.0870843519938303,0.0323119748499815,0.01574333301704048,0.07876857409651074,0.2277516581258737,0.11671798138308065,0.08464509491681405,0.0353810559131144,0.09352908482517125,0.10598336233971253,0.20057389915709944
2020-08-28,0.030662497015164464,-0.025165258630794062,0.0025906686579000014,0.006178480077923095,0.07939482426425179,0.017876963036413573,0.02612751195962234,0.0002910320940640155,-0.001170839814990971,0.037637466748688904,-0.05734780697336706,-0.10209175005596871,-0.036132494017569204,-0.11575274040631922,-0.0027082329879387452,0.053839790848219465,-0.021995416855552348,-0.03430158304252757,0.041140086504928765,0.04584526117982362,-0.006604073280653952,0.0868734917479809,0.0812620724945939,-0.052712855878379636,-0.03618482565093445,-0.00914899002117678,0.007381844960520061,-0.0003161028487177697,0.015088731337440492,-0.002803139944897314,0.01234691624558898
2020-08-31,-0.05757376252855775,-0.025103996289866735,-0.06414303348916704,-0.020144272326624756,0.015826826372170043,-0.06433687427373001,0.10695868799513246,0.08967438296022669,-0.02489437024666897,0.03485788917981173,0.18606148541722647,0.19633388570058544,-0.002236295303111723,0.15383732464633804,-0.054861842118458695,-0.02938071127328973,-0.02363741325214249,-0.045081361460809564,-0.04818298969228982,-0.02809220006487871,-0.05731758111845194,0.06672799136284116,0.09425359792812008,-0.0813961671341609,-0.03652250276349999,-0.030541315513883022,-0.03718906050561443,0.09818646010062647,-0.0463506184050178,-0.0017380543875412213,-0.013028918797252544
2020-09-01,-0.14344178949441572,-0.04210740821956295,-0.1112588118528608,-0.07740725379296853,-0.028998464714770605,-0.026668663767543205,0.0019552416603980352,-0.061081502400192285,-0.11500453248169192,0.06283475176681996,0.15319436804411296,0.04254255217235423,0.006427827447283397,-0.06817183778456758,-0.021124411077344977,0.0106787287211653,0.11391787939297157,0.03937907041011839,-0.13738932878649113,-0.08735657986306106,0.042523614903063986,-4.4671638512800236e-05,0.01936090836645789,-0.15522418111919856,-0.12870132192731265,-0.06085635287826399,-0.07514830497277575,0.05045061815240824,-0.10008295826457353,-0.027594109418001753,-0.08858199042739914
2020-09-02,-0.018233311688813973,0.10739309110804199,0.05794932933154602,0.044038591570148805,-0.05829662621810285,0.06446353885388256,-0.0993187791855333,-0.1329935417445887,-0.09566432400754583,-0.2673661406747889,0.011692246834736965,-0.04135231444424485,-0.0691401987053294,-0.027966702040108354,0.0027338187556026996,0.13955104101772703,-0.021508150239709804,-0.011219913872662442,-0.07573734868054396,-0.1009134770729715,0.006499291008757264,-0.07496368594915445,-0.036005166605474356,0.006433610326692848,-0.04683065130844692,0.0432759021504761,-0.1547672007012682,-0.19852439399655497,0.038098739192480635,-0.11601337855053201,-0.06059829878679116
2020-09-03,-0.21336007151193065,0.0062909812420624085,-0.146701015567655,-0.053430661594578585,0.03350887762996528,0.06414314795051096,-0.056766655816835945,-0.1379628841417884,-0.22479988205266693,0.12860075840890042,0.04630078541089833,-0.010630044023888582,-0.05855526594353605,0.06817838037720717,-0.09642220734347046,0.06654725826331974,0.1602014169028345,-0.07180504941178173,-0.2631795034222985,-0.20400391863607753,-0.09742932566718787,0.007493021379932168,0.01762534878367499,-0.11459719948845777,-0.23338219854896686,-0.17068007949205508,-0.03900089982490571,0.07128734825328945,-0.16376562350430068,-0.09254344255855917,-0.22678680285577132
2020-09-04,-0.1376891013978001,0.17171082363830154,-0.004300879840608991,0.08168444514113923,0.0038124258083917116,0.05776935412065995,0.04252010127408346,-0.09717066413873655,-0.2530961276214053,0.030120755112370886,0.18913734491852283,0.2767207528851382,-0.04885009607850045,0.21890209050220816,-0.04033776758796717,0.060789072486443885,0.1576041719225386,-0.004763063193066011,-0.2984943042948968,-0.26508088324002305,-0.11309797599081195,-0.005733658493073779,-0.007218390752666544,-0.007187488145199024,-0.2963966968154058,-0.07509929064944354,-0.15718641156368188,-0.04965080211852665,-0.04183997146850448,-0.18620933054972463,-0.250691129678407
2020-09-07,-0.009830665035804436,0.3129783748265153,0.11656482204650409,0.16182763463853878,0.027976534766937462,0.11574180165681941,0.06091273078871854,-0.02499894232606551,-0.23631021180674522,0.04921948312141484,0.15521831087341123,0.21829211304829232,-0.02640524563000083,0.20602797825702415,-0.06036371327683261,-0.08377573910565096,0.12813958691533262,-0.08379070770972474,-0.22960213748893687,-0.23679172908286808,-0.11950710636523205,0.0074371981940119375,0.004230562796002906,0.15122675791415563,-0.20465126357331606,-0.015291874675328339,-0.18622949772490238,-0.021552665391702558,0.05218744225458129,-0.14477760709591142,-0.2076555534599363
2020-09-08,0.03141211097289909,0.3630961986422253,0.20676811138301146,0.2610399571766493,-0.0522620209661959,0.274992679616504,-0.08135596633670268,-0.23163644066700434,-0.36709277764314513,-0.2875139882418692,0.04090258078943036,0.1133616421898761,0.0039900522267266435,0.20589177204634895,-0.006392137266905798,0.2095690591145675,0.07935916671357748,0.16442226655307068,-0.2018910969801536,-0.21738285483244565,-0.1680097131153842,-0.025238299801476717,-0.04554959143076122,0.16489462460047996,-0.22001478413716943,0.04906953090056327,-0.31818958221962235,-0.20016535180376244,0.1373816771402468,-0.22903017807281956,-0.22893553014958326
2020-09-09,0.27656510003991763,0.005949439529114032,0.20500356677209033,0.10369960875157498,0.026735160241479726,0.08818684704845337,-0.2022626840467116,-0.0893029019384489,0.1278099653323313,-0.3615930859575161,-0.30530514316587126,-0.36732237976881427,0.1524723217859641,-0.3292892327707295,-0.023747255563344397,0.06145101392144537,-0.25206652525213896,0.20789800953169632,0.3032441874388856,0.2209488960777392,0.04397461870216653,-0.008142375088716208,-0.03489587778241933,0.10879258576132636,0.3108901401268073,0.24814897426198249,0.03478643251520399,-0.09475511820730151,0.2330615771489461,0.10862170916531959,0.3246978581549734
2020-09-10,-0.023105610081566606,-0.21284749495281355,-0.12139627617458687,-0.14595159513327963,0.05303973450272325,-0.10448254764456552,0.025894027968061607,0.03899993927665332,0.15274723428442252,0.2189175475942988,-0.04980594126676945,-0.37345613399849226,0.11139908949716332,-0.22781971366599088,-0.12768348764792564,-0.015158933742002665,-0.017530198188706134,-0.32685563501157205,0.12902053324281257,0.16825863231938853,0.1325875380352737,0.02036492371766595,0.07449321203229403,-0.20571959491823893,0.05231769406595247,-0.055766869803784626,0.17462472383634461,0.16358538731748726,-0.08977176683365604,0.11508019838452893,0.0688558671152206
2020-09-16,0.011022509760718745,-0.051700631518385075,-0.023867743973203504,-0.041078747535653444,-0.018094962017649156,0.07330211006133529,-0.10801450435639022,-0.11675408595847293,-0.08272970650920838,-0.006106374907955275,-0.05627003044705246,-0.09550061624106077,-0.01933668937599372,-0.02771746397196205,-0.13628202749771381,0.15015750674252756,-0.01573575515849209,-0.11032637599143086,0.024087214268947204,0.07733009607800342,0.002736164471881651,-0.0019387328415517442,0.03909500108668714,-0.17223093390344354,0.02025085902416924,0.034958175563673956,-0.0649418176905355,0.17877332881817556,0.02051461937272024,0.022950307560287053,0.03510127886836024
2020-09-17,0.18206885585669969,0.1462615784421401,0.15807480530943888,0.1030727225106961,0.06828493253243371,0.11845610419050873,-0.2181697549848645,-0.01712646085726381,0.03619472177075729,-0.12060271495605315,-0.2827971420215048,-0.2278010078630452,0.14786214264919234,-0.18639640065673874,-0.06823527477544007,-0.06992120664311662,-0.05231744018759931,-0.12025159306996117,0.09246695028690492,0.035007699784799416,-0.017927094876134416,0.006315112838178558,-0.02123081787456472,0.1851872600447196,0.15363628256172737,0.14491159744717833,0.05555326931856542,0.08900917331616637,0.14811406370330873,0.05960393083827397,0.1091289857152156
2020-09-18,-0.048201065943070956,0.02446542842917439,-0.041084795582910706,0.037356776840391015,0.024281771403216416,0.05755919432517387,-0.08579013098360014,-0.04705775673195836,-0.06074264277653609,0.011036471956906404,-0.07295328014499969,-0.041914122545658655,0.043488829643336564,0.017755846842794083,-0.046987026337233985,-0.004262395605025069,0.043340314917042655,-0.05092065034792136,-0.07126330280687145,-0.07604729022220755,-0.07965991023692169,0.012811811374260391,0.019966653371123896,0.06983767001034892,-0.082410057257928,-0.05814010384533434,0.033848583934481175,0.004007402434878487,-0.05023368169123113,-0.01484169200733053,-0.0693930907645887
2020-09-21,0.031216807079525444,-0.03040680840787787,-0.006535128657027303,-0.042760575742822514,0.03795553076496678,0.06872149617210267,-0.11742245738041047,-0.13539236800720036,-0.0629173392946423,-0.23177353899462305,-0.08966496200506992,-0.04161640970734359,0.0223370560324637,0.032994100498472,0.024494579002958615,0.14080617845939666,0.02335310528243195,-0.03160790655665062,0.09754307740110063,0.029418593209953926,0.10210584761023457,0.018811740446685963,-0.008131965983280094,0.005260159919205267,0.016315049024483826,0.04249473381193411,-0.08880875154601138,-0.18660296052407221,-0.007017296457415587,0.014772953505161527,-0.010324504763797964
2020-09-22,-0.023684446036028005,-0.19895556866021302,-0.09520281333834547,-0.1585622765418406,-0.0002500892911722596,-0.04357297376229932,-0.01616700389176276,-0.040830608010065474,0.07762521384295787,0.14915167772549495,-0.07088103759866632,-0.1352964870536004,0.08262362394513093,-0.10269754915060586,-0.08341731926483519,0.05287953557565547,0.010965686687746171,-0.12886734347588302,0.12023669462185695,0.19011910995896222,0.15490827871452403,-0.03279590386730224,0.037038036124043355,-0.17421009196533846,0.01588128703254518,-0.04992825879904902,0.06734630547052994,0.06863299141604746,-0.057408765132773654,0.05545231339859864,-0.0006120507876070924
2020-09-23,0.09013338407253951,0.03218645951694188,0.11496800217600059,0.04665287869116194,-0.018922340234072674,0.09873449054140283,-0.14089823442409605,-0.1554569433040906,-0.11987129040579672,-0.3531393654117821,-0.009899787887582816,0.05368595321106653,-0.10127797814621664,0.10528696224889966,0.014731784568466586,0.10861529907411564,-0.023221193435635137,0.07870295036964035,0.08617954197456104,0.04024651114136601,0.027986768402632554,-0.04653380614982848,-0.06680175289147615,0.10071866856205644,0.0625814798266732,0.08708895615216375,-0.1853640573594593,-0.17338834678097564,0.11322349364525931,-0.019695603116436866,0.04869615344414518
2020-09-24,0.030053180841648725,0.007301096228227591,-0.014126271811337463,-0.01201718079681799,0.02241080458902036,-0.005416271832414682,-0.04168475007559399,0.0009317678066458024,0.034802153514733467,-0.14897339672201468,-0.048834122238715624,-0.00879780561965055,-0.029215318779954053,-0.03658207085715219,0.014022705596205975,0.0281889656593819,-0.05780990580951764,0.04383189896491152,0.03830624649395572,0.019638053283112425,0.030941078820153612,0.04920276877741155,0.013533159873189616,0.0007902713578978944,0.09746724033418422,0.05239345841190828,-0.04509491323589472,-0.04654933479692814,-0.0019819694918911473,0.02755286529890627,0.07707073390954687
2020-09-25,0.16694834297920966,0.15612786793403388,0.18557808911973356,0.13953997915612118,0.024038001415578616,0.07217076115581716,-0.0012929679785006357,-0.05819843486742714,-0.027000530174844273,-0.2985069779412566,-0.08670057464464984,-0.04521159680937754,0.04071510244828242,-0.03395225519846305,0.07150904986083904,0.010166215368269716,-0.12800416675212936,0.06156566151205034,0.09195651786874694,0.016937424205657962,-0.044969409871990516,0.006742016384699762,-0.021763285511211986,0.15046776394995182,0.15882008961761024,0.15327230991669608,-0.1201458744320709,-0.04451263071928916,0.1724709118620509,0.0229151716105313,0.126917268356616
2020-09-28,-0.03426024374197308,-0.08411540569720853,-0.1137405226215166,-0.09156567164892346,0.03586651692120027,-0.000759124747610429,-0.10523949254170128,-0.026129055242650065,0.030202387524508864,0.1387671263084272,-0.13063318825807269,-0.21845658956309577,0.12359232898277796,-0.19630050823044748,-0.18042647150120025,-0.05164873314493534,-0.044292420207381875,-0.19378599369776503,0.031133633742799073,0.0709612485691105,0.03917232945848192,0.024891838560422125,0.03382560559793494,-0.042273864826774574,0.09559803606421408,-0.019409211665967062,0.10842752431253848,0.20848675423044688,-0.07669831511044745,0.13019758263674952,0.08772910632711663
2020-09-29,-0.04707445318831946,-0.11931835961154388,-0.09456511855516318,-0.07267578519638156,0.03032414489461359,-0.07059401580582488,-0.008847580981112178,0.05009555459287659,0.060008770938340006,-0.07007455043560792,-0.022332759704805746,0.009599464846268613,0.0321078993018685,-0.023280172144141676,-0.050039551385698496,0.1358677340627745,-0.02054377005900656,0.013738606395962114,0.04364020665952288,0.05422554082198097,0.04977467540158269,0.02411015771146261,0.06114551260991674,-0.12054694189327807,0.006973666915096268,-0.040983211193533875,-0.021749457303011088,-0.07957730310850891,-0.07821237660946209,0.04470637659840043,0.03103983165151935
2020-09-30,-0.04150730856124312,-0.1339889545619222,-0.11277058564774846,-0.07445019967058228,0.053229469294303056,-0.08764033121074266,-0.06857538920822977,0.042390823338578146,0.12001107365215989,0.36834206540085834,-0.023255017227528388,-0.28579346071902145,-0.03587604190048823,-0.1483952622308809,-0.09661305879017497,-0.15683484882813123,0.010907852305998946,-0.26137351021341027,0.06206094882086082,0.08401473787333903,0.040000125984510505,0.04310340891726625,0.06396187546639795,-0.05871135329138684,0.011663540321398323,-0.07728395579028535,0.234707989398333,0.2841398067665967,-0.09743070688264903,0.10094033903100275,-0.013139652984667198
2020-10-09,-0.08831666484513752,-0.14123007458845888,-0.14729527538706838,-0.14124698449225412,0.07890553136527574,-0.05981776552290619,-0.046016192557257106,-0.02963263233803839,0.11314728002114266,0.35877795510580374,-0.05315688695792415,-0.10479901205797902,0.1159618554185286,-0.033832276458302404,-0.07733772420866855,-0.25463490060943667,0.0204838122564375,-0.17920036901619557,0.023373701959358065,0.038632267369563905,0.058082840223546546,0.044849096614978656,0.07544779805002816,0.016839086807649135,0.06659257774946768,-0.062316479149156626,0.34128214450212224,0.3647584811237395,-0.12908881116662924,0.12304849192000136,0.02368513732279737
2020-10-15,0.03424851762110479,0.11283826587487301,0.0598487508735569,0.06166574541173268,0.055452943768912404,0.06644227522839397,0.04203487463924054,0.02654228456357766,-0.10230438995659534,-0.026508972763466306,-0.045836980067718844,-0.029334521922433795,0.03103561668760947,-0.03581994409968045,-0.04297141560713087,0.08844534489637794,0.04240678152483953,-0.10149309863524873,-0.018464133451059923,-0.07973601098882618,0.015391445054855181,-0.012814118530297113,-0.025633658590801658,-0.0014112993762817796,-0.17374939565516104,0.030407826504755025,-0.04066942159468659,-0.11502042662580035,0.042879884599572676,-0.12015038976918326,-0.14756545136016358
2020-10-16,-0.037916370822616875,0.11607119282432854,0.034049091432213074,0.10513092172052096,0.030788880663421878,0.14315826771502835,-0.05872503820195201,-0.05838437928912235,-0.17118973215098215,-0.04770136433027376,-0.09059743591960875,-0.05528465685311091,0.01635920331616109,-0.05397565651163423,-0.05238948128224571,0.03858888670506798,0.062150470099553726,-0.039515581850837804,-0.16724110832396794,-0.15175873119663125,-0.12604378536352587,0.016307358606534893,-0.009261915183296044,0.05183425947353546,-0.12379000996296938,-0.026768682084059903,-0.06342073282456073,-0.012302199886150986,0.022872002344361445,-0.11546788484957161,-0.11064064373030716
2020-10-19,-0.0862732480953671,-0.20804451779081268,-0.14669429557647426,-0.16302823304607392,-3.605436044304252e-05,-0.09533391959882809,0.08014961307116424,0.0678769638965809,0.12479932289364921,0.2396946126968603,-0.015149728461743872,-0.09966484611002965,0.08739233146363516,-0.1438829857730803,-0.16076823292588557,-0.06441637830682626,0.05235691841161715,-0.12196356883464644,0.04932136992197711,0.11005353554728362,0.0950624706051862,0.011588546990929253,0.04624996146513708,-0.14578698288530195,0.02943815453858916,-0.07468502615735696,0.08918506086551409,0.2360411600888737,-0.11178752747256276,0.06371950527664867,0.025084636580786173
2020-10-20,0.12724501622917428,0.1350852074069762,0.18492903724552728,0.11935379339368493,-0.03865409852089761,0.1404135532155843,-0.01560726476889688,-0.07408605162572286,-0.14302619613569562,-0.3071998663969062,0.03531900348686942,0.17591367617544698,-0.017899261576051515,0.09563412501899762,0.12249643880972454,0.12601661448911156,-0.04845872165040887,0.04151699144565161,0.060860221777978875,0.025373569513588143,-0.012429137977839925,-0.040912930070868825,-0.09257023141106387,0.08044480340314442,-0.007492632441720857,0.1274354707662672,-0.1851835993890582,-0.22681379606267416,0.18599713703885362,-0.12895697230649003,0.008092678299385187
2020-10-21,-0.002667195466071319,0.06487706445016414,0.00840571531732454,0.0019704135139926074,0.05394393469798827,0.06475820092577872,0.08082833271040629,-0.0009099803315693407,-0.04539961691866046,0.03449698861465336,-0.013258185368329053,0.014594195814807509,0.06633234715381829,-0.012417133377606355,-0.09639340676055631,-0.01731793052960313,0.06859805394281307,-0.03898925799615302,-0.09521673486790021,-0.06978539142999643,-0.024541112336704658,0.0229685468204584,0.037667851800834685,-0.005856587622781262,-0.08494697867647535,-0.002916691214514251,-0.06895128326096794,0.1278160853645847,0.012953968633937836,-0.05657567531627498,-0.10958453393060189
2020-10-22,0.06411397686529233,0.2631022327706592,0.1640609100496297,0.20727498460136598,0.011982448391707961,0.1925558666822919,-0.04353149102843793,-0.04175454227696719,-0.20813188071228436,-0.25082756631010295,-0.04695875773136064,0.04462810971352447,0.017131967676534396,-0.024916161299260907,0.03652480812617491,0.13114062783553734,0.05718732450579322,0.02812435001069638,-0.12031520832453127,-0.16932441511544036,-0.13385535225847614,-0.0008620595769119113,0.007607257945097743,0.09223497176751352,-0.09998176732393928,0.05257537626353245,-0.24426885164630052,-0.19637563571009004,0.12286092220915376,-0.18929561461452807,-0.15047104912905132
2020-10-23,-0.018081410354373405,-0.16328130687075054,-0.11797173247094524,-0.07959757769316973,0.044290305927167234,-0.15819484440609716,0.18976728205250612,0.16940119822139366,0.1304048337410106,0.1949176022280801,0.14078958914191633,-0.06150711199320127,-0.01379167563166869,0.018492892162260743,-0.07762241220661664,-0.038255705594244335,-0.027067770074697517,-0.09444333819800564,0.09785504375791991,0.11643239553007033,0.08729074310250166,0.055949516060886786,0.07285708445621629,-0.16285298729403025,-0.06234658296247029,-0.028576442349942468,0.076534401121543,0.06988097956358323,-0.07764452655701126,0.07961592193250794,0.034582336403640924
2020-10-26,0.0031353846208714026,-0.14805552207405495,-0.07893639263405021,-0.11167745732499502,0.016245786751006613,-0.07215440351002304,-0.06820474760783989,-0.047920411961235795,0.07379191035789522,-0.05945805815306289,-0.09065821855894943,-0.16758595009208682,0.057287452430513905,-0.13430253288086164,-0.020287339371984178,0.06118644351296738,-0.11043700857131157,-0.09818084361052205,0.12854388900294852,0.13775403895043187,0.11084060173658379,0.041033510236383346,0.030942128524709567,-0.08279525951349395,0.09251001192762076,0.00997457742271288,0.04375324364016892,-0.010440500765269057,-0.04043908082751576,0.12298492430476306,0.13624971006598985
2020-10-27,0.08511717671312558,-0.014185224215699573,0.04065525578573519,0.029139778283171817,0.0319373763993803,-0.0846233475421018,0.07875123513353895,0.09599693494859014,0.11862056293524857,-0.03996126941319459,0.09778027686884894,0.04545917813553439,-0.007550329061613265,0.06351793271675044,0.02330253892180894,0.009299712383686896,-0.06310341513036373,0.03309296302243914,0.12970030462517895,0.11371466657662431,-0.014758537793064855,0.061292787634176185,0.052852255166296304,-0.05062857040092279,0.0677229968793307,0.05965310922194597,-0.06882187944666983,0.04845973219825454,0.052091724816896494,0.047924593962727684,0.07140061600561648
2020-10-28,0.11845002727736632,0.029907664739864462,0.057043989144915534,0.03002473899708384,0.06361990935674383,-0.0006423433631804149,0.028146861612890768,-0.005572241057122776,0.04344666671424621,-0.11984195428963555,0.022631970821199464,-0.022052901027508728,0.03553165333621163,0.02709048422931582,0.002662445982392762,0.03431411219404591,-0.11197757588825977,-0.02555278130305165,0.11829373557486554,0.10070362967453736,0.10186751679782767,0.09809790523042757,0.11903258057715682,-0.023948433517008157,0.12064811813070846,0.14470995968122477,-0.062256895196285036,-0.09055572091261667,0.07083178727868399,0.04171362624406535,0.08950401374825716
2020-10-29,0.09180539299047605,0.06631663154919691,0.108336244259884,0.0807125680498008,0.02244276842622213,0.07161281279302677,0.036707876699012515,-0.0042660630931268245,-0.09713571726286165,-0.3083941759166369,0.02477163110434188,0.12067667739225589,-0.06627546435303684,0.064255989416516,0.16159101896880038,0.15002733742479232,-0.11776457939006776,-0.01404846422631395,0.055308605716549,0.018750159377607822,-0.03806106659985019,0.14937478597182874,0.10214585302790524,0.03896262793415955,0.1182114178644032,0.09541518495185139,-0.16967142102107738,-0.16879370454399875,0.10414735566021877,-0.0027517131326389734,0.10361518313575985
2020-10-30,0.07717989317062454,-0.06687969940124955,0.008270088477660064,-0.025818463891047274,0.008159431612352356,-0.1915739754175706,0.30156294188707455,0.29714053933978857,0.28395384683528013,0.20465569188072738,0.33293834967212865,0.14020291175739238,0.019692954408287323,0.1800536057655696,0.050464755997631165,-0.14010318173991348,-0.02390312287157299,0.03797637756271774,0.11756748823395685,0.12127667794119247,0.04163988150163066,0.15997125182645194,0.17898874168421586,-0.1357357533587799,0.09851502967084924,0.07412868168947155,0.08798305796209256,0.13802809508326314,0.025203213583728058,0.06817708249610221,0.08167840766721615
2020-11-02,-0.09297724447952804,0.035368004110568826,-0.019606618146978182,-0.024658330906030042,0.03194034031921754,0.20517173623608384,-0.30997586876532357,-0.2841819406560113,-0.17962941847097144,0.05637518412071618,-0.34900326857655267,-0.3459827939813879,0.12575296445804163,-0.33437671236078537,-0.15506930940744854,-0.012251187878136343,0.03754445136216254,-0.22927414405644,-0.1672282534562031,-0.09686528160935626,-0.04097542965583697,-0.05658804209254901,-0.06743686400523886,0.11258961386419057,-0.10146616088011243,-0.09550659329485181,0.04235975489315072,0.2066218196326726,-0.045732452238375985,-0.036810807414996115,-0.09405252352964437
2020-11-03,0.07863217717532198,-0.005295765850646048,0.07536354185931354,0.0390320537257365,-0.0317659452773472,-0.04607078433910094,0.08217848398317194,0.0983311974941341,0.049891883489585356,-0.0983556807343692,0.11627199414064711,0.12754247929887694,0.02838232051907313,0.13685056474826415,0.05183153033676725,0.02930359059001715,-0.06086355024819237,0.05209275012751053,0.0933947793931783,0.06924677027036784,-0.040592156272324334,0.034433794524267654,0.047952153109531,0.001830979202209681,0.07288973340811505,0.07021999574537172,-0.0904234877488155,-0.049628498651686566,0.07406349881361199,0.00585565182831945,0.06149982094763127
2020-11-04,0.0014356441823517895,0.030273126000423044,-0.005062628264276841,0.04255700914218406,-0.00021214401989663715,0.03162119217794999,-0.07676374136792855,-0.06278740520028782,-0.030777880282928053,0.1321848835921299,-0.08572792466300265,-0.18320029555335957,0.0634704408240328,-0.1753103937898055,-0.12838144249666392,-0.08737118900184009,-0.039309956989127856,-0.09607847979982063,0.0002666742859113977,-0.004359572241110142,-0.04069859169847632,-0.009601013297714563,0.025630069536931716,0.026006828498769743,0.025497085885666602,-0.0014676062911696552,0.0588428762902552,0.16116057704480408,0.0006215274288039098,0.02659429351307361,0.0382344455019984
2020-11-05,0.11815060251969192,0.20683886003188834,0.19755924794922003,0.17731604792574338,0.008323146296815055,0.1963038438189836,-0.02215873652419461,-0.11202451696517031,-0.19772950319638496,-0.33310046558828416,0.08639159036941405,0.15226679616858366,-0.04371764345499455,0.17564710827963254,0.13306595772512042,0.08859733314563413,-0.09378020479373432,-0.030576736686165066,0.0077191817889461795,-0.057154553007075955,-0.1252124418423826,0.04106979766736939,-0.007402727380688432,0.18303683243981347,0.0030331519242493936,0.10536727418872283,-0.23749644480419183,-0.08064433445719763,0.1682394165534612,-0.08566525599925649,0.012641399264811804
2020-11-06,-0.053536327546168806,-0.10228652380136774,-0.08120538781072806,-0.1309528170548283,0.03413065638006668,0.07225525221667238,-0.1572390108283338,-0.18979095546760502,-0.05749731106634054,0.199444999758726,-0.1744014979478967,-0.07947078121821194,0.1122879468082318,-0.08172361912318032,-0.15356904533153967,-0.15490069105764204,0.023820697391853576,-0.08787168692644874,-0.015638470945707146,0.03781992163705879,0.03021981205107422,-0.06737687034599976,-0.07099450823293556,0.10712436658768981,0.02446119664580857,-0.0846295212972089,0.17623569817763662,0.3429385912044274,-0.06890592623014885,0.06560527488110153,0.005531645164954389
2020-11-09,0.055339752946643124,0.13013969674011575,0.1520174655195416,0.09924731914040531,-0.08805503021765493,0.10649832802244938,-0.1259805605419832,-0.09650040579950121,-0.11195043521382571,-0.2625651220776967,-0.05878710754623907,-0.027573146426383185,0.0374853775847055,0.0874439563893465,0.0698941517331729,0.21398623665294586,-0.036235898787287564,-0.07285868765711395,-0.0258875542995643,-0.04279840451627438,-0.03759950010951823,-0.004651369517838323,-0.0478900222095002,-0.032801975243749316,-0.008363948684076193,0.07807325879640307,-0.18267904532281135,-0.21293738566968887,0.13702822758871902,-0.1136588578825095,0.03466214557333102
2020-11-10,0.1710651141739737,0.33444241328846586,0.28523706558268797,0.29212640092295494,-0.022794384444226712,0.19114302629303526,-0.03318011003543219,-0.08864252485944199,-0.17379056063042453,-0.3625678531592825,0.08295939848696704,0.08632891849582834,-0.03234313297543867,0.1484057148881216,0.2052095684237506,0.21412932845105462,-0.027428427612535833,-0.08012507557677737,-0.017694697603688234,-0.08811490892720834,-0.16414247320592884,0.007617217718406153,-0.04026217852012062,0.10064619739500534,-0.10984709054569408,0.12335839715350988,-0.29751868846862445,-0.35088987438428415,0.2399886659265457,-0.17140927842504364,-0.09492335973238361
2020-11-11,-0.06968430190573964,0.01636667003694904,-0.010697338352939194,0.02669749405144927,-0.07827471006484434,-0.02952225614868588,0.05014132643199734,0.03727203757254641,0.012312090718831312,-0.11448106692054234,0.08075890405917528,0.02186120551502548,-0.01954922198919029,0.03682277061203785,0.01904234978472185,0.11298739815678956,-0.09173656569343888,-0.041729759696523976,-0.026459248799867434,-0.04627549365807404,-0.02206682538556816,0.04841105891729278,0.036213461483338996,-0.0399397979411312,0.00779124753727733,0.010863980742866538,-0.10286844275776197,-0.13298412663466921,-0.029581368971164677,-0.023256430148135478,0.018122116472776433
2020-11-12,-0.1525565009238748,-0.09564617773545245,-0.1317825953965353,-0.06453465073936827,-0.03331620387994354,-0.00038844660820068917,-0.029533274678373467,-0.04572112060259864,-0.023325273888936914,0.06915739449226184,-0.07420268812651677,-0.1417010152790944,0.024789123907268874,-0.16091475705145347,-0.10034052185803473,0.0877542918529775,0.03895564922393082,-0.06165577727468097,-0.08053435728038034,-0.04425664131631042,-0.040633826811710405,0.005645695712848316,0.06590152342409025,-0.07998192966113885,-0.04137404154171144,-0.12522244282796086,-0.08636484318219746,0.08203611359570273,-0.1263128725000699,0.0369480372511532,-0.016767270669092622
2020-11-13,0.19115764420970605,0.3055054921391064,0.2900544062124166,0.2826916753198424,-0.02745768589814824,0.10551113719383187,-0.05558695118335284,-0.08852831700480245,-0.07031717386760744,-0.20938380502487136,0.22166491368807906,0.22913197391293424,0.06445600124215768,0.1363352090471739,0.13380203682766345,0.008573244233399203,-0.10026565711416922,-0.00779119056903322,0.02010377550235073,0.002796775494738329,-0.1478384483518089,0.023005536790629354,-0.04315963881437154,0.17151929837916943,-0.014694169139209236,0.14445676902131938,-0.22713998523591236,-0.15155254683485672,0.24168453697397269,-0.07181408548603413,0.01580834501693587
2020-11-16,0.13487264764406814,0.26892864698849067,0.20837411305842865,0.18740433051246194,0.002033876324632754,0.12633419989768183,-0.01833682522134006,-0.01669524235245838,-0.11543803098036072,-0.23362049452900463,0.12484223369712952,0.07849446728154058,-0.008850527361111075,0.1312265924340072,0.11207613198220258,0.06871178390313154,-0.07039621049325813,-0.03438183347294222,-0.038550933035429696,-0.0837635644995342,-0.08703410620864287,0.03352712794646701,0.006900345305350766,0.10390256134358185,-0.07830379979201432,0.11277050004678137,-0.20353605693652382,-0.17015920081625355,0.1853773236641014,-0.11438765138415717,-0.05448491273000194
2020-11-17,-0.024476515768727142,0.13942955142799496,0.04370110931615038,0.08923596263401636,0.015192973679903946,0.07069702784097752,-0.08261228042649332,-0.03150625673380044,-0.045831574811091784,0.0307113526677857,-0.05311128706794711,-0.029063486476181462,0.03463763153884172,-0.000709332429214863,-0.04594148797413704,0.0011449643355446015,0.06574403366047908,-0.03639811059887631,-0.1401757848793499,-0.12025920669729358,-0.10839901377844881,-0.006246716580760604,-0.00764464405843834,0.023178843868231314,-0.167715484896396,-0.027737221709281643,-0.03438799947344152,0.010003511323371392,0.02093470216707931,-0.12094109960426537,-0.14658272729155344
2020-11-18,-0.04025466967723411,-0.18619559404354308,-0.15050069469196528,-0.18718303078758936,0.06513598930645206,0.02376812887003792,-0.13456096494445102,-0.08422208562205269,0.03116878748130312,0.03885783733398558,-0.28335608080211006,-0.2502783557591984,0.1446225221070222,-0.21687198173551328,-0.1286436450046819,0.04644000686314852,-0.007944184176171822,0.008538760445855543,0.05798161794670714,0.091700712628704,0.1558964723206283,-0.0020635769983231834,0.0374331136647947,-0.09700743518168244,0.10706836901564508,-0.0036917462780584605,0.1069682660557245,0.09334444599561101,-0.08035316426811333,0.07089052237143686,0.04747210205800378
2020-11-19,0.03017453532976218,0.06223629116059629,0.040108384916767645,0.1062112522610049,-0.003610411323035549,-0.08491041745508413,0.09440042438311433,0.011069171933748385,0.04547959247074326,-0.04450415701870759,0.02952974655655233,-0.08515130422326145,0.03654799987033076,-0.10171983592197263,0.004877607177671905,-0.030615128559409174,-0.14483939302695548,-0.07328640452419351,0.01738140064404437,0.015432182751785815,-0.087533689708611,0.07470471154288275,0.04347208471550258,0.046603126326943536,0.06744629180452191,0.011649600727984238,-0.05423230592147962,-0.05044977339059104,0.015441424449674187,0.03265904190496006,0.06914445703039905
2020-11-20,0.14239215460579738,0.25367236467099474,0.1814044455261132,0.2085823066906993,-0.03131381027096323,-0.0019657977810007142,0.09612505745276083,0.010680724021074091,0.01974547834822951,-0.11236317200879664,0.17797346710994744,0.1259312274347346,0.06477380192141388,-0.03803529780505137,0.049736227861466524,-0.15217919126473722,-0.13460684875352047,-0.0694432972001812,0.01914645815337308,-0.07012881283784511,-0.14054618407040123,-0.017973091072301536,-0.04723123171747362,0.2714907121483225,0.02972815165031504,0.09991027897025524,-0.07940967648968682,-0.03669077068078323,0.13352826262984507,0.0065710126828485,0.015069638007334827
2020-11-23,-0.060174605357683396,0.03012946650764835,-0.01828894685205216,0.02502401476777163,-0.009301056752666,0.02253232522148396,-0.031175870262234427,0.001642067574742703,-0.04377442267311415,0.0008607352639319914,0.02076192985704856,-0.027752058666091824,0.0359568576527984,0.021462772183485343,-0.050441863489223124,0.021462209250263434,0.012283305300630524,-0.0103279611613048,-0.09360246105531965,-0.07070753904061765,-0.08315571311468957,-0.005590517615352499,0.003775128000174531,0.02190968899057478,-0.01640810586301716,-0.06580413655097563,-0.07738444760456417,0.06848248506311763,-0.031336682800934955,-0.013911603197354159,-0.02190118187546479
2020-11-24,-0.038342818425285745,0.12288516935315595,0.0259139749401904,0.08148729191834773,0.05673777796008218,0.20272123072194717,-0.11941015260350801,-0.09876948137308056,-0.22535999384821154,-0.1788783433772628,-0.035316311909214325,-0.08501085873558262,-0.0030304202363120817,0.03126453608406623,-0.06278824052822432,0.16774405560462277,0.09196821888722487,-0.056699169563533776,-0.15177097168518805,-0.15479770511793892,-0.06607660306697045,-0.0195463653906034,-0.029975863192745564,0.032760683142897866,-0.1677212834451337,-0.009733263619708759,-0.19126427459449571,-0.07802787963344929,0.0037539807411625945,-0.0992403926663633,-0.13597967791874815
2020-11-25,0.05012900813495723,0.07128330150155575,0.08093723183786049,0.010520306370178154,-0.0064847924404025535,0.11442188264818917,-0.04891458373132943,-0.058962569232957895,-0.10496770985320285,-0.19238195570153027,0.04692983759863901,0.012940378412539026,-0.03587370593196999,-0.011444741958821489,0.04707040470837368,0.03345626383354117,0.014759211115114298,-0.05973287383475369,-0.011895978895116857,-0.01902379589002304,0.00480202680882397,-0.0027706159157961196,-0.02914309304836871,0.08538796724472987,0.0027342311447005174,0.04548571261509755,-0.11563456329044784,-0.09364099580174216,0.07034005070264715,-0.05457162242673199,-0.02280802391639149
2020-11-26,0.11821793060255262,0.11242903414976785,0.12102955954820575,0.05559240129911227,-0.002295155376401929,0.09058992908395,-0.0700850327538663,-0.09624013435500066,-0.06103202599024623,-0.2706708310333871,0.03396048220964833,-0.03099722743652949,0.049996279796278555,-0.09722088768634216,0.0277610383951645,-0.0034161549353259393,-0.12752536291113584,-0.06600286563043835,0.07260648366851429,0.002529222137345652,0.03009664623097383,-0.018021556076126797,-0.03497619840135747,0.12810259384817158,0.13194785457837213,0.137669509689003,-0.07763590591328076,-0.05974843983290284,0.12087322540286098,0.014454096178792095,0.09087011933270932
2020-11-27,-0.030378698288138876,0.047505728562377704,-0.011176113185866421,-0.011585770975251769,0.039393054111999136,0.18965022620329222,-0.16503417178339705,-0.16267878442132827,-0.14982590726538328,-0.060358854075385084,-0.061164040659891755,-0.053358985554468455,0.05188492752827178,-0.10886915197083594,-0.0616049759911121,0.02762107243070993,0.0744543999829458,-0.0587248508078394,-0.06370293062215027,-0.050305255918787116,-0.024902760032981395,-0.06617284938042377,-0.04488251227386313,0.09297128637661198,-0.06750941148030677,-0.07180978946179743,-0.05510734232588588,0.06924543357891866,-0.01597939852982968,-0.028485631749886938,-0.057290227333602305
2020-11-30,0.06702051551803753,-0.07294557532768779,-0.027474008644425143,-0.09145444317962559,0.06714148193749826,-0.0016582999864269649,-0.11410460447104354,-0.07614067295400727,0.060871770117415534,0.09700720391216856,-0.20578939439864755,-0.21435803192238467,0.10539549498516461,-0.1503623204540374,-0.058880804775200045,-0.08898736555702559,-0.0008411269163756678,-0.16151970990134384,0.1266189609244794,0.09674475507674996,0.10325625896142762,-0.007150192122948585,0.00012536540339139278,0.001584390651138669,0.17789115945980033,0.041720523128248414,0.11632844146395545,0.19548596079729325,0.00950408211233609,0.1197867201666049,0.13871177524834294
2020-12-01,0.04917792170819769,0.014793458964951305,0.05334621804446053,0.047367978058520416,0.0447227169982631,0.14289063713654201,-0.11664976475588214,-0.15885154639170956,-0.13871367749833102,-0.107816566953229,-0.022863340995816703,-0.01722238482623105,0.05351286149396277,0.017630214838047352,-0.0782183930105113,0.07777939787754841,-0.0323454651429997,-0.004674472372961067,0.05115918898827944,0.0534165257883399,-0.01134797925983769,-0.021511357870794424,-0.006098720930965081,0.04885271975309298,0.0016560838744844857,-0.00820316751093857,-0.10610501817717168,0.07334084212148863,0.04551610054477977,0.03730985187693627,0.005065335640329234
2020-12-02,-0.019979092712486476,-0.04590624838500712,-0.03982056925238726,-0.06686380120028536,0.06254987502515784,0.1260729492056216,-0.21973399278733063,-0.2125660243224263,-0.16778139795443384,-0.20663193217230896,-0.09902822013076569,0.0060122884092647134,0.0023430593932230333,0.02491125154789256,-0.059378593604009815,0.1354971922203266,-0.005952708611583106,-0.03496594481809246,0.024605871382227095,0.025833639411813967,0.1313670585907494,-0.022905480792720107,-0.053512029392978736,-0.026713975062766564,0.03375316154873055,-0.0036538587414198516,-0.05787948363042805,-0.12325342267979336,-0.03244363846024851,0.015320404667334787,0.0006891530892145887
2020-12-03,-0.053514427017044175,-0.16594890100863136,-0.09443418926782161,-0.07798029167502397,-0.021995913897449634,-0.04588901220662721,0.0003239051668894276,-0.0125741059974665,0.030934070582191955,0.0126227061027252,-0.082536795836043,-0.07540263796779478,0.014450756298361794,-0.06524896936948081,-0.06749937917966474,0.07230938336101234,-0.08109493877627809,-0.0833956837439261,0.06829187228691234,0.11669629657658094,0.03829087919047638,-0.016317669069595638,0.014145625825339413,-0.10628950636162428,0.08487332860433014,-0.03488275654727868,-0.015355279420839005,-0.021457846879511955,-0.07074824081818007,0.08096740199191882,0.0940369601572471
2020-12-04,-0.0937257848362376,-0.13592373020669812,-0.1270622176904876,-0.04436665230805612,-0.0012111734166560199,-0.07668652482131744,0.014327978296539323,0.014025927844601582,0.025834234771181037,-0.029013841811478862,0.07094645634841507,0.08685670775666614,-0.028787318049002305,0.11377069093162989,-0.0395750793663444,0.10512497195482863,-0.012787050887403539,0.027664424400558663,0.023943161014613017,0.028799578138656638,-0.0005632505802577909,-0.02536442168296923,0.019370012729607908,-0.09311376265191224,0.03994066110777703,-0.07985539816427051,-0.05211302737847048,-0.05594957991164579,-0.13153856978290326,0.06401300692279548,0.05513841293128654
2020-12-07,-0.026765827468746103,-0.10464748447621598,-0.07973055559501616,-0.08499514083665761,0.006865869522317245,-0.03373549844939579,0.015265209578622808,0.031398414234984205,0.05979338079559216,-0.003871080117181326,-0.09536907693390308,-0.10416639638301588,0.011512607767541486,-0.04968239901293477,-0.004629091077902991,0.040205897734963636,-0.047317818435959474,-0.060057825377110956,0.06143740557156608,0.046556871363182636,0.06218802856532996,0.03393984638150056,0.057087097436981094,-0.06872413538858275,0.0868351264501593,-0.006437727422851665,0.03251419138354185,0.008261410593465152,-0.0665938875214061,0.061188530980286183,0.07626429177913023
2020-12-08,0.038087130881151836,0.07926342280964711,0.09148690518355937,0.07319278954607202,-0.04657464219818786,0.014921660227133808,0.0606083758197692,0.07239212739145853,-0.015755643282866886,-0.20708724320528907,0.02089997981878957,0.024661893217980832,-0.024772576204709032,-0.025205333410481884,0.01145662491047851,0.09250459408167834,-0.10312776383143318,0.03379825190182288,-0.0018915629384440988,-0.020925596655228248,-0.03354521768056826,-0.012342018618649817,-0.019559652690677994,0.022911723529037448,0.021398449584670794,0.06259734727405772,-0.1282166560576989,-0.23332101696080715,0.07284366893194465,-0.07551680818310419,0.002234173350043221
2020-12-09,0.029417244435651142,0.005759963193376904,0.027446421891408064,-0.005767931699695525,0.0034670214950227045,-0.015741203593293875,-0.0039561566839822196,0.028360050966055775,0.0461870433217757,-0.05042809580248009,0.00355222013164132,0.03499116475071744,0.046085182487906516,-0.01078228192483173,0.002766886762166589,0.07741061450511681,-0.04018264434949882,-0.0403080650569436,0.04241173244482291,0.04264103030145568,0.02830497489556191,0.016847255418936318,0.01007374380902433,-0.030807922254238916,0.0437745349367305,-0.0010883380208112634,-0.024552855617390637,-0.03610009931918265,0.022805952258114128,0.002408353545979495,-0.00020786457426717525
2020-12-10,0.06253082583062014,0.014764911457424727,0.07465955385173866,0.04041020168810792,-0.030622233377086815,-0.04859436345874871,0.1676281197456591,0.15144663323073038,0.05213673909321506,-0.14568467674538346,0.11375279567884257,0.08548183052080968,0.010872957430523826,0.1327314891743468,0.0770147384749464,-0.006817699239984789,-0.10522899218191965,0.07866054754975726,0.03824528994926906,-0.008687971629487755,-0.0488085171239653,0.016615108084301337,-0.008125704804994086,0.07806847807136448,0.04325745525337476,0.07893187321694035,-0.05808429704648301,-0.18273799672868685,0.06184269201261216,-0.03268196300985478,0.038485005108033855
2020-12-11,-0.023309671157641824,-0.11919729576921534,-0.06683478623828672,-0.0951496072137479,0.02343434548316637,-0.08757088032775884,-0.05484650732819386,0.03253872324430455,0.11054952468839406,0.10969985732827299,-0.016440440670637744,-0.05896497943150571,0.11859469074966933,-0.03954376202195105,-0.05261893151226704,-0.024829385619133032,-0.025069044199477187,-0.12403000380718057,0.07741076529127712,0.08057743395244844,0.1054201911373825,-8.729731814737348e-05,0.040286502179465666,-0.05762675721993366,0.07639141321426679,-0.016366248685649832,0.14512729977626063,0.1101465842561343,-0.06586233389730832,0.10998716831292733,0.06193584106986803
2020-12-14,0.14418909605385358,-0.04300389805751562,0.06782527044133069,-0.0034119553859043496,0.037172532076946534,0.04882207076733219,-0.04963350465657846,-0.03950150681572153,-0.015180013170167669,-0.07732427419815083,-0.08439701631283215,-0.10546284557437662,0.06148144773602485,-0.08504360801513336,-0.06991288150040574,-0.01527065159791173,-0.11928207731095694,-0.058588854101278426,0.1864812496657767,0.19668069306364638,0.13735363591967426,0.038443428367995774,0.047018854445390994,-0.017339054389714722,0.1854607847192,0.1123481274389704,-0.01021179126397301,0.10798791810958726,0.10485887771321047,0.1334337323656121,0.1780866188588977
2020-12-15,0.16982936515526506,0.10019982763040634,0.17587270798364757,0.11953597718366268,-0.06970975034513151,-0.11980100622222213,0.2636371191725217,0.19785699066369894,0.14488883388420182,-0.20477864124011017,0.18380567492684846,0.1857447099180758,0.0687768737858308,0.14762179158174157,0.04141633389988647,-0.07037979073420204,-0.16543681228925095,0.03820235887070682,0.14071135911734428,0.07501057957183523,-0.003387829431762487,0.030405942699829106,-0.027474420909730856,0.10926155750386646,0.20363571906757846,0.1770724333336096,-0.11598958498049824,-0.12107898169683591,0.16283253407617224,0.07654187166419305,0.18804295039561442
2020-12-16,0.06482401392488876,0.09955938946741974,0.07132252418995652,0.07341900189256918,0.04473893344896442,0.06219322505069288,-0.07234660095831907,-0.030224767473799426,0.03477937530808827,0.12974015091042748,-0.21126463260674255,-0.21834995644638464,0.05932124043180174,-0.14941758419909879,-0.04225728852479267,-0.11770809623840392,0.016869425751903002,-0.07116541933207211,0.008983807343829031,-0.014263521361059414,-0.03702272415913103,0.011452005845004776,-0.017203966734956774,0.14109223563075074,-0.009381883541571793,0.025638758282031285,0.07099264013297553,0.14505940393060962,0.06015387622864835,0.0010307840052720635,-0.025757301220101763
2020-12-17,0.018699512339465166,0.16584100617436334,0.08540978483621503,0.1589796185671091,-0.0323955091502001,-0.08573442973882456,0.2317174705636544,0.18163828368627674,0.12924449757829692,-0.0476515778354228,0.0525590989827663,0.04298381894598628,-0.043198833627016056,0.06258041762973159,0.051041781049837566,-0.0414202414548777,-0.07323620300967028,0.01145895228547233,-0.08584162509205831,-0.11460015093397834,-0.19572071262976298,0.054353129864331405,0.001038301292839783,0.16225406319350102,-0.04256882791782956,0.015009390176518624,-0.11626250805873141,-0.1345226434291108,0.033387513964477526,-0.05924548765061959,-0.02541126981786562
2020-12-18,-0.05129552917896785,-0.11663008116459306,-0.1221686217678198,-0.06079847533659817,0.027924411170497262,-0.17004037255645654,0.1133284832690618,0.12800009174004476,0.18396491919695962,0.17391030581339303,0.11695616244784389,0.06571471337073176,0.04293537803644491,0.06979827823328758,0.019070786948725334,-0.17669375796554693,-0.08113015440572681,0.0015285207254376676,0.03343450632405741,0.02291043425853549,-0.0357613807405822,0.03954519303228689,0.04002615099489859,0.05434067766633199,0.11228439172771053,-0.07159474165953486,0.10338896971762752,0.1946583974125314,-0.12760025969359673,0.14896468620104994,0.08285591932945027
2020-12-21,0.002035663115311427,0.0473067834625441,-0.00020969099077145357,0.03267362391427165,-7.772489098273803e-05,0.02380929932773611,-0.02054926493676261,-0.01619409257749324,-0.06154562528868876,-0.2139585225777625,0.046489787359038436,-0.02648239928219127,-0.0008528077368154881,-0.02185721016332851,-0.014012428001699722,0.10936747627120909,-0.06495145743145264,0.01730543726901292,0.0018879290796387433,-0.014276386443346235,0.10326957281047087,-0.0005824538812786838,-0.03652422077867922,0.004743845318092205,-0.04035382009362308,0.02643274297472735,-0.09641464065439194,-0.24624787725409572,-0.007202795864227147,-0.023846659176508207,-0.0274356084697655
2020-12-22,-0.021408135497522254,0.015464858200480066,-0.03036597484883453,0.015399309627471798,-0.025275736095033915,-0.21291264211447627,0.23887985548586615,0.23976835928213713,0.2788785584499805,0.14833694165569547,0.2204314143429244,0.21203026316852996,-0.0036629144793090466,0.18812971537956133,0.023466766349568832,-0.2326358303629709,-0.08359539508685497,-0.05302552902331199,-0.026816463654005664,-0.06856089814306271,-0.12629570918097688,0.07920105411710122,0.04061416783166656,0.15930566075769081,0.06120633457489491,0.006737502396122011,0.0656412884954788,0.1462883386347453,-0.05930996209047215,0.04242520294178793,0.011590544577787753
2020-12-23,0.07033514172656259,0.022328360571349178,0.08392135749281508,0.044051488756286825,-0.04751176985103516,-0.16668395202610212,0.28544148400945163,0.23455941326175087,0.19713097038975536,-0.1386661535379474,0.21039500132964123,0.18548700747124772,-0.044018770662832205,0.17499904007928832,0.05628149841368298,-0.07349963601795893,-0.11062473169543897,0.14820807159521673,0.07259852206856503,0.005624632815155968,-0.08151822437976357,0.03974994746244405,-0.007628669352939804,0.13086147073633933,0.15405005546666542,0.05550936513194701,-0.07190406297102306,-0.12168849534219828,0.055029624484391394,0.041706990562483226,0.11469277190014965
2020-12-24,0.012558628436475643,0.11745155091120126,0.06579647463518197,0.04594845081447711,-0.03127740629724359,-0.012700755738574081,0.031026286107291436,0.056324632007714946,0.06822385189487029,-0.03902445256669819,0.0017929302942904957,-0.01228463388851881,0.047059771824622454,0.015530450021000015,-0.0812749086855824,0.04903686112966073,-0.02663938693801108,-0.05538120932546424,-0.057153421801037385,-0.055783629364278754,-0.09779846636577877,0.016489209559732106,-0.015300309723535658,0.008697652988269562,-0.027711387356309843,0.0034901092893333875,-0.11802310871880625,0.004123591960066677,0.029705204043678546,-0.035235618555737015,-0.04629177980300251
2020-12-25,0.047096430403340064,0.07916411253674731,0.048705082982297636,0.08947771966951538,-0.04549424929000521,-0.19424809689537473,0.28448605452229125,0.24983993645819003,0.20288815858130513,-0.06206353666721701,0.2696891193455998,0.22719479116367916,-0.08025206897200902,0.20329112154935122,0.10541676344749208,-0.17491805581077743,-0.16300894362399607,0.16424457390154787,0.046545948047060734,-0.04626121006423927,-0.04807825189492591,0.016773953234137558,-0.006296943208779879,0.18669427230897143,0.11955270906938738,0.04513675239935702,-0.011342607239550096,-0.1476562164510834,0.006188927962018457,0.0362866968947322,0.08771864495947282
2020-12-28,0.018815585726707877,0.07263393196363943,0.025724264189336942,-0.008131991541788354,0.14217452589030977,0.42818477835388286,-0.4076755446934622,-0.44760160565899,-0.4419912892153295,-0.20070146688405946,-0.44299534724075934,-0.36145387393615475,0.07710424158076515,-0.3352486060829734,-0.16286440339889313,0.199584904517542,0.05802721529343435,-0.2759556384638631,-0.047801659342908275,-0.022343899435741985,0.08684624015655519,-0.047321551424154173,-0.023368325506968844,-0.009183799401234692,-0.040168105591656345,0.037011654109923325,-0.09833833713719886,0.11008839847204907,0.055101676884103896,-0.01745510618562059,-0.010479255447373204
2020-12-29,0.07099116125722493,-0.049409380630979396,0.0354703317281497,-0.03397391752138616,-0.02497182392482215,-0.14434240632259446,0.2256585180494007,0.20753639915012573,0.18677175036340052,0.07516658132782725,0.07409774593822252,0.022841225654673777,0.1153691183416149,-0.03818540721930551,-0.050298255188856944,-0.1618797990004683,-0.1219723940219276,0.0636661653324049,0.10635683938817612,0.12057029692964916,0.00715281520198067,0.03274732365938354,0.0017754367613099379,0.06634044621944325,0.16843053156155988,0.012069780770684041,-0.00912433190772805,0.09049809949495098,0.03566210173348347,0.09478121168753426,0.12021673045935972
2020-12-30,-0.02305123839550091,-0.1461707667246389,-0.10544601279989235,-0.15385899277619933,0.03702445116045379,0.02643955593592198,-0.16334163882296995,-0.1368003280456192,-0.07048025210847922,0.03895300580083184,-0.11111986941950444,-0.1360754143390662,0.10074978517461342,-0.07226940248800226,-0.09791231849207746,-0.005810970883868706,-0.04181327501363043,-0.09711851398261448,0.053475617129964764,0.07461548160581863,0.08150072904586793,0.006949255271695558,0.044846735926461066,-0.08380959002380971,0.12368289978062863,-0.00950811328317779,0.08445209078335364,0.22061816106508306,-0.05126946630719266,0.11766217809074415,0.08863208735056069
2020-12-31,-0.01939302781022614,-0.20241852031359836,-0.13603299836842755,-0.09996623255675463,0.03594770592203637,-0.15791822863685848,0.0517921338600112,0.13861308072756498,0.17530639465614659,0.27348932242486923,0.08209448835092545,-0.04853681712166922,0.1337164494004569,-0.054902237060132336,-0.09799266915974517,-0.17688109505494462,-0.0946557688149762,-0.01473938003907592,0.101911745136138,0.14993152998375148,-0.00793699372421895,0.01311612481266623,0.05737291675769696,0.00452393530077706,0.07976103570381426,-0.06833703913714266,0.13462650383214006,0.2649648968556534,-0.11122507107633531,0.14175642289548154,0.07310549974183445
2021-01-04,0.12670257801287801,-0.15624332745221103,-0.0041788246288024175,-0.09425393220570916,0.03415377155596913,-0.036775703676205945,0.08647053891393262,0.07841982181337252,0.014573441431610538,-0.09373762753886707,0.1074745173264037,0.16171207707316693,-0.00822963363354768,0.18015267752259892,0.02276726012367398,-0.07537668862708832,-0.11060977235948799,0.016951449501039797,0.2513740156661411,0.24626609059330518,0.1375882377458693,-0.0236271111814013,-0.006857552929051148,0.057361610102972097,0.19773955450878278,0.09961132443557856,-0.03356651600849441,0.06450941591410024,0.0477858754870849,0.15872026310984158,0.20402179823833613
2021-01-05,0.19562692350322847,0.11085859671566435,0.17040678478116864,0.12281134849451153,-0.034784020685458265,-0.05127024631079656,0.24768657988768816,0.1674429936758232,0.11346018170043685,-0.21804804466809213,0.08351274468510096,-0.04743923363189856,-0.10456191884703188,-0.027445928604908573,0.19217065237871697,-0.10113017676462227,-0.08082610684366054,0.06654302314029395,0.17120708008672442,0.09314723510627859,0.031607938416139965,0.004362322935155567,-0.0614104146596171,0.16689036487714495,0.16105609790102177,0.17503802227325166,-0.08809605824985078,-0.23493816769481354,0.153501293109093,0.0425401479667262,0.1442350602281779
2021-01-06,0.11417363146731692,-0.017184231128421542,0.07912913947033226,0.03761402341380542,-0.1147558773489721,-0.32254583929037145,0.49960777064156675,0.4721348295230492,0.34698003680268175,-0.13834496764730375,0.4247866770322673,0.3000483696349185,-0.11402959799773725,0.2974983457378567,0.17796832873173085,-0.2652501340399042,-0.2919825581041641,0.09904011681778677,0.17312057335999329,0.0649041459352605,-0.06713344325375986,0.04664724834634574,0.00043679405425218196,0.23639301065298576,0.30685844999655637,0.12262540049318876,-0.03152294001401291,-0.07588884182765546,0.05103971960642083,0.1352584488944012,0.24103582781180186
2021-01-07,0.05328190019859444,0.12733201665304625,0.08271604784656926,0.060381446527174774,0.07596815435503401,0.27614850409558883,-0.29166877827308363,-0.271972270270556,-0.28040697511022783,-0.15465723176582655,-0.24766040972504424,-0.20107753409061052,0.058623682513420365,-0.21020538889230958,-0.09177468079568249,0.04717366840287709,-0.0017871925232180478,-0.02095071901076373,-0.025035607972730637,-0.02440205580516622,0.05141897152986991,-0.009034789838870889,-0.018243059012179662,0.07391053430854058,0.013086999936096856,0.055121646881029385,-0.008365372866767846,0.03740369783774798,0.09674967852565289,0.0002640253831535869,0.04561616560714992
2021-01-08,0.09985380887215024,-0.06246815536515745,0.028285341491128616,-0.014484985121157493,0.0367823323942465,-0.07012860230665428,0.14821496969627926,0.14032247282997323,0.05981602245475727,-0.18375007735126633,0.23531386048758468,0.2386086871405257,-0.009912849344771971,0.2723735970863636,0.03571623199931264,-0.04781234284304914,-0.10253860966905635,0.1133830015969097,0.15643611163091312,0.09956872385531094,0.050193384689903156,-0.008924467227566962,-0.023721935250987012,0.06662369093836264,0.2070562410782404,0.08667885842714408,-0.07860854685306744,-0.03444689968428752,0.06112479178973004,0.11058851602050207,0.21478387652342254
2021-01-11,0.06934760512968675,-0.05341398042240149,-0.029510203141616592,-0.048917725153167155,-0.017873605097499135,-0.1344680713188246,0.18257482819686807,0.17149516330025044,0.1503297023584063,0.010099807782258436,0.1148958272608719,0.03835111199300981,0.04519892052734708,-0.013438098063671926,0.05331621861681857,-0.1443371041111345,-0.10300242883274936,0.02594192342582061,0.1435487446592827,0.08783857626885518,0.00880739960409757,0.018945499825110283,0.004754180862477229,0.0848488416684954,0.14232561589276468,0.04088816292989421,-0.012721882825854007,0.06362099715573842,-0.005454132640109663,0.09935702133763846,0.12782956632046497
2021-01-12,0.16309629868424863,0.07548475335720033,0.1258758028950315,0.12910457474393972,-0.0011400859621361486,-0.10688080403041562,0.22045111374908305,0.22628109787602524,0.13275645015563856,-0.15035069645269594,0.26743765327825464,0.3226466586911014,-0.01722257073058984,0.20045391832404003,0.04107109198488882,-0.15219491118516448,-0.1487685910140501,0.11822261893756057,0.13890218210957125,0.06406841649071449,-0.028952679634381466,0.03094824993787486,-0.02486537383199015,0.18074573246259446,0.18808065970360976,0.1349194164465213,-0.06013029363311647,-0.10463647699415778,0.11765187674346599,0.10013164642571011,0.1923008877679516
2021-01-13,0.09792781292514201,0.13205069706551137,0.1063555939285995,0.08287723379957826,0.14014896456875406,0.3629582467637847,-0.39064141842050853,-0.38534634767565623,-0.3696737988809531,-0.23475437127382695,-0.25938900532811765,-0.0885670491178279,-0.03802621882029131,-0.06924821283343338,-0.29734497572214946,0.2957466151784268,0.02265892139634512,-0.09855408002083273,-0.005180775579302374,0.04659636987488233,0.05752236378050389,-0.061424295519181986,-0.014563418088924666,-0.11844856894784916,-0.13337862880947834,0.05893923966341239,-0.19327935709465757,0.021550292993895232,0.13449225367495396,-0.04310267664937482,-0.07729677544081008
2021-01-14,-0.0815109835136742,0.04832429475577057,-0.031453462243357086,0.0007412615987608364,0.06921689164010403,0.268540734465845,-0.46735722626239073,-0.41475928669039125,-0.22749835972243107,0.07109218089956376,-0.4162880943415066,-0.3087672586184892,0.1035699111347086,-0.2637544097212895,-0.12027260530561071,0.30200732478796755,0.13415556376942706,-0.19894928308515522,-0.12435736329860154,-0.07872324592904187,-0.011261351070682456,-0.004375689284462166,0.050180132139155426,-0.25858576206722295,-0.1370710044143673,-0.1247999060480055,0.016847385857017155,0.050110320015076065,-0.029445752027701947,-0.1223700414785885,-0.23927633007163057
2021-01-15,-0.15090464842820558,-0.13114684447637717,-0.1850149201546138,-0.0688373452987429,0.0061679019103230695,-0.09421390346457716,-0.05676220407796155,-0.029455805431265285,0.0450891746366357,0.20800051539456238,-0.05158474348358439,-0.13015236120959614,0.113292945400161,-0.15311592704824692,0.011847889437182244,-0.03779753601779308,-0.01370004082269033,-0.026267046863228113,-0.0501813955757742,-0.037595131949409166,-0.04516319034909131,0.012764000622093897,0.01898374910669219,-0.1167002430246574,0.12260826484750703,-0.0944001108196453,0.1758164792678272,0.1799079667401811,-0.17861226378070852,0.08724430108388782,0.012480589205653942
2021-01-18,-0.06085022858431176,0.19934582776058535,0.0707888542241877,0.06817067597676481,0.051064319458878765,0.2910047782526468,-0.44716093273535273,-0.4179652262414555,-0.2877385541653646,-0.1595845858871824,-0.23870593548352206,-0.023528564191457792,0.06127321646789947,0.16637503110674315,-0.18537098028731325,0.2931876717792513,0.09870206305760124,-0.11505375944619252,-0.2128947533834007,-0.18289452019893518,0.007819594625518688,-0.005807668400195825,0.011457678395670946,-0.11435963780559755,-0.2222959530575261,-0.02008234151000865,-0.08808081614816338,-0.06511271734871371,0.048070881605829285,-0.18952165418943,-0.22563923208545425
2021-01-19,-0.04192409249292208,-0.21589959997796668,-0.16608010856571334,-0.09907549240659345,-0.008252285485023145,-0.24335346939852404,0.15560075689995637,0.22509385192688014,0.2504377375675272,0.0913135591285085,-0.042073368999258454,-0.18085527685990996,0.06629942632668212,-0.16900423459447458,0.13116658425728112,-0.045710364055350616,-0.08819068080364204,0.012218877789886009,0.14378518478307042,0.13893780013580576,0.01441801531934563,0.091208351919444,0.09037195592942934,-0.10295519620834442,0.2039237757663776,-0.0674533506360148,0.06091875252944707,0.07532770645939754,-0.1368280630468521,0.13699399793784903,0.13705576180259652
2021-01-20,-0.0040684540227996,-0.03973839941903292,-0.024991390989847612,-0.02363274200997718,-0.005614375449417967,-0.03690677231481787,0.07273016738569014,0.07208542888943989,0.05357495876484156,0.0631494058520136,-0.11826514223840147,-0.1914397300948008,0.14487911671091172,-0.1530942941389584,0.0677388876157267,-0.10144763316417504,-0.05808824366314864,0.007129221408442058,0.073923795268761,0.052869621570658915,0.04065171440020215,-0.005573890600410822,-0.0256823793690505,0.09480175326282823,0.06666382794596278,0.011479059857697795,0.05255922854845592,0.07492708038678872,-0.04134629811596745,0.08630173654048551,0.09351000765723902
2021-01-21,0.04206963078158647,-0.13489107470040787,-0.04871176498589372,-0.0673422973353324,-0.06540769822771307,-0.18994350939677124,0.18757755748052432,0.17977155375313306,0.1882037137779834,-0.12644149361884952,0.152451956874156,0.08070987830581176,-0.05613781727770063,0.16730413664159083,0.061612889751549826,0.05115919198443668,-0.09866917103468514,0.062371725142486546,0.17513679824803036,0.14025931505211664,0.09775676188998793,0.0386100322737358,0.017913481113775283,-0.10248393173827207,0.15287546447794115,0.02706999287541139,-0.08231956057416183,-0.1126761650703696,-0.0273338992192396,0.12068831107363451,0.1584150704971303
2021-01-22,0.08496046152798678,-0.060641357506327244,0.047936425402851854,-0.016519176479100804,-0.09149256565329807,-0.24093358044974486,0.3328142236516363,0.3567061273586625,0.31882891874003166,-0.05421248475360009,0.0910381033581436,0.03657859550526301,0.04735802606830652,0.052265350623296916,0.13768654388432766,-0.1602498416971494,-0.10377284782425365,0.027404015099614033,0.14326166239484012,0.07260750715828909,0.0026747801274169705,0.026371942623883846,0.0030267170453476965,0.12124651759010965,0.11864994233700178,0.06051626328335817,-0.022047157451504408,-0.08052996816007937,0.05092498714811299,0.08618807480544846,0.16450331584927907
2021-01-25,0.08134706191248067,0.12527788360114409,0.11126596425654416,0.10495955447279212,0.07064094609096246,0.22682316088713148,-0.23819408168459644,-0.20402130207695307,-0.1678363118631531,-0.17466945111967005,-0.12864113568877433,-0.13470107084068864,0.013762903183316695,-0.18799781898984513,-0.18961178773981222,0.230531634803344,0.06031641506655722,-0.04028147074594291,-0.015055329704982969,0.0033617627440832003,-0.05725762968735903,0.016164704692313528,0.0035381169769396945,-0.09322134860604299,-0.14767439430191587,0.0182842977538195,-0.13546167848324098,-0.08230863576998855,0.12237750618269018,-0.11633652198445567,-0.12074961773662704
2021-01-26,0.06991797176219125,0.06925201435315452,0.05716516469321218,0.041448237143257134,0.036394644013360476,0.05778914610542316,-0.03287298352613615,-0.007689634386300191,-0.019131246450353575,-0.09289075963933642,-0.007072638579928852,-0.027713035596896328,0.03898656104500202,-0.01817764101756205,-0.02562463947228095,0.06710744879724949,-0.023496835728677935,-0.039965863145807835,0.055228285185871084,0.02396483388830667,-0.02934544424561663,-0.003097136996414173,-0.02229059954722128,-0.002411711550292265,-0.026371483069582858,0.029022065962480942,-0.11766695003068507,-0.04511731503223771,0.06670079029644299,0.01850286959205597,-0.010568602472853844
2021-01-27,-0.06619540118028054,0.2642471123986512,0.061519983297846394,0.12420189682680424,0.049824143831857556,0.2694215738318567,-0.2978662892584952,-0.28077522049151815,-0.24382967967831423,-0.21705536255874358,-0.17091494845932437,-0.13728914664080594,-0.043085927055481275,-0.04582861105534971,-0.21739683463659984,0.2689067367227609,0.07617540841606946,-0.060510745594003996,-0.24624818365588136,-0.23374704930498977,-0.055105733255907,0.031360245964282794,-0.003262958433242016,-0.04627290308273601,-0.16523865114370237,-0.006046080096663466,-0.2242865939219731,-0.07406999799147065,0.03159645446504612,-0.14580946483731527,-0.22619439267603472
2021-01-28,0.1063200931592613,-0.008596014062973683,0.059137711574971774,-0.009300407588200919,-0.011855680827833311,-0.07317346735264178,0.17580561953920598,0.16745366495277542,0.1553780799523853,-0.15095978125980705,0.10484548898406396,0.12945645625773633,0.030461384049870383,0.03595450841996794,0.014711707271074572,0.03930913688224716,-0.04352788361631726,0.06849114462479489,0.1394481679948284,0.09800885943380007,0.031247717021005025,0.03832441261664256,0.0669132425602139,-0.01949256372382666,0.04339954680273058,0.08370206419860317,-0.14885883410292444,-0.1484365761392783,0.07661668642158158,0.03655195487505729,0.11101730998952876
2021-01-29,0.16343289304919048,-0.13975017688149005,0.034831640892291696,-0.052531703004759116,0.005645758626646598,-0.13729894907860846,0.12215904110103289,0.10606663811947055,0.1317006320648606,0.03744648746614811,0.12404579386926107,-0.008846686917162538,0.09706289341114972,-0.05104837347415199,0.041454251836797865,-0.05081993918094281,-0.03208846778791601,-0.04578175320013618,0.25754954542085207,0.2592510390579386,0.10435744575577836,0.008998591950726883,0.0063119791925865375,-0.037229806837028555,0.04832039842623448,0.06394673367505722,0.00852258352385533,0.032166797036432916,0.08051305855153176,0.09673218124392487,0.1698407529318464
2021-02-01,0.024564564633958133,-0.10684523900858464,-0.012744848830462202,-0.031489874955479696,-0.05904871357159627,-0.1304794757532767,0.11999912705837042,0.11041307762958812,0.09163277642750779,-0.021276951322681207,-0.01676824227499399,-0.15872794140679908,0.045789849621422164,-0.06151231835802832,0.06609789626536128,-0.06802616714031247,-0.14209188571539996,-0.10020504302425617,0.11986622688324541,0.10171083981578329,0.03564387795064644,0.012912005995788362,0.03216864071953208,-0.01376148511418199,0.23398190628620252,0.08949785105333355,0.042643855776168846,0.06843999211083686,0.01808707215610165,0.12264375002141532,0.19092892127941982
2021-02-02,0.05933695593342805,0.06455053953837564,0.08895096111040171,0.0940746974589856,-0.08913390759372998,-0.13789276671610945,0.20804586556612914,0.25425885761193534,0.17106263987133483,-0.180991516266586,0.1816075049558503,0.1924430056380316,-0.019935034483444768,0.1426480567263863,0.01339110768369406,0.01678931964014469,-0.07123190047723969,-0.017466510711861748,0.042085085073567216,-0.02334512567471469,-0.06714758236429647,0.04188062085437881,0.030444145663423867,0.018329984077564945,0.033941020865191074,0.07028950509653689,-0.12418172354795752,-0.23286214638018876,0.0725953364229959,0.011283282646083213,0.10813021274545967
2021-02-03,0.07723420540635849,-0.001006937094652246,0.07446403617808364,0.019006878932774113,-0.09171429712536286,-0.11495283567224113,0.13567669944115363,0.1426673662471252,0.1327121607085896,-0.12109657999671528,0.16842480143413488,0.14868755241964793,-0.01278327477732296,0.14508227250078254,0.03360750002267014,-0.0004505782471151846,-0.06241387892671612,0.024932019004841564,0.09944832665164216,0.062448779743569764,0.029039236580912717,0.0011986230151354801,-0.005053694357008053,0.007475622852860173,0.018412088939009502,0.04601590901788137,-0.04662959794128321,-0.09902032378793273,0.07941778770438547,-0.00416339345884376,0.10549066503568406
2021-02-04,0.07153054703411117,0.2157990052670494,0.1721728289988751,0.12058660466240749,-0.019539666106971686,0.2008984381101859,-0.10377669472881432,-0.09651248843400315,-0.15013586872321874,-0.3685962853348878,-0.09918282334273597,-0.026586154314375648,-0.02380091279412227,-0.06389653430311126,-0.1935366818993384,0.21721557864925428,-0.007962349845128301,-0.10535463121618602,-0.04984192526240337,-0.07850772702592931,0.008080955262586578,-0.016085653211779356,-0.017593339421918732,0.0153239243433705,-0.043662586488031646,0.11158708149078128,-0.20713356183319281,-0.2845292360446477,0.15936142147195242,-0.11933340156849609,-0.07568512241191665
2021-02-05,0.09214006721484003,0.04159000310898067,0.09754533028716406,0.057544452590241414,-0.04092009776960812,-0.1249895494965386,0.2682365292821566,0.261988877550263,0.1731727705813928,-0.12373523009839132,0.09982331501217014,0.11544545598319617,0.027710298376740605,0.013231540914185269,-0.032018463451397715,-0.12105397448481288,-0.12216127453400115,-0.018095050841861242,0.09313752750416425,0.05370292248173671,-0.021652653908865897,0.010473365916388186,-0.0066233196165267575,0.13411178061705095,0.11039721200359903,0.12363205044631671,-0.13071735244356597,0.029416834435470048,0.09069827915655204,0.10636774116362491,0.17191672154025733
2021-02-08,0.011714977574814702,-0.06366145361504788,-0.06774367207665298,-0.04170063939501694,0.07737478585151601,0.004619691512226233,-0.048450632667819356,-0.03825714327117383,0.044157716921796035,0.21437291915936255,-0.22127701753971998,-0.24510701177294048,0.10862982435623962,-0.26595594114305315,-0.1112147581155061,-0.1561372672792118,-0.09992967849617333,-0.16285764813180278,0.05588401240556312,0.08479607808692961,0.018855151419899997,0.031432607762602205,0.017118280905690907,0.05694252295162099,0.07314190903516649,0.02006279762049673,0.15118141498669957,0.30077202703195016,-0.061118733719124206,0.13922546617221088,0.10145701102041887
2021-02-09,-0.05223687999123408,-0.04183527440089544,-0.04730706438706742,-0.02037966267308818,-0.004199998306944003,0.07827609534776162,-0.06134783381365026,-0.06365611760264248,-0.07304244942949178,-0.13995319540416448,-0.0539787150608266,-0.019388597894538992,0.023190654626526405,-0.004090744230867283,-0.09018688637334196,0.09729896363926549,-0.03733518295856123,-0.011235575702623278,-0.016520605397295555,0.0013700942271434693,0.013846506388120891,-0.010870973832318404,0.017376962539102835,-0.020586762259224813,0.07118552467938262,0.013869248243548498,-0.09360742146174662,-0.04794977907695173,-0.04524243654141159,-0.03174813870649423,0.006780841254366752
2021-02-10,-0.1032194058399867,0.16016372665878248,0.03279617457016624,0.16222039681961847,0.061383782311663554,0.2523219833168355,-0.3757153711942846,-0.39895145588762226,-0.3031174136442025,0.21675641835314716,-0.3237375275584313,-0.3192519086901966,0.02315664681659876,-0.283910562657698,-0.16571952167811901,0.017711284636286066,0.09661181933313107,-0.1080642971084649,-0.25182941465461256,-0.20235320422021758,-0.176354018579835,-0.018925839483966565,-0.039577840850764996,0.03482621895528073,-0.24105676586827474,-0.12160283905181153,0.15186557121074015,0.1545245931737756,-0.019171817957074976,-0.1432057942746904,-0.19636475775721793
2021-02-18,-0.023124542406266782,0.2522052342743502,0.08691333870417849,0.17929406143595233,0.1214553058086624,0.351977721437873,-0.4559058026737019,-0.466131875859039,-0.40189563238289666,0.12020377921211257,-0.2691017947976098,-0.147714365980599,0.014471146371680923,0.023200392577356902,-0.1985428517203696,0.07317723166800874,0.11808074546357801,-0.08576236037559935,-0.22508368642287419,-0.1829862379686689,-0.08649428430769564,-0.032868934386014376,-0.02725774365598016,0.047331570072053915,-0.20640273174703033,-0.05065404561480889,0.08232175938549963,0.09094998445413323,0.05412936537781256,-0.13136559518699506,-0.2247531648858326
2021-02-19,-0.04531613675786575,0.2674632565188619,0.12420248611318846,0.25636798654469634,0.030820173769967575,0.14271183976287014,-0.2063965823346369,-0.23535442068415088,-0.18774007574026305,-0.05583308653257315,0.05962610597405699,0.18388979641123349,-0.21853873707970797,0.29190488723057856,-0.18837926092510998,0.16315355965760836,0.056521588120382486,0.0027812768589055357,-0.270587947234577,-0.25526648346097985,-0.25367163494652645,0.024334157140442375,-0.02428482676404535,-0.0012170394052269302,-0.30729939550896157,-0.01635390785460585,-0.04740219558534099,-0.015024652544538716,0.05342538950624155,-0.18398404526361178,-0.23866949928616255
2021-02-24,0.15029226941605947,0.1489235911455964,0.18899565299173582,0.11333377510483857,-0.032140385596628185,0.015709011744229118,0.10411280818849843,0.11927505389742737,0.0723588477350372,-0.26555476492505675,0.017360644381960753,-0.09833648770111625,-0.0892223513111621,-0.0468557007522893,-0.07149089591715452,0.011969353722200206,-0.1253313128796143,0.015661211926106783,0.04111803505549443,-0.02449437184222611,-0.02854756760520283,0.028022016878013506,-0.0028645984272844746,0.10050532195393436,-0.017846609046264613,0.14685042081594185,-0.14533998253754268,-0.221351648559798,0.17167676062227563,-0.02354989639245725,0.037829278092927375
2021-02-25,-0.09824731761277761,0.07508893401919509,-0.08359846234826285,0.03424896213420433,0.1538061164941621,0.27520922339084447,-0.2960488758570887,-0.35431447209623695,-0.28496861379069527,-0.061994659508741175,-0.031913706324127405,0.03681686786430987,0.01753525369034047,-0.036466164046974905,-0.2935064159054127,0.3026123636866499,0.22517337863214654,-0.004383043213670636,-0.18177340558137067,-0.12012319802404225,-0.006399777743167696,-0.02559688319559887,0.035441562845264035,-0.23217218695852418,-0.12137465950468061,-0.08374330192342017,-0.11972780591294863,-0.03363546933409096,-0.08724844884693696,-0.12203794016726761,-0.2737043431611338
2021-02-26,-0.03203317802448832,-0.11461038533951046,-0.08463308295210958,-0.021620723397343816,0.002922109565256879,-0.033709911551000796,-0.011420198824298618,-0.055515294150470004,-0.029231791823044688,0.3015599043330096,-0.12306660470562127,-0.15194992437791574,0.0765212262617991,-0.18239143539044106,0.009030063816686787,-0.07379904382618849,-0.0645605368641185,-0.18293116369707807,0.052771252839303465,0.09093648814797475,0.005505628653413285,-7.143469374063894e-05,0.020124312680603534,-0.06069338860797138,0.08862733589723877,-0.05926959440140385,0.17700784412104,0.3037869910316091,-0.06250580183639882,0.09661156070590499,0.08530757331004755
2021-03-01,0.06446368721278427,0.031800079874110404,0.045749672245032576,-0.0009971750833994162,0.035616876958322885,0.05191857740160037,-0.013523725223950317,0.024662570764061805,0.01201154663271496,-0.1875086959577929,0.037577114323014145,0.05122586130111729,0.05487116720387786,0.07312655639913992,-0.10530707114784674,0.1541714025029347,0.005749745109687841,0.037464307002077035,0.031108464903972215,0.03756966099558095,0.053166218775729746,-0.008665924115658589,0.018462195226541158,-0.10030851647587563,0.00919878320250736,0.08155882705863594,-0.1335610474731168,-0.07771568568369704,0.05993943726195413,0.002660407081042836,0.03350294473179529
2021-03-02,0.07452279808804291,0.15326437211657043,0.11677355681308813,0.15894572402259632,-0.0247945935586773,-0.07598846347573426,0.02852877590576643,0.10403263702558839,0.13591542787475486,0.0691758323868715,-0.08141306860317511,-0.20018728842556968,0.07527881635074134,-0.16348054125774086,0.02720865632547314,-0.12051328759364688,-0.09177002995475268,-0.1387901223877826,0.011527183701182688,-0.05814871880577739,-0.16192499522160297,0.034328548665345744,-0.034433525524898714,0.12766365336439855,-0.11021868528943765,0.05819710168339578,0.023250272460202153,-0.016397637402392477,0.08737791965527998,-0.0024310043662163884,0.0023234701278608103
2021-03-03,-0.02647596428896323,0.3325170198410468,0.1361246558754033,0.2377681612986429,0.047469719928130566,0.19818303872913637,-0.12122511685471851,-0.21086134360087477,-0.1863804026953679,-0.2419526216457339,0.29019925586084233,0.08955046202262903,-0.06893147746034499,0.17485907704067605,-0.25649807752830656,0.23373657723738372,0.085415545236716,-0.12985999679643742,-0.26749242967590653,-0.27445554669357114,-0.17658913538892773,0.01086330784965765,-0.027678067106097545,0.004220728904145046,-0.27882018418753485,0.0034320589848157845,-0.24791206192690976,-0.20061283742780808,0.07467473906660108,-0.1959377383600121,-0.2891536511768182
2021-03-04,-0.1518983183348398,-0.008116069633468939,-0.1419693019198175,-0.06415038254560539,0.12943683400357708,0.2579234074613769,-0.3141956877678073,-0.381621264476909,-0.3094689706706309,-0.04770879849546726,-0.06221531514467512,-0.044095559446353585,0.15342391689163862,-0.09974635245191135,-0.18057636820406195,0.22975378359332246,0.15009971674631428,-0.022453207655548306,-0.13376863260966304,-0.11623024410379876,0.03458254672491954,-0.014606538688279016,0.05353370749984692,-0.11473874992987913,-0.025573831900198702,-0.0996179477139218,0.004118511000630619,-0.01576070650022485,-0.12563805065212078,-0.06063089026848984,-0.1967667775315617
2021-03-05,0.1357709219517842,0.2863681727698398,0.23762006480769843,0.24544717291569226,0.014154108095950867,0.16415334823881775,0.0334978613209348,-0.11856809910844335,-0.12007567307464884,-0.1867861199736681,0.18954023683422513,0.05182816216439939,-0.03073977890411624,0.17651288475566448,-0.2078281654005718,0.17237180297941343,0.11695966636573187,-0.03376112371127531,-0.0811313152285382,-0.09537593909495129,-0.07107751152780949,-0.013297267555328845,-0.023349825907366457,-0.029768972835039348,-0.29619879259909565,0.08082358711718024,-0.24178910659187952,-0.15416860772259278,0.20229062990747584,-0.1602214280428918,-0.19341934814109912
2021-03-08,0.10875163477647308,0.29276777268444754,0.24690412330144976,0.2278870608273207,-0.09623043883916658,0.08641752438335627,0.08227215995168322,0.05396165920393808,0.034707728794655106,-0.3228414754176641,0.12062641983308263,0.0792346450517397,0.021537173842082518,0.11799673008788765,-0.12232466959045601,0.11949633354929251,0.0005738793774629884,0.04016869325919799,-0.10541635429730696,-0.12380866962075848,-0.09068717980302364,0.07549680589635928,0.022692026100553934,0.08219129013411525,-0.15310899962107363,0.1695839716371217,-0.2771939628470582,-0.23740986176891354,0.21108545551299354,-0.1365016590274356,-0.08416865708353666
2021-03-09,0.02991502427607639,-0.17625198204549042,-0.05663777176538679,-0.0944135161702688,-0.02480155383741119,-0.20130845982592915,0.04796625401442241,0.2819763590770218,0.3489934293058835,-0.02990474469915743,-0.2739134202990404,-0.15678994471787158,0.030129336522052522,-0.06955775277119568,0.23590905537984722,-0.059640341142449455,-0.07124616860490834,-0.09709189046450448,0.18819093094881986,0.1320673063941655,0.043131480995386114,0.02030013991721396,0.0229418447359238,-0.005671525878460045,0.14432691235427209,0.0009841961388901042,0.009870909494282992,-0.09215796854504671,-0.040538218001544626,0.10940802476423239,0.1632109712426547
2021-03-10,0.04365142414293667,0.06946434792832425,0.06303935415230498,0.06827525594938225,-0.017658724776074743,-0.043780489078692066,-0.0688464079895757,-0.010306712206385401,0.037076905368018026,0.23595784083937427,-0.106380973324051,-0.3260406602068462,0.08773334355766757,-0.18898593144845374,0.007472216751416388,-0.20934308703317878,-0.10053416912279013,-0.3003137957814431,0.013000458243061737,-0.00813006289911231,-0.08145233979544211,-0.015174186826982359,-0.028429439945289448,0.13146726273149245,-0.019942771538223176,0.0380828206770014,0.14479241931048908,0.28106874620104655,0.0391659201121336,0.06554769407096542,0.06640167093192116
2021-03-11,0.10431516018460185,0.24055522728566467,0.1804785776993971,0.17237476714523262,-0.0689875854203996,-0.12627864066920474,0.14480867046219104,0.23105374494870812,0.21630178271846356,-0.17125754705249965,0.17665361269927368,0.08580994694342271,-0.06369075643672557,0.10213110021444953,-0.01928714193564443,0.011590399568869033,-0.06983411404480731,0.04444251853733087,-0.046167177309004014,-0.11248078972995824,-0.09603234765308448,0.04156881919044273,0.011553178031219944,0.08320906215261324,-0.12500189420454388,0.12888352199299954,-0.15780906586072707,-0.2180937363620956,0.12409119034913173,-0.027404514909804212,-0.01836916037100498
2021-03-12,0.024322114316530828,0.3471011946182709,0.20356192634492898,0.28057571684517113,-0.08264189852696092,-0.03631194884776345,0.21306057333070585,0.0948026520838336,-0.00015617092083757833,-0.08380505363670587,0.28576970607831376,0.1633930487280263,-0.06291363589408128,0.12410236791454375,-0.18309153011056548,0.06440593262950413,0.058059942682112495,0.1255107319377092,-0.23255760229693775,-0.2508067002553061,-0.22517065230750524,0.05841148076234209,-0.029009870542992488,0.06729446312072586,-0.2921666464994478,0.08077484387463288,-0.18893614021835484,-0.13081741618909812,0.12888975605525185,-0.17919747510521566,-0.19383223079676284
2021-03-15,-0.05159446043370997,0.0473122767589898,-0.018482123717390473,-0.03280802138178369,0.04965630653978772,0.20650454067712543,-0.03234686779933431,-0.2150524772650006,-0.2679984907330423,-0.05303327416605059,-0.02402270583706418,-0.15668190893264936,-0.022951116844650003,-0.11388650691366045,-0.13773807635460225,0.1856315736290348,0.022283313488233265,-0.1332218505239248,-0.09600523983782507,-0.048623445653582675,0.10718849789017962,-0.04350522151180247,0.0009406044140653832,-0.15530062212084547,-0.01943280655922163,-0.022809100586577192,-0.00616234148401033,-0.06005970673463284,0.005758279066435159,-0.12467890371582274,-0.1493248680537289
2021-03-16,-0.1229514275730415,-0.33045608020565254,-0.24687055317545867,-0.2384117498822351,0.0871561803232187,0.09743529755341922,-0.2708888121395375,-0.2137468616483387,-0.09517138758822047,0.07317482022935397,-0.3869697570769114,-0.2966764965250709,0.15424154597018566,-0.3464500170717107,0.09717243942656034,0.11645828846626359,-0.015955767084153426,-0.06912043192059518,0.12625915361787077,0.1713450463241396,0.11257453081961716,-0.029530374162909767,0.03448947525080098,-0.15345567071853802,0.22410006981536437,-0.1611142251385588,0.12019911607719347,0.15026619952211306,-0.18393542023080303,0.08446112754779084,0.06770051392266575
2021-03-17,0.1218591076243057,-0.1163868079902308,0.052065046382955345,-0.04720806567591194,-0.04124212308760665,-0.1654552471298047,0.029110403458438742,0.15809301568694686,0.2550073802061264,-0.10445893943036814,-0.10865469252361457,-0.05486309549559409,0.004568666922334886,-0.07303290295142066,0.16099036861087915,0.03230048166873854,-0.10542567226836072,-0.000635512841914925,0.2198303453506449,0.20650938028964047,0.1157377819209173,0.02257080001414901,0.05157807227099096,-0.0727587731724591,0.1338580458604682,0.06591810098139714,-0.05869161060876441,-0.13967188906406047,0.08412079803613001,0.11030624341821785,0.18192254139385186
2021-03-18,-0.008689374068238982,0.015343910772202003,-0.04000890158448371,-0.02291184822937936,0.10588229537482287,0.1817590915355006,-0.026346217386942067,-0.1899524655488787,-0.19179720514218448,-0.09427677611081894,0.04671157685619482,-0.012089659459636803,-0.0012680843685061905,0.03995271288578983,-0.24987784787261258,0.2439975461362239,0.14266399564873167,-0.10913203730758668,-0.03908182816052784,0.02173713930050046,0.046600611964221654,-0.017084460405552792,0.022640376366866572,-0.13593300264581865,-0.17073292369995355,-0.10319665159685214,-0.17592255810622906,-0.03911231548013446,-0.033917716161410115,-0.03186217579936214,-0.20578169254571888
2021-03-19,0.08309656332122792,0.06354857861280883,0.08431204222852454,0.05321209087002596,0.021981139548431953,-0.03806743523536602,0.0748102035165253,0.09436667208353337,0.062183579518485084,0.1038784436496161,0.01982837773258031,-0.03593720692360239,0.04535628338517279,-0.042880459393396186,0.037427545501371805,-0.10426556638942133,-0.06378272244057245,-0.048921223026144926,0.0517653894761669,0.011110114059210687,-0.030093122598379415,0.016055853619468454,0.009396107565196486,0.050079038215125826,-0.053906010441631985,0.031606375484748817,-0.03177629739760322,0.059437792772551463,0.07957669013799644,0.03548655402204629,0.026703479278373982
2021-03-22,0.038017593837572625,-0.04795772160143922,-0.04665217747294114,-0.08183135955499475,0.12366657266269351,0.2434996599164297,-0.17598464008768097,-0.13946810327720366,-0.14754010242694413,-0.2788320632941475,-0.07575485754639627,-0.012726447717175208,0.06836881737910945,0.020213418479617173,-0.1810479288123812,0.19228225458093706,0.03254914157958191,0.012941360107780086,0.06911492288914213,0.057178193110187334,0.11845832781771118,-0.02279526210154095,0.0010445567100333315,-0.023328307440067118,0.1159709591655626,0.06671330730950083,-0.1814958788128996,-0.10357697239212178,0.016428006215554587,0.02765186418740247,-0.010483946578542345
2021-03-23,0.018488591486570612,0.10862311488348692,0.019761673464340632,0.005868519913666441,0.08850232418395251,0.1563801284953577,-0.01685246661147808,-0.0988316430134463,-0.1264686770249202,-0.14232482975500418,0.15856819723334156,0.08734914321952869,-0.057393555255320715,0.16305299857785074,-0.2064015922530171,0.1150687238634072,0.08422010026491161,-0.05004084455940282,-0.05856580747375033,-0.051525015589554864,0.06237860387294111,-0.013027640702425524,-0.01386746268517783,-0.013458497776829823,-0.1401844060086977,-0.030384479544726384,-0.18005891696323842,-0.15996648393236917,0.019739001860294245,-0.054869537009914475,-0.1883340647832663
2021-03-24,-0.07777385346236207,-0.11671505091287428,-0.10987040728066569,-0.09135511430052318,0.015988133807196544,0.08035035875782202,-0.17734580766202732,-0.0934594365985254,-0.07525915424864778,-0.08281178559642693,-0.21056296784839854,-0.16201057441002242,0.04293751581374074,-0.12313595712526768,0.030924604903737368,0.05020641317981822,-0.010740339074156205,0.05697397371047044,0.008289180665159237,0.03888017980190553,0.03624109307540273,0.018172074467738972,0.0001662887001861959,0.0005418590346051705,0.17817515805281048,-0.02869015807832657,0.006139628406705413,0.016001155085189154,-0.072537017818067,0.04328669150489716,0.08938319858486946
2021-03-25,0.037453055772558676,-0.06132275407684119,0.006050591487431532,0.0012894195236522136,-0.0030643120433883238,-0.09432950616477082,-0.11983541771449248,-0.04135787668736879,0.12046486767475312,0.12121712286813777,-0.2146002658213231,-0.2639482788585247,0.09257813531713278,-0.2714944755354112,0.15141238740499735,-0.11151918012933368,-0.1277403192657254,-0.09043151810610033,0.11094067056286243,0.10335114165003335,0.027127491177780648,0.031240520672414864,0.025329013858078085,0.020823758593544028,0.17249945841877926,0.028773218143855066,0.14401161723752273,0.11259649071388046,-0.005086136647483493,0.10852277822228794,0.1731574643473561
2021-03-26,0.08984479174065686,0.031601721916764226,0.07231035593477757,0.05579630040761109,-0.02359753636554378,-0.12546858671365763,0.06422210144472675,0.11454580740259718,0.21837947359235813,-0.017918499582530025,-0.019017367122161913,-0.06089502225253275,-0.012630064472838013,-0.038370529663277045,0.07777915936934636,-0.041836494573656874,-0.09292294577437225,-0.04213085537655393,0.07432647769913538,0.06634128844567785,-0.018316669040527145,0.021737082793433903,-0.0009876352654647688,0.05463403160417296,-0.027247998249783224,0.08006873405806623,0.00341307584545407,-0.07171204473279516,0.05793871016198394,0.04916985369696832,0.05346779515256868
2021-03-29,0.14465459116383092,-0.13104267730798386,0.043904686999266265,-0.04667729997045829,0.020207254324172648,-0.09062519393585011,-0.17099865492964458,0.06619743021640821,0.22980973587971465,-0.15276977163838779,-0.03255089957284178,0.061669191543961936,0.0036452944865154532,0.1574878884044806,0.12748148314107144,-0.05676049159581335,-0.1338833554783763,0.11094683321861219,0.2462606529702485,0.20519700321486778,0.04821688081919342,0.0566936284005543,0.031232903257149044,0.08058375376626181,0.18970067914092778,0.10548040154999998,-0.002232546652922947,-0.011075126676357345,0.05895361218233595,0.1374678109687831,0.2341075106253502
2021-03-30,0.07229956517434011,0.21291094254685336,0.12331667354512874,0.16203569674841686,0.035616815435322996,0.17307897357023705,0.062006812390798235,-0.04679412383023806,-0.1737872230499552,-0.11637619582053861,-0.13436858450851735,-0.2238230950286883,0.11351968346274417,-0.2762396628924309,-0.2242298458570105,0.18781098594489729,0.07037689048160047,-0.09069189764230415,-0.0980544256804896,-0.07547781104556966,-0.021837702801428636,-0.01575512835467176,0.03899665763334284,-0.06781797895144327,-0.15143229324677496,0.04979426221768827,-0.17985813366402859,-0.14763125963060617,0.11127943693842673,-0.08580318827786915,-0.1563946949496861
2021-03-31,-0.0195492202792649,-0.07612804355926989,-0.028576161898741754,-0.03140452602380081,0.021016746143470773,-0.01794784597641501,-0.13468238269555344,0.002969436969613913,0.10582520024075254,-0.07926867751047079,-0.09077490073445589,0.0168394690663032,0.08893371063550279,-0.005531244197219228,0.09003291786022553,-0.043917406706319044,-0.10796594650576881,0.014167128895436226,0.0756404510320001,0.03986248995651986,-0.01766085951146779,0.04568142683510478,0.0309454121360016,0.08672437799826009,0.1321954797552028,-0.016162513343034268,0.04569561987877417,0.010074964787450534,-0.04622485099661652,0.07018516498640813,0.1363874471762854
2021-04-01,-0.14581001519525177,-0.19983183153199083,-0.16846292021362524,-0.1716310724841985,0.03553574687155978,0.1644350793879943,-0.2574662792647987,-0.20973361506247806,-0.17752381355888078,-0.014261462188240955,-0.1390028798451957,-0.14718203531352622,0.07426293816723711,-0.10971820615405131,-0.03134744621247041,0.10340145119777974,0.04680922420344781,-0.07275166718472366,-0.00039321407058504515,0.057962810941856936,0.08207850977187854,-0.03336088713114577,0.00893278476882677,-0.05288824937554733,0.12481661161262568,-0.1532654476677404,0.012065561424921106,0.08641073565492573,-0.21585077973141936,0.033992297245110506,-0.008023869827476144
2021-04-02,-0.10212113335219901,-0.00572046985091594,-0.08534490744575979,0.01985785033131186,0.05238449689984521,0.06844368563285155,-0.05575018222227205,-0.11606483767871466,-0.12947031249597798,0.1359202426362434,-0.2090078598317598,-0.2040618758175534,0.07140489713335528,-0.18560457605715497,-0.08609903073292419,0.11273167354092739,0.11023462052699232,-0.13734686139983524,-0.09782564509680886,-0.06186803834532197,-0.057396704777986245,0.012379907584479781,0.039576710888288125,-0.12883296396547544,-0.0875297910892348,-0.10720261247770792,0.05219619142515658,0.09047852806053804,-0.032867957674870996,-0.12017071102853324,-0.14513214140561062
2021-04-06,-0.011575170360658473,0.14167118979443666,0.08235053476248859,0.10379919317757388,-0.05029460514895195,0.044712172199769085,0.09740296744188874,0.01398882109169023,-0.06288586599550897,0.1129300136739712,-0.11447307369825081,-0.03451142555700985,0.03555728129572782,-0.0217766665297957,-0.095956387805328,0.046861273498998234,0.14070130921665697,-0.08633607035212927,-0.11714461823109182,-0.08166788527227098,-0.1133283776140364,-0.012792218842832175,0.00664656097509737,0.043328314724655946,-0.23216607190761318,-0.09444854172017932,-0.01025728640306975,0.0008600622126982336,0.033744816013830434,-0.17046278559295658,-0.20873318652860667
2021-04-07,0.04891426227472196,-0.13447429914734593,-0.008530086526160708,-0.06282841188222943,0.005584464949246964,-0.03783755450588739,-0.16671818604023764,-0.01891855091140163,0.14801735784608794,-0.21173850117391046,-0.03490482117721855,-0.09975497924232292,0.05661691303313795,-0.08153271861286057,0.037322325159458866,0.011816759564367809,-0.12603023042024084,0.10882359973830656,0.16246949169692054,0.14824012324209979,0.07281251290958424,0.026218533589052097,0.005969957621644837,0.034233927039395776,0.19030535686886577,0.048611151583326656,-0.045625923495778445,-0.043170611803996804,-0.018238800058995804,0.15138003159958838,0.18466727872723138
2021-04-08,-0.04992106608339831,0.10588447966220196,0.0026490781038953034,0.06867891640281613,-0.0008620597347503625,0.014958732164758994,0.12350313642287053,0.06556511241280479,-0.035259798482570257,-0.019567394514625493,0.051700820059031746,0.009328871503031425,-0.04017593206461244,0.05904933146690215,-0.15730721782296597,0.1731663863669423,0.06635629797892209,-0.08583567892043488,-0.11831797280896732,-0.09616085479947709,-0.014783396301400216,0.03582306640522384,0.03851211483176699,-0.09600305711715472,-0.14011266090414704,-0.06473648124304267,-0.11952986475416712,-0.06870059515647742,-0.0018031202464944193,-0.0952069581361541,-0.1446886156487024
2021-04-09,0.032177249636356924,0.2530416259588614,0.12898444699833597,0.16812773178507562,-0.049370302922865456,0.0505185739815627,0.1821250588448996,0.10555326541408748,0.02080652746463969,-0.14096343186325783,0.02721780306705963,-0.04108264703836015,-0.03894204876512698,-0.018416204863146296,-0.18375806635514158,0.08680257648936765,0.07508923659440368,-0.06344792681081884,-0.14229428813064238,-0.17135204098680246,-0.08645200384760562,0.008757276894183461,-0.0158204471859263,0.06972154057026335,-0.1894762987030725,0.057773907607598006,-0.183894255060815,-0.30056990140858975,0.10573578615315578,-0.16660017008264183,-0.2015308468519302
2021-04-12,-0.021449387527743145,-0.11230452905606814,-0.0798345469263038,-0.08583982519738693,0.05026428264049724,0.10616305003024215,-0.2581962009115716,-0.2025133757257697,-0.08168477205918165,-0.13294771417292572,-0.0967083505328613,-0.14157940408719683,0.061866428470190284,-0.10898346093151015,0.01601600664918416,0.0699996444880973,-0.008517903107549877,0.06121275258378926,0.07426260522099648,0.08393362920698451,0.10387300366628165,0.0018361160113691479,0.014002260196514325,-0.011326479736353683,0.17191072754117692,0.013128876231029799,-0.024217181592509907,0.003974442268196087,-0.060998661918480954,0.08208823350516484,0.09361469663909114
2021-04-13,-0.06039360715552125,-0.04374840380862137,-0.044045893952086294,-0.058470814363506984,-0.004710505131546096,0.013291169498294857,-0.07207598764291204,-0.06318096796889036,-0.03663303233809437,0.03538766684163287,-0.0744250495691394,-0.1402542300405945,0.06316799248545779,-0.15809750695417074,-0.06334830241406941,0.07277371671189142,0.007284268702253766,-0.06845782334634098,-0.010473024760914933,0.02298227426041768,0.021636895458209272,0.019270821664598998,0.041328954892008905,-0.07310040398944628,0.05381112678605347,-0.055611903814760284,0.0047891806440706,0.13339459301726636,-0.089060849387295,0.030280921478998683,0.009690394593240996
2021-04-14,0.028510305486909842,0.0809364005643543,0.022183698917826507,0.06860858388276152,0.012631281300253032,0.057140563685139506,-0.11237954233704722,-0.0894144037363602,0.00424199402458387,-0.19310718720052558,0.006168481163243089,0.02484013354546639,0.05681981871471532,-0.022952882733062153,-0.12406814683067344,0.14267015492347482,-0.037036095563205106,0.03308399876547434,-0.024311593544570787,-0.013791324428358431,0.009348650311939986,0.040527006647103576,0.03000785678823541,-0.05231295093884321,0.026410269780002597,0.07604917679667324,-0.1619395654659341,-0.013700207862728509,0.011574557083535194,0.006871497691043364,0.008345613087442383
2021-04-15,-0.10081430634760621,0.17769838881879726,-0.01389320624414197,0.08279134725510384,-4.780499060802882e-05,0.139113757818538,0.06344625087486938,-0.03550164021700904,-0.2677669567613101,0.04988848290349723,-0.1324101006201136,-0.06887367622050612,0.07727154300390779,-0.06143461752034011,-0.1501091234764518,0.1266791943690991,0.11632283925538339,-0.11487171792805792,-0.22637036691416118,-0.19679780314513778,-0.04948428410001891,0.021409111342671518,0.030435898912395086,-0.02505392655333118,-0.1756720273548755,-0.03432284705022976,-0.03937535195562931,-0.01871972070003351,-0.05272537633221023,-0.15019966263450785,-0.19599379338596543
2021-04-16,-0.014943584270837855,-0.20398548207236092,-0.11507039026201722,-0.16694665673504286,0.09498002977518778,0.034834857405991335,-0.2866421128669562,-0.22473800976497596,-0.017516275529765264,0.05273289185122332,-0.1640069959654865,-0.19097926384709274,0.0742459521767397,-0.11900494240893338,0.1136255317124809,-0.09269338616650409,-0.02695438324373001,-0.01005267100427632,0.11042125162488833,0.1290035781857659,0.037805077511597264,0.025645633742534174,0.050404345091362664,0.01338315636394645,0.18967566632980412,-0.039056919630360384,0.16656253605000246,0.2708526706255585,-0.052401149305018165,0.16217830414821527,0.17386706164631532
2021-04-19,0.04083012703729045,-0.04811975508471108,0.0017830566799491609,-0.031385452319419485,0.0182832882787557,-0.07644104454396235,-0.05737712635113303,0.00976143689181395,0.1297913200721492,-0.13265947958660437,-0.010558908278167998,-0.031107993831814694,0.012994091787335557,-0.03636028584539407,0.012640570660394226,0.05765065625502308,-0.08749090008692953,-0.014198894874143539,0.09020452714235756,0.0661752074181843,0.05293181944235524,0.029425636093811276,0.01484036179725903,-0.05262101989110522,0.1219336298062821,0.07080389605953248,-0.03149004170381885,-0.11641942309031657,0.025356105093509943,0.07800876009364921,0.09222789856443514
2021-04-20,0.05468948876703028,-0.09086876686843678,-0.006451801039872414,-0.08794800549590907,0.03127853223620913,0.014100260135138688,-0.023040733291409658,0.011615793013929019,0.05432607607963111,-0.1728388850157435,0.11552882072208909,0.05804249104977049,-0.0012028717225657445,0.020539646142749238,-0.02287599461573303,0.0483531771341227,-0.09705953603359221,-0.02909909991357145,0.13655061134289082,0.13005166859626358,0.18946569335167546,0.04893864949199359,0.006344409986418686,-0.054329819507046066,0.09923556906007983,0.04620535515893086,-0.07384955880245564,-0.060132416725770445,0.04206056198088063,0.048344959509267274,0.0954922177614821
2021-04-21,-0.028326707401818276,-0.06940818063615306,-0.042555432821090436,-0.006651514084198322,0.02896394462405189,-0.009839655672067774,0.0011537745849193445,-0.0027257107572835966,-0.01715120099399437,0.0016234108526230117,0.03991268857761147,-0.01149862826024929,0.0060495826964662896,-0.00407182093525257,-0.0031271069685083514,0.05574053430662786,-0.053161103546212014,-0.032037755118507795,0.024163272307421903,0.04673941911058649,0.019258947474368574,0.02319872909616606,0.042579791114810035,-0.07311452584086227,0.06057517696622149,-0.02333848869180014,-0.015594164317099873,0.10396783005696557,-0.017062071487565184,0.053118987096194996,0.05222974549458733
2021-04-22,0.09499015269291687,-0.09685942659939899,0.03160716662187735,-0.02187903095714101,0.043332778002913144,-0.09559987806112119,-0.09917026931575179,-0.027966754280210882,0.19593583762224362,-0.17710733598554437,0.012748890610597393,0.06683994968425981,0.03956863459415661,0.10694878431246571,0.10848220194178994,-0.061880632521423555,-0.1744497615134055,-0.026497205145119208,0.19737241042742062,0.11423373534082722,0.02653607064608237,0.028552465042580903,0.024763801646687695,0.06565292941947808,0.22251396924791975,0.08001147773614178,0.05565743400523452,0.019389561266812426,0.0988588294002817,0.1960596154104365,0.22645449091316935
2021-04-23,0.03203506524527348,0.041043044457669396,0.034669040581155865,0.06293068662423698,0.009652205009883954,0.028057364721551282,-0.09208998077351181,-0.040572307165428326,-0.013827517910301151,-0.10937108171128501,0.0031938506551576922,-0.03465474966618548,0.02288960580169113,-0.040436049035761895,-0.10656453480193392,0.10503548063564248,0.00013065977557646233,-0.06454135384975031,0.04939131162038984,0.010741961215885736,0.015775048090762918,0.006037210561465364,-0.01029368283639946,-0.04042118012283971,-0.018106630604508334,0.023535795621444068,-0.07468923460735602,0.018681403104487203,0.04904314941333791,0.02255424794979954,0.016615462195547288
2021-04-26,0.05933968653209354,-0.0064334364887957815,0.04893201250284846,0.010589784470283616,-0.02177374444437428,-0.06769238081816337,0.0644469502184237,0.07434823352282298,0.13774202845523686,-0.1635034840206284,0.11005771778011889,0.11790852590483977,-0.015041627262507618,0.10354846978598017,0.0015794104385396088,0.02876974855523099,-0.09336402866827856,0.0037791701619367345,0.15319125998289657,0.055893675045100795,0.07900458048178932,0.0585087061938266,0.02411522437979398,-0.004433610551482753,0.1457955842460967,0.09676926391809888,-0.07608440804049432,-0.10132546185028127,0.050189521038242056,0.07080795720198234,0.10313835996777394
2021-04-27,0.04689201897875778,-0.008716230289387663,0.018127014933624657,-0.0014412508677666715,-0.005587535819696708,-0.11153403465097259,0.0602594005175854,0.024092672681393652,0.1651128025061939,-0.00872612270580416,0.026430414401440613,-0.030003997836148977,0.028386136675994805,-0.030979480857142392,0.06450601442755786,-0.06568710478882565,-0.09713691680671052,-0.028061646841395543,0.17156506796072285,0.07124167793656017,0.044154327577115356,0.11380574580814412,0.05012926403552461,0.038058719645653175,0.12267763555701108,0.05581401808401378,0.022044417369329633,-0.0350015190430688,0.028026598321589002,0.09880368418520143,0.10568154385062081
2021-04-28,0.07982488456927221,0.15634716404898,0.08041600563330134,0.10289975225512482,0.005479407728191973,0.08481467069783942,-0.09988109204467818,-0.05879811536393137,-0.02783782850356568,-0.17521912467012768,-0.12473170823893408,-0.07953314677333387,0.07739613634780554,-0.11125254176968492,-0.07661101106252054,0.027049125702375672,-0.031891897552356406,-0.05923436275411877,0.10902707632860972,-0.07408911188465296,-0.04647851560387857,0.058149195397718685,-0.04291797612443583,0.10358278929739687,-0.01639345924952014,0.11735842230190595,-0.0987664558608099,-0.002825086284383575,0.07428737081376127,0.026723235604594976,0.02715175235952439
2021-04-29,-0.03599334231128831,-0.07319322445011606,-0.07234078212478542,-0.0608355623625318,-0.01626078994687639,-0.1492609990627935,0.19445235914978265,0.1576262950914906,0.2033811100939867,-0.06828957923043014,0.22883283303716231,0.18643880363281168,-0.021560586860796996,0.12361651916379841,0.006045962731302141,-0.005185109658951776,-0.12532683119216703,0.01909635845696216,0.18049680433391338,0.035433409299645356,0.06464974143160475,0.13054326983849204,0.10212629303205391,-0.021549789864948474,0.12718462949378787,0.006439406721514017,-0.07070108427061472,-0.12976482134770992,-0.06906149251340196,0.08054698772364216,0.08038419529616077
2021-04-30,0.016196958977723042,0.17103062506697594,0.020934806578327695,0.15809070755980215,-0.011663288606025607,-0.10803680513256457,0.0051590835607292366,0.11048735513937039,0.08467412308847687,0.12984425041671357,-0.027981538845866186,-0.022366055557434567,0.060226502666931504,-0.003686547009261323,-0.03362939134869584,-0.008576615606050992,0.07972859865085427,-0.03039326058237025,-0.01665935630323816,-0.11053904794671789,-0.17057492053549034,0.15601889259155252,0.09168159190154217,0.0548923637011425,-0.1692647724263359,-0.027164030226539456,0.03607840399841192,0.057148101556631956,-0.024431246174839365,-0.05828757880285916,-0.1215736234978679
2021-05-06,0.03552394634635032,0.2631111848495645,0.07105313814704968,0.23845223989471506,-0.051569725658871364,-0.053377989484449884,-0.05460574805052414,0.08731225400546888,0.03871447450150687,-0.0126173135328317,-0.03792284884480058,-0.0030864840938056295,0.001465888736926993,0.09723110827822283,-0.10440483760617673,0.03757395581847282,0.09593584732216784,-0.014495191824409231,-0.15003436341439993,-0.2425666215119642,-0.24695541840250484,0.06565996707942573,0.0020890586014834798,0.15328604006888244,-0.3296597160472898,-0.00282761250668226,-0.07304416976443273,-0.06375012024019416,0.006598277081657589,-0.13762284619503581,-0.18339601993289684
2021-05-07,-0.10888633066536337,0.07707766925957618,-0.09340564792113677,0.08599565014489052,-0.06037811033584205,-0.23714015491585902,0.21645324211288663,0.2789114005527435,0.15535372833272515,0.2192231636651318,0.2570127646131966,0.2172257408335342,-0.07049744144973742,0.26966840997318064,-0.022519099607837118,-0.10309026702558843,0.016268539465361272,-0.033065293022487174,-0.09854895280821174,-0.1835610279210044,-0.13345860954892705,0.11872246469221616,0.07085284331202729,0.1321438319103256,-0.1862081531427108,-0.10529765091709721,0.08954110369402282,-0.03026577677548113,-0.14570813927546022,-0.102855700790243,-0.14041781480825163
2021-05-10,-0.04893240547249877,0.03288638935223746,-0.023004256514374023,-0.08276132452909964,0.05330457080774573,0.19225432348772284,-0.15304884647937772,-0.12446546060357494,-0.18159030213038568,-0.08856746795597736,-0.24012963756258257,-0.2226021365146875,0.03545895523119041,-0.22712216313043856,0.06792266115535864,0.13385951633987592,0.09127121853981025,-0.13843878987481098,-0.1278729838558628,-0.05202857650249631,0.10163931588182472,-0.11571729888549454,-0.06645380212161354,-0.01837063939606817,-0.08148835117680207,-0.010067550837115238,-0.09597511239589715,-0.09956594122746731,-0.014013749861506527,-0.10602988825730597,-0.08642918681785644
2021-05-11,-0.06263233504473033,-0.0372377038140854,-0.07351079733182034,-0.006514105120685793,0.029666119232227388,-0.025161207030960645,0.07342531098288589,0.0855000438644127,0.01766063596754925,0.11834092640705213,0.029556824133435876,-0.011488966943009746,0.027332316667818848,-0.07491286307829605,-0.057814940402958426,-0.01584619982374942,-0.0046405607988901825,-0.02802591294178622,0.013013421040194473,-0.010650456187290236,0.0003716761343816913,0.047219594506151576,0.008486202311364759,-0.017736064675711597,-0.010729794878107308,-0.05850009228746815,0.03142681312772503,0.03454515945567666,-0.0805799203114816,-0.048534137635883184,-0.05841591653280241
2021-05-12,-0.10586097148454537,0.014655254385298652,-0.08816731721876139,-0.09295647062228984,-0.014746806182048112,0.14982466036892944,-0.04538590825671597,-0.03520539095211495,-0.21378785174561865,-0.1150526246005864,-0.039293675803339354,-0.1417081408051718,-0.030069406985805774,-0.008976407711947867,0.060522680569762635,0.1562043391498328,0.04604453628371666,-0.07871442424020185,-0.1270253114316484,-0.09781403859098356,0.1356747237795994,-0.058699573692704676,-0.046921589893388765,-0.057312737280983246,-0.056476595342639005,-0.0258988546628179,-0.14172541802842203,-0.1591285887505296,-0.08394500510097389,-0.14346704672066174,-0.12607820884453966
2021-05-13,0.0011952339115774068,-0.05292642354750494,-0.007940598785350915,-0.11257842758386008,0.08998829101962626,0.18491137100707944,-0.15945745139218034,-0.20205403745199627,-0.16575008821546194,-0.11341888481029135,-0.2032591632779084,-0.22757056859590769,0.11276626953736872,-0.10633467217352406,0.10683519296091723,0.09145040293067533,0.05976398757185041,-0.09440201109253524,-0.016589388629801298,0.055061835596932035,0.08482192086871257,-0.0626173124223526,-0.03398783846195618,-0.02832675644415208,0.09223659656780564,0.024386267527097702,-0.02301633820224297,0.1468503708654445,0.03071257774581136,0.051983285295829615,0.08230827889069606
2021-05-14,0.21249982169378212,-0.13206938901589993,0.17520669155390953,-0.04014858199239588,0.04037159104027107,0.08763679835536356,-0.04523637754020266,-0.2704729391099891,0.15054649078555415,-0.15124303303330797,-0.09662851620353904,-0.16449859691956153,0.09411845929783856,-0.1491223758763501,0.028534155821970733,-0.13291393110855823,-0.1808656553797955,-0.0763984376054601,0.2956743807316232,0.3407703924750521,0.12989855686888901,-0.07010252350433367,-0.0470827184778103,0.09875318078486699,0.2532084353640162,0.1617928464284302,0.055829768940089966,0.1293008966698307,0.22001168675413138,0.2992561423541879,0.3507166434530323
2021-05-17,-0.08686282087470519,0.011929746594496632,-0.08829409863803946,0.008064640646316876,-0.04993971767766482,-0.10111860665747102,0.05396693321784364,0.1292551945530962,0.04900840608746822,0.13606167939555222,0.020906749509199445,-0.10744698894812603,-0.014869815727360687,-0.17285085401244046,-0.015607520999087009,-0.08822925469932072,-0.008813747754643683,-0.05677810784916954,-0.0835810009896933,-0.09571113143655384,-0.07724044199133473,0.05405947190650216,0.025980422768729014,0.051508898474899006,-0.08902895353101518,-0.0808016909376731,0.024993072674329327,7.757007837428645e-06,-0.09316277677605476,-0.07492444578805255,-0.11044088357789905
2021-05-18,-0.07839761552964922,-0.051175377123615716,-0.06985232555789438,-0.06279162951540994,0.015647587369183497,0.02351544439842333,-0.058238175059146594,-0.04993206912515696,-0.035067071553102916,-0.008502740910644613,-0.03462876533873223,0.016584743585293948,0.02918597370776109,-0.00810018270820387,0.06434044520467055,0.04992020212261976,0.002938214129585504,-0.03527115611543687,-0.019307578402905708,-0.030551259024707712,-0.01270061929405321,-0.005730291194100178,0.028949629111004505,-0.039121747621559275,0.025241224974726292,-0.04332558760251392,0.03992007676476947,0.07701535838031673,-0.07107636296633035,-0.0015599380421572806,-0.007393310279266227
2021-05-19,0.0006493715119655131,-0.08616515178406384,-0.005652793111273644,-0.12331357889146008,0.0030713345091021717,0.12695206496475314,-0.029345252303497722,-0.112666041471315,-0.0745936317576588,-0.1704641935993625,-0.019456386124640512,0.07201313919014211,0.008351506355719563,-0.011867012915822941,0.12306560217825746,0.09698082342858148,-0.028923807032311573,0.07240182283412616,0.03405498422149561,0.07249723840138864,0.14157725628514808,-0.07763587354349334,-0.04680846911952785,-0.09948660663886424,0.16806254417255204,0.06224705037306027,-0.03935129067531316,-0.0055715850390500605,0.034540713176103084,0.022363519595532972,0.07319628993776084
2021-05-20,-0.022153478951605927,0.16894684531327817,0.011906193175784712,0.14100125226036153,-0.0073560150589077646,-0.06345821752957766,-0.047798761939130366,0.1104497858049082,0.0015481530668618793,0.07679195923950302,-0.16745796755685052,-0.2816826022911501,0.04797480102977173,-0.2365211012519231,-0.17212594353968932,0.09272211305483985,0.10510561533625254,-0.14889159024593707,-0.1295512208597688,-0.1554158115526194,-0.15683508241452204,0.09626067600512052,0.07764372994938108,-0.01547233812724494,-0.18013721352705897,-0.05767431931681484,-0.02120619164720666,-0.0627535808165884,-0.044210204673116225,-0.14157531402213178,-0.19077937572514733
2021-05-21,-0.07439849637487006,0.02048419305498165,-0.07652412396963695,-0.05261522854938698,0.008626385624493596,0.08917824474785885,-0.0409070853984492,-0.07234123757519567,-0.12651996970629764,-0.03128963355503656,-0.00902149604780403,-0.07590368753746717,0.02301180879124994,-0.04384061862801677,0.021549601323090944,0.053034258693380514,0.01786882765730914,9.242667237417955e-06,-0.09369824092027816,-0.05329319812216408,0.055607591805531056,0.013368972939329158,-0.016589839816727098,0.016629765962035806,0.06852944517841529,-0.02187064970084833,-0.10093730058559576,0.0787342368881848,-0.06390388009886477,-0.015332745609333844,-0.0039742195891906956
2021-05-24,0.04903631964014471,-0.13331473610947042,0.01092191973753899,-0.09685778468006066,0.06552109812778611,0.06901417469143366,0.00800398732429397,-0.16258337529833708,0.027593086066039173,-0.032284617892399316,-0.12151177683580225,-0.2127489218046652,0.1633553839155864,-0.29170568820926635,0.1492270660481147,-0.16534335122494268,-0.18088652634549382,-0.06808238841412534,0.16083329099463098,0.1325159407011602,0.09789863216930672,-0.06490341457913562,-0.07382940746741541,0.13086490676048781,0.22599717470351469,0.04367587782689555,0.08442600764920165,0.08070111187603897,0.0505604085729577,0.19709727861813414,0.22580525842690094
2021-05-25,0.04171004004445031,0.05201553815259007,0.052463114214722634,0.06471820457456884,0.0021698222024137555,0.13158549229373362,-0.18139803987202738,-0.1456491750839321,-0.1443904922382434,0.02591535081922195,-0.21851219487384055,-0.1861763281520221,0.042493780001267425,-0.16735588982058322,-0.09441856428502605,0.06445171889809018,0.1036087892364521,-0.07470408853124828,-0.03617122688165782,-0.0011127510987976048,-0.02940664213862801,-0.012733593479788021,-0.004238198914518698,-0.04412880563767248,-0.1467607011709691,0.011157818841081283,0.01662400519628666,0.014607660843514505,0.049672820412618966,-0.0802648835716445,-0.08619079034010528
2021-05-26,-0.0527754084256799,-0.11024816796005511,-0.06548153257948923,-0.09706700632601756,0.061629160755761574,0.10202100011289406,-0.13067168884038288,-0.13354260651861752,-0.1260204887728664,0.0058300168563074585,-0.15366401018954068,-0.06906911534746059,0.0991815500545668,-0.006027005587418888,0.07555030283205184,0.04800855145016063,0.015335328491655701,-0.003212522722356982,0.013661539677759812,0.06522631906064147,0.05520995537778737,-0.023786081440175792,-0.00660356853774759,-0.0828602675128075,0.10593634799974809,-0.041232887920274366,0.0737815762670845,0.11625500160815373,-0.04869280832025381,0.06932389686409834,0.06845096470735118
2021-05-27,-0.02630750851921122,0.05062855786204156,-0.01446401868493674,0.029269823903163895,-0.004159850428761678,-0.06834452643223543,0.06803737021492752,0.01320943639239572,0.060884043651553664,-0.035497117656924204,0.07791131313451624,-0.029718967839442764,-0.030367333520007405,-0.06080143819271902,0.0018633227064076036,-0.009029324032426246,-0.1427058380848621,-0.09065432547030483,-0.033439931002835106,-0.11322176276471657,-0.09950134291031715,0.01974728526095856,0.03844503032601325,0.05496496768763065,0.018756483095396053,-0.028473631191960957,-0.04282900205184754,0.015932313525491442,-0.04113687920580222,0.031621778081650107,0.0036897044269043884
2021-05-28,-0.13881243888416375,-0.23503937987768625,-0.1650856041275712,-0.15917817202219706,0.01490745944162964,-0.07902737755537546,0.14858062968338306,0.07654762805923793,0.03981170659731423,0.23220189145852566,0.1057740040342515,0.05613820027484728,-0.05737316338763199,0.04296886613585756,0.10760805060864614,-0.06834512920925934,-0.06687477367164288,-0.04025849039446449,0.054484210278630006,0.07485024962071042,0.10983302015660315,0.03651997898038321,0.04415401695336652,-0.11363908198003454,0.10113129986015122,-0.09086259780307027,0.1536377917394214,0.17961243059036952,-0.13674699780542973,0.03214384364252766,0.033611590105698204
2021-05-31,-0.07536007625645913,-0.016734161848824144,-0.07528586680178946,-0.012848412950998738,0.021887788535623,0.05328412251465767,-0.08584686659127813,-0.10857554045277151,-0.12069686362164046,0.010016791749804924,-0.13558628751040144,-0.09367299971410054,0.03285366766677016,-0.10099453764764196,-0.07002830379454995,0.1477546681095843,0.020721059841667597,-0.026027628532299417,-0.05140354426179832,-0.023097246639329192,0.027176706381551455,0.019508960769277713,0.005941623918215162,-0.09892907104483303,0.00415255020501393,-0.05426333873531054,0.023449225144460878,0.008745987862413986,-0.08024668939169981,-0.039819185464621765,-0.04806187221376297
2021-06-01,0.07946974980094869,0.2103724730770182,0.10609012692202856,0.1689274638098283,-0.007456983544930531,0.05831355989429465,-0.21298148412002674,-0.09486018176306021,-0.05213050985139574,-0.1881895236072516,-0.1074625648206144,-0.02683226211835994,0.009993855279767394,-0.044253056676464946,-0.1839867887325246,0.19657700032631137,0.09982125965744244,-0.05711965077462914,-0.039897051051130374,-0.10327903249852577,-0.12530029899358627,0.015413459619963541,0.022961044251057706,-0.027407764886105527,-0.11025247942048522,0.046720378450831705,-0.15250238514370984,-0.15643846352916863,0.07457825597707887,-0.09144450136821028,-0.11725719173207136
2021-06-02,-0.004841243408844731,0.1373434147623592,0.015081112913947993,0.09771330143936052,0.010674735016344559,0.0627204202883885,-0.07847293613282151,-0.07371906892831273,-0.06593410985745171,-0.1120827434582993,-0.1023676292070697,-0.08783147330340335,0.07646579283077784,-0.07843345702250203,-0.1252048017070828,0.16535309479150223,0.02067620439215157,-0.11442954527335031,-0.10248127575592879,-0.11044126211309913,-0.08312590865184978,0.01489922447637074,0.02520586224340717,0.0028760198062433417,-0.11198055913496913,-0.01196738705550384,-0.16169286448002035,-0.11916134418602023,-0.01251247995998755,-0.09139124472643075,-0.13186052164123827
2021-06-03,-0.02746346427945226,-0.09750079895573674,-0.05426701919185447,-0.09216351369738413,0.050293040447515584,0.0440381124283668,0.06924512208162878,-0.018910017412219978,0.0007672042625754396,-0.03758944714375882,0.04324615819832103,-0.04614719394010661,0.08306232410285302,-0.11265218884232298,0.08411375857653576,-0.05890187013341536,-0.15549830662798672,-0.041085231697878276,0.06787202057644864,0.04364652825214679,0.06144895094674771,-0.03962112921295882,-0.005132102944496076,2.363493021444148e-05,0.1925585155334985,0.010449168676997137,-0.00472500502765842,0.09344381676549056,-0.030852748352769136,0.1014832774509931,0.1262069615905164
2021-06-04,-0.13213150623024983,-0.14066997244366958,-0.1571932158568504,-0.11628161907923015,0.020194934912179673,-0.04224113636784096,0.047604758369954155,0.018433567539092772,-0.03305597815475664,0.0952627389891553,0.10707280291169442,0.002381457240757305,0.033997558078369704,-0.02963684497457647,0.04313967416722638,0.023219404203947327,-0.06827250253627172,-0.040718233492846895,-0.030305151798579875,-0.00430945048423786,0.03092379449880663,0.014083005765183409,0.008615660275647292,-0.08758007876207512,0.05212791037584075,-0.08574604511073729,0.03489598417621128,0.15277955371316565,-0.14066816810608956,0.017055317310422338,0.00830162395759428
2021-06-07,-0.07737518339235794,0.12181611777489307,-0.05535582355947378,0.052570100790644544,0.049779127375944525,0.12150087783996195,-0.13383461759383186,-0.14264184899067603,-0.20375934252739633,-0.10876271123891001,-0.04861748579498342,-0.054974729402177215,-0.03481164819587872,-0.05562640041959311,-0.07992115991850841,0.14491734492676797,0.08671502666260357,-0.08267235260191591,-0.21076766135363487,-0.18823096355551588,-0.08529231996541824,-0.0006946266190814444,-0.00796664203133859,-0.02157876548028358,-0.12449730516968845,-0.04482766051738046,-0.12904648472798824,-0.07044513631236293,-0.07284774132297453,-0.1295937449343148,-0.15815380224665593
2021-06-08,-0.006891108120888602,0.07665736218323813,0.004368429947836233,0.051312481208824264,0.021060308917850774,-0.012261162536809509,-0.09210246539919499,-0.09769037617803925,-0.03083166229850645,-0.04380642613600834,-0.046051475826801865,-0.013493765206991588,0.04925034371922688,-0.040561874370066996,-0.12474358291865062,0.10450807708720097,-0.002980108347558028,-0.032577892486564966,-0.016596309703751064,-0.06235739525045387,-0.05554764680284099,0.046841369773075126,0.013245686283819726,-0.013623254311600774,-0.03412409149564237,-0.025096421181338955,-6.226998707540302e-05,0.03046908010544801,-0.030449273535885328,-0.027812504566459225,-0.06634105816167614
2021-06-09,-0.03627267964583353,-0.09734806650993742,-0.06621829635573606,-0.09195485837049247,0.030957879741500154,0.06284570091461145,0.0629045901906314,0.027220141116622864,-0.07012591206778743,-0.008747708859329162,0.0644040914784341,0.003913964546271702,0.046106255914567816,0.0628790895436893,-0.035765162348144065,-0.02655591319732416,0.025597930826963457,0.01064821082625107,-0.006340418207983329,0.07463362825560013,0.07165455087850116,-0.018883082015985993,-0.013030476588093672,-0.016229628627295614,0.03432590300844754,-0.008193143756441581,-0.02401723218201892,0.2233024821894341,-0.025999847358920032,0.0759849598875226,0.08077549870386368
2021-06-10,0.058458808722566195,0.12941167284339605,0.09066842337384426,0.11262453999265752,0.009943022404122991,0.044301286910924186,-0.14007266171156427,-0.1021026852546542,-0.0002966342279599987,-0.14724986728858025,-0.10874790966216662,-0.12253181537656128,-0.009530165906686153,0.03493024063474216,-0.10107140209897018,0.1380803219253909,0.057727870998839935,-0.1540396268704492,-0.04311391199440448,-0.049066476473876734,-0.10155521691570679,0.01203343220524753,0.021110964839225994,0.0006408128733537858,-0.1328842433690921,0.005189783880507445,-0.06305555728147076,-0.15241243003159244,0.045812247672334265,-0.04336203566278873,-0.07769271592338213
2021-06-11,-0.048507721520936506,-0.05873128753554712,-0.07587823637993697,-0.07934887964039711,-0.011533578648870802,-0.003922986629461676,0.0961081784499443,0.061919420827865626,-0.011858761827047858,-0.0538645518893449,0.14312975837955616,0.07041494943082999,-0.05303715927396311,0.03219503972912221,-0.08400178060122147,0.03977660966977966,-0.04398174808461316,0.051638219249044,-0.00026652163720423727,0.008629539024864552,0.06424075485731266,0.019197924456790114,0.02962496544916453,-0.08378208621968725,0.06591768723161918,-0.00110786852998826,-0.0789450940614222,0.03411961742309766,-0.046430978126262165,0.007042520101171021,0.009781709348454692
2021-06-15,0.015666947578038142,0.19770178948781597,0.05139782479489609,0.09117479197440387,0.019411476110556127,0.21968691416987862,-0.20577492673219158,-0.21902191775668983,-0.27915617115557434,-0.15349121062375867,-0.12652958021382385,-0.04770316385091128,0.011213845817349464,-0.1657273308514497,-0.098159712975172,0.1043158258108415,0.1331511175366699,-0.055441861202259364,-0.18849160168621149,-0.17538811486573824,-0.04234629765141635,-0.07255718612427181,-0.07727593873331529,0.025961965181328744,-0.17829602991683188,0.04743407714992119,-0.16140660503703094,-0.09637084993297369,0.03890732448236238,-0.17720849272061379,-0.1683804139852313
2021-06-16,-0.09076573702740237,-0.20939955794691018,-0.11203757049204563,-0.15833451375680616,-0.023751828506562562,-0.09363699584713706,0.15644474823088128,0.20811364432198992,0.10179889666650878,0.16801012315812505,0.04162041219015426,-0.11771764771391822,0.04838896677707601,-0.005493017024401033,0.016257476698153334,-0.10416548356575243,-0.09594977250631907,-0.08295796028407365,0.0909995893206823,0.1070420565213092,0.08472572547259845,0.025594480630383866,0.04948269470295871,-0.0051529643467622364,0.08902197207968161,-0.05108629097797474,0.12425171871464419,0.17499148203439172,-0.09633464266548687,0.0961759176856471,0.0989330759607473
2021-06-17,-0.10751102411048583,-0.09839173691796885,-0.1310887264488905,-0.08171292814908872,0.02773427985419021,-0.07348169055638358,0.07633110866403393,0.06733988261705369,0.010999868313544253,0.1592383598159437,-0.027480222434740256,-0.12869397715933986,0.04594821642838771,-0.11886442449370387,0.015241745264688559,-0.004408893748984342,0.012965683699049177,-0.05993606665147949,0.0013848216776711306,-0.015107341473024519,-0.011305401400033782,0.054573821130674695,0.08135790679024371,-0.05029148410406631,0.02627911616860031,-0.08002158861202915,0.058664736088186745,0.1375512761882584,-0.11995053889978818,-0.005458850338733019,-0.026413763484290937
2021-06-18,-0.13054346859699378,-0.17174718565583422,-0.14085091246319456,-0.133469764276072,0.00015532385387288377,-0.07956961607063918,0.10695005649145607,0.12041955370493271,0.021257808692192195,0.19040332901749155,0.08550557608298498,-0.029415826513395082,-0.01651150968181925,0.045432579962827964,-0.019630000409682123,0.016555859266638995,-0.06501219619217247,-0.05961949500358306,-0.02264430638153682,0.03614647929539136,0.09699382001982398,0.015765192382312016,0.015668229235268664,-0.14526462809351728,0.02627956909113653,-0.08926862502341601,0.10706743841071911,0.0844745722810274,-0.12325505154676118,-0.04065193044318663,-0.04112855006662639
2021-06-21,0.06204806724362149,0.10895818811572996,0.08053404011827807,0.08019860583897788,0.05715622197078808,0.033972010696971235,-0.14232044881461606,-0.16567007743269113,-0.034599305035348256,-0.07517141656816757,-0.17595641477678275,-0.1986779220448101,0.019648222675827227,-0.17829706546092522,0.08109945408793932,0.08926348404877792,0.028119866600216883,-0.025295412441801324,0.007495876881326244,-0.01938114000081285,-0.08209305070915776,0.03922999193932952,0.04771572931593637,0.030449994389299174,-0.05716896372304358,0.020573456272297574,-0.060020109044984955,-0.06977791338747454,0.048692592265752885,-0.038424438279594214,-0.04903094334912438
2021-06-22,0.03966813708203461,-0.007044541598090758,0.03205536651644621,0.025240852962221207,-0.00581071761369886,-0.019452481406463915,0.026079348240656434,0.002679589980120202,0.03509005062623492,-0.006150965639205587,0.012990246797936384,-0.053334007953942206,0.021771044073989505,-0.08040133719582708,-0.050765252255899056,-0.07058782177218716,-0.15490050836026306,-0.07760792046201884,0.06501092624835693,-0.0022640761148454923,-0.05012966283837475,0.0543637430296949,0.03754410693930216,0.04142576244726313,0.08336928991223133,0.030065113448784167,0.046715560034187024,0.09805958201740003,0.020872068289970333,0.13270184082011094,0.1159948530929991
2021-06-23,0.18247291848100422,0.20369674454349618,0.20579971370494143,0.19328819385510174,0.05964343018152295,0.17661528725388523,-0.19181070788968735,-0.2353298106977995,-0.130911566850878,-0.2864741463055715,-0.022878049811745342,-0.08399134004690827,-0.0400352092070946,0.09613294862829254,0.12603309046941577,0.1556036480569583,-0.000317763396215558,-0.05681675811106119,0.029647909821880883,-0.034157351296799934,-0.09160103935584772,-0.02364379711585918,-0.01959159379577295,0.03015264151383045,-0.03238875923750236,0.11576595410360413,-0.14936594485596072,-0.07988860749753082,0.17507716141389798,-0.018841192584344805,0.001352159185018542
2021-06-24,0.1168508401242657,0.07224005541611352,0.1077331622629615,0.061280593453355445,0.01923384501911614,-0.00019444776101260955,-0.09265487690261291,-0.020897840544701726,0.08758135013712792,-0.06294551495347706,-0.23928412271249672,-0.14696195803602874,0.13487148558543396,-0.11912684382580407,0.12068991500907107,-0.10737199452404168,-0.1281927316429601,-0.04420191089365241,0.16974180819705,0.04856479154422357,-0.01126678181796479,0.034440997891069934,-0.006735368051026945,0.19978776018719974,0.10686263474368923,0.06032888279207393,0.06757929981109852,0.006740416708423438,0.09208716303183927,0.13803269219863096,0.1332263910881445
2021-06-25,-0.053383650801112514,-0.1646492580818018,-0.09393997235752678,-0.12581318298519084,0.0009403499667928084,0.004364462459677947,0.058287537379665195,0.08346826946945006,0.033139533106222856,0.11510866388122717,-0.06905662502485897,-0.11247628945486772,0.07781342703305014,-0.2154496410295101,-0.1801512196639803,-0.0046750372676649145,-0.04374362443976998,-0.0622744931389789,0.0834907917347202,0.14824421468923416,0.1560834898520258,0.004034556959289107,0.039817031934796424,-0.13076497117066527,0.06889116993891577,0.005855695519267314,0.06335658857867049,0.09142327991898985,-0.0480581321138768,0.04923408891349948,0.06882080053935875
2021-06-28,0.03186241598264947,0.019966503566989233,0.03531910364541985,0.009891138244270025,0.004761859197239033,0.03491130166476748,-0.08092437316177586,-0.0381222258787796,0.0287477176815864,-0.13672717684222002,-0.03759930225091283,0.051636588603419485,0.0391956469483579,0.04889393481341737,0.08438844070104064,0.10776103632470675,-0.05652662706280532,0.007616017123792048,0.0552684294046301,0.00035968044770227296,0.05114095700867552,0.017196985020677416,0.02158815969040225,-0.046565186861078835,0.036126142904456114,0.01761175823349902,-0.06096777259680139,-0.11611299060703108,0.0213268983960291,0.048330606985336304,0.031596773789944285
2021-06-29,-0.0633296735227342,-0.06581944630483973,-0.09946903720811079,-0.07591487370556853,-0.03733279637961891,-0.06004160825545228,0.16472596827421201,0.17545517386582565,0.03967764437132687,0.12067845656933147,0.054084899677669,-0.07601699925051103,0.004548650142323334,-0.026251355505440607,-0.1574566361704983,-0.09081341428078558,-0.07182073308648902,-0.07413280565844672,0.03129095136586559,0.012443577435932645,0.04217633824683455,0.05286470576561373,0.020161390158472188,-0.02459614853252932,0.10591927732257331,-0.02563760042691265,-0.02646987793098877,0.19664623561386993,-0.07066572480210813,0.025259217839803255,0.011174838344825452
2021-06-30,0.174321982322922,0.11693012564801358,0.18534528084372284,0.08854165169660151,0.03991470208690381,0.22968830749435404,-0.31881257083644254,-0.22905551025373888,-0.0950402438103278,-0.3669623421766788,-0.2686925481908128,-0.006469684706022898,0.02137284424153963,-0.10067430024107289,0.13435793952695507,0.18945633042497548,-0.01004574438841858,0.005983166733643307,0.10550932235478064,0.09598376127777841,0.12388675837494852,-0.04609011929128657,-0.024998841924986262,-0.019262662730613653,0.009319533987648674,0.1331151773326694,-0.15568779572904937,-0.2721113593096572,0.18993643152663223,0.03593169125177207,0.08460537508832093
2021-07-01,-0.07147791172616691,0.12065946118316492,-0.06061751631747222,0.11124235877189768,-0.009826964712077982,-0.1001200044141488,0.14218158604612624,0.08155126472394203,0.05122331093981384,0.15258006278431105,0.06150369846935771,-0.12276479279798867,-0.036943071970682376,-0.06419528657520197,-0.07512570652127518,0.024249144837101166,0.06484835839911401,-0.15063431900839233,-0.13327151878467275,-0.19222996783143473,-0.158741722499552,0.10728779049690203,0.12278323927855855,-0.06274659873046542,-0.19612102983980453,-0.06683730864479262,-0.006797188862991123,0.017814546133608583,-0.09399310632262135,-0.11227878313398341,-0.15522028389924725
2021-07-02,-0.20746746364140856,-0.06835600983592159,-0.20964406346412848,-0.06257344163273772,-0.05075928155498837,-0.17129709666582874,0.22187069454687158,0.16666678784505037,0.028742587795086316,0.30283400410534084,0.10164959930471437,-0.08266055482034027,0.06594904127030705,-0.03346163121654312,-0.1820726165885365,0.013406585389395622,0.06597355063449004,-0.17636931323861138,-0.1255539759695932,-0.12086057327639024,-0.09467802332624001,0.09507221386398024,0.07674502157030343,-0.07264805863940346,-0.07533145313699541,-0.14734229397465035,0.08150772043108427,0.1799871311611122,-0.22618856504036214,-0.08064592989973486,-0.13609704704638118
2021-07-05,0.04914619606762776,0.14283544022825476,0.07265525933357664,0.1337335255929308,0.028798750822859886,0.06009635195719255,-0.15373196906340877,-0.15692007845916014,-0.09528269811350179,-0.027170844627861037,-0.17550334627593803,-0.15375279545626436,0.06681811416633461,-0.06813611287195162,-0.009035568319422467,0.024693077252787746,0.11542285096187963,-0.07042658815764342,-0.04613802830817036,-0.12230858242188625,-0.16482889300966067,0.02432622517661442,0.014563230672169329,0.1142714333438898,-0.09815677830791819,-0.011089878650729449,-0.025467430736077705,0.017771940044022935,0.04104792761188096,-0.039582368004540604,-0.07459198810825686
2021-07-06,-0.060027955852864384,-0.2029453530157723,-0.10172169697620467,-0.13901946465243073,0.011670434472835407,-0.1174227241232683,0.06742277747155352,0.09682658851794558,0.06280435582852711,0.07161816251243622,0.021534235261707935,-0.0740519619822997,0.03654791848440036,-0.060746086124893316,-0.031667031359911446,-0.027577206123018366,-0.11745503153647407,0.014093591148153374,0.12613646565895686,0.15175239522669293,0.008358734262904514,0.06809783627769914,0.08261120858088866,-0.0904743292558153,0.1811881363570646,-0.029584145907419604,0.0788714182788351,0.17926814341008473,-0.07526749101124788,0.09578093628745132,0.08692491920710765
2021-07-07,-0.07899128094607585,-0.02515515908930806,-0.08437813811625576,-0.041842896340702276,0.017362710404922033,-0.051218958851126956,0.15975094594537287,0.07643581800078264,-0.020214802918213533,0.07083047815697593,0.15570202067284364,0.049397930786157944,0.00043612494647684257,0.14472976767142806,-0.18228108702699317,-0.0461659301632859,-0.019081883575947547,-0.05087818968011676,-0.05112041161884894,-0.07403978908421216,-0.06643403852646595,0.01265986378582829,-0.0029841946915906583,0.03597712293016192,0.04859040196058327,-0.050278542913422306,-0.026222786234679066,0.1643167845278376,-0.08669114718684404,0.024488429053340897,-0.004712833869045747
2021-07-08,0.027018006678023086,0.13786744876374188,0.0452301626169605,0.13896607139209022,0.01472919321149201,-0.07434608488400521,-0.05939975104544726,-0.0140965182523917,0.053423744519535764,0.037611311374037774,0.027364950163911928,0.06836678602719444,-6.321676116084166e-05,0.05626850875987841,-0.05649167284752934,-0.0004781915986898681,0.012544472126652767,-0.038503079609794814,-0.019252707669552355,-0.10183097519360683,-0.18892531475664517,0.08536694447694722,0.06313246136723906,0.053194827713569225,-0.10994569391140713,-0.01771966178122799,-0.017342607926120558,0.08125090869246761,-0.004799927276488598,-0.01939681188945009,-0.07272113871763923
2021-07-09,-0.07407709556629338,-0.15742879665432266,-0.11279611982708306,-0.10892132930538666,0.010115457772271233,-0.033286046590785864,0.10657587505592675,0.1187303037180079,0.01926825645337641,0.12784682553222346,-0.062313593430802915,-0.04237441939475238,0.09895251877728571,-0.07635387212294954,-0.05442130368340936,-0.05787897119601313,-0.030944040378113807,0.10798473491799584,0.033363242797152845,0.08719719911381756,0.06814521959633124,0.024184053808337668,0.033692043341681084,-0.08042521820135184,0.09950907600478845,-0.020293591324785216,0.023036159835288873,0.21132968109990244,-0.07976582100175904,0.08130685394074466,0.05600956918671329
2021-07-12,0.05120758821093776,0.11421901060837718,0.047421910689105284,0.0961502644065865,0.01623295297673179,-0.03321345919944146,-0.049044187723284456,-0.02167454116064763,0.037410802024157454,-0.0008268009149878179,-0.03547515042004418,-0.08080988467771805,0.01806656793553173,-0.03632118511297894,0.031150156458304535,-0.024140538555778423,-0.010222615278251019,-0.0349994058978611,0.006697911789108437,-0.052575923173246546,-0.00011947195276027162,0.0765065611380168,0.014292986240319275,0.03219190317507373,-0.03094132123568026,0.03919469364553721,0.055256898336043844,-0.05790633032455709,0.029235580551340522,0.054703557255435215,0.04304840533002576
2021-07-13,0.12070373258660447,0.04620653972498672,0.09800330934301375,0.03367917203944655,0.03140456693984098,0.10489297085641446,-0.1854642472012732,-0.08839737668117711,-0.0031639942506566684,-0.1657965141415854,-0.11455428862788103,-0.1449658644240803,0.002530444798879954,-0.05652305015116505,0.0910025484858638,0.12242597003192635,0.024187936027776,-0.022030493351921386,0.1142163986775399,0.10862224310598642,0.09738852726060844,-0.0052396269404818285,0.018736148457096695,-0.029609014823073546,-0.006624914996540883,0.09776700940449799,-0.08926348446800698,-0.1430944843821442,0.11464047617772989,-0.02835459446921219,-0.0055222144116794086
2021-07-14,0.11121155923278724,0.06181108005849803,0.099591921854918,0.04592593453210664,0.011765629575096992,-0.061757255830680334,0.03875406121954261,0.08494115209675575,0.05701089774335517,-0.06482237732437854,0.08941434910351499,0.051373143432479375,-0.011839257675813097,-0.023537541013711687,0.08406266228393579,-0.1819566396667615,-0.2166291975440626,-0.06179175338968589,0.15259835358986565,0.022471404863714885,-0.052652179836657216,0.07267843139583734,0.03727408113576244,0.20739804367324075,0.11012636033691373,0.0705132847136606,0.039542040232828125,0.026730608868710173,0.08849696393584619,0.17466131505465501,0.1666746286507085
2021-07-15,0.03589460360514658,0.15585171072203688,0.0450893961749611,0.12464786233209856,0.011073894483209112,-0.0414102381715812,0.027889533467664283,0.021326541387493375,0.024296215559707218,0.02058547203268875,0.033317963831456715,-0.03441021299532489,0.03601284627507077,-0.04982171293638512,-0.12611991786695018,-0.0666367039812647,-0.017366641189965035,-0.058006990767557866,-0.0690432643200738,-0.13718707969721256,-0.12882574382546189,0.05600565158021881,0.02326229035143863,0.12408067652501516,-0.13132606395226792,-0.00890075162452915,-0.06554787782906608,0.043812512757587775,0.00932033224003789,-0.015891547738100836,-0.06746826226104699
2021-07-16,-0.050064472864170796,-0.010752602547703886,-0.05845355782053417,-0.014987070082296243,-0.016216111776755398,-0.0009028213222615764,0.016460857682082455,0.034107743620498496,-0.002198486092439981,-0.0041153275554870776,0.04773812197453469,0.046552287479162666,-0.05914625534580225,0.027641190038993478,-0.040361742389935694,0.00874996839137378,0.01887110634381803,0.005069256254658566,-0.037366951908538545,-0.012395825434588597,0.07212501783371406,0.006184077319847307,0.02264676219185137,-0.02733992317703288,0.04543668470861857,-0.007050824555237735,-0.07736638001325821,-0.025937593855328636,-0.042859538922690135,-0.007332218379904057,-0.010717849979651186
2021-07-19,-0.11605718110124134,-0.044548692850446235,-0.11223479291167879,-0.07006285137735718,-0.004387220150141352,-0.041918258094323396,0.08572682542820917,0.07370051220861461,0.019419022820664936,0.12145303127613737,-0.043927205677763446,-0.0954786420973136,0.03562835466945867,-0.04230354286843977,-0.005565155090659107,-0.007281686340696169,-0.03837599442674897,-0.04098265088151077,-0.06152738321795738,-0.05095466813193087,0.015283094390943715,0.030250106872788517,0.04043535673956588,-0.013464026121670166,0.022515437027443946,-0.07104821357236277,0.05655100635878836,0.10881944391341761,-0.1146993527589202,-0.04085952608010268,-0.05108788559119938
2021-07-20,-0.1763835058927,-0.1791882398118179,-0.1891286351783153,-0.13105957188399653,-0.08105363451035541,-0.17791953427451818,0.2066218668075143,0.21917701713221918,0.16362049402947682,0.22903669528873397,0.02988251503949215,-0.14674234149533372,0.06348651995160112,-0.10377952394307868,-0.04684735911264346,-0.03213902073223877,-0.017166917731771356,-0.15674021098397428,-0.028378333545057192,-0.00990531005950077,-0.033016183477011185,0.06152261817455537,0.0676229313162585,-0.1044047809080934,0.07209223403959958,-0.10749433029307912,0.10553441108313395,0.23886594061879945,-0.18212602655765336,0.004596118981500249,-0.0303894575395119
2021-07-21,0.1256997764179701,0.1337386305177464,0.12006616415417139,0.12377400718802069,0.02087161412291008,-0.0411913872257737,0.12947165334445013,0.1131957666270269,0.06781036968904176,0.0629471964944009,0.10119220278286031,0.06542308008180148,0.04758738237512585,0.01645281232868202,-0.15869282197060636,-0.120990749140754,-0.013033933693597696,-0.017601565047132305,0.047747916593950786,-0.023967597019878356,-0.15071454645031376,0.05373555670662452,0.023672959002766975,0.07237341911557581,-0.11024878075760793,0.08500492071437485,-0.027483267266797184,0.1968559154401763,0.10232778645721191,0.022384943082989748,-0.0019584983523455255
2021-07-22,0.05452432183997338,0.17211754953332573,0.0806334653974892,0.12214579913227776,0.005315759441055471,-0.00040099268111389686,0.09958445676873406,0.0637114798473949,-0.00690509922281359,-0.10786446796578161,0.21761370782156345,0.19777329209989938,-0.049063257008514556,0.15511378176062535,-0.15752904283549782,-0.054878297663620665,-0.05860652080382432,0.020193932539792923,-0.04223431469308766,-0.1326979713033354,-0.15750227671889988,0.02837294075841199,0.014652208323152721,0.1710762946848231,-0.09550360581961402,0.01471823047598441,-0.14380332460540082,0.017650831764388343,0.03950607529198011,-0.01113767387016141,-0.044655149259490705
2021-07-23,-0.002229746372798993,0.017630023728081604,0.0016170522748385297,0.050357751688528705,-0.01849135753805677,-0.10588673499218236,0.20557810809323332,0.14336407126206835,0.10457298188609694,0.030010065397382726,0.22286961848476067,0.16973758424120508,-0.09762065970051986,0.18477552326682126,-0.20692457603163156,0.019565811858072952,-0.006035944962538335,0.0245473625221434,-0.021571866633211242,-0.033025623164525814,-0.10148053342091486,0.0321372739385173,0.03455228154225816,-0.028799552703048868,-0.055530643178986254,-0.02648021336962361,-0.1265001295598664,0.03707086048941828,-0.014823032136500885,-0.03478589933720213,-0.0680953921682708
2021-07-26,0.027232008663192045,0.09674383734202677,0.03234839572361715,0.03761264660402013,0.07371027086504232,0.2250016953139962,-0.13333555961487953,-0.18657197534976794,-0.18368218432023273,-0.22685040515910085,-0.17041272403126131,-0.10144180496723265,0.07479978278164455,-0.1405609326852866,-0.14403224604349063,0.24643075845340412,0.12502301661287618,-0.01421348913078409,-0.1267420559339623,-0.036000449249967904,-0.015564972692828614,-0.06708220652434062,-0.04510883180415796,-0.06682872481045846,-0.11079294883840782,0.038063825282527594,-0.24423053401497552,-0.0515320493834189,0.039620806943595495,-0.11574996614642971,-0.08714832852267432
2021-07-27,0.17557941628454254,0.04213814650723864,0.16097570801874247,0.01943380667951071,0.053872392607545394,0.16804389165410313,-0.19286638774783937,-0.1800911017169337,-0.11548288621106813,-0.2508682977089941,-0.14925908205141444,-0.1281715232057983,-0.017041464251882927,-0.1248844971432055,0.1495841773596001,0.04094959719350482,-0.09009429734452457,0.04935731993561713,0.16719584824497633,0.13605482648713146,0.1239883836124689,-0.05574344364122019,-0.04945927006811663,0.05068536198520366,0.11985359137983465,0.17314313407497442,-0.058844142070903833,-0.13192673551428527,0.1823992005559579,0.12164686130847441,0.1650542496748782
2021-07-28,-0.23448457154142768,-0.3226643363701135,-0.269196810703503,-0.19060543099288893,-0.14229512473370723,-0.38832701208572296,0.3896993138055021,0.4242589213416968,0.28683184350918284,0.4919159182494775,0.26648584768385253,-0.09230235517201363,-0.01627917735951271,-0.02556918204096966,-0.0031063115448557443,-0.2115058903262488,-0.09201966817170448,-0.295882669966356,0.04767532221862225,0.04523210685782901,-0.0379346427089836,0.09253674376054077,0.0673085970748548,-0.13044941070465824,0.11934345654970399,-0.17574820160445556,0.24682937624751522,0.3548869440787846,-0.2511977309060291,0.059079272080052196,0.030878720938445455
2021-08-04,0.07571359248173488,0.11926390292123924,0.09324038176422801,0.09319563030044467,0.038456744092426,0.12816816844595746,-0.04249644391879294,-0.07516328822379519,-0.08964943792068719,-0.21225316728608692,0.05917903939911912,0.013470846473053381,-0.021943309633893016,0.13364100985597294,-0.10224129301454585,0.10686325710730299,-0.015592697393671138,-0.06705384192875938,-0.02625775416327782,-0.03575202785393633,-0.05518769300428545,0.016910517704499473,0.04308442690925775,0.025788952646059977,0.010990818496663007,0.060949141644551834,-0.19528638452859018,-0.043898051427235525,0.07584309885708185,0.009203555621843773,0.004194415675855052
2021-08-05,0.03635218787324479,0.10779856435726531,0.03333468858188542,0.10603439141007572,-0.02468806459764064,-0.16407722027434432,0.19575470810267914,0.17691781011243954,0.19167032742308954,0.14049406535477202,0.0678935300064283,-0.11983753155833515,0.05431841002205311,-0.1283182696443641,-0.1868105128228451,-0.15016321492628404,-0.08276269402153656,0.04733235192006556,-0.0018527525726249033,-0.09910302831636386,-0.20367570499699494,0.08040443776821729,0.060536934267853545,0.09591356789394644,-0.08645609473517049,0.004760858844537565,-0.02517557048994872,0.14497225635042535,0.0010282304388912812,-0.011117315178761534,-0.04956462708810051
2021-08-06,0.1510649342867584,0.08015227139936873,0.14572370916700714,0.07852578277881501,0.14318759829475028,0.3091705143162347,-0.39951099418221314,-0.37410183121404095,-0.33755777339925075,-0.22320226764075723,-0.35899192094337556,-0.11122950272965337,0.03772578513635911,-0.2788053135634797,0.20052520989193798,0.1761566406992367,0.038410860170700584,-0.18723169574107862,0.04195794046633717,0.09550251328628825,0.07913371347867829,-0.06540111787851782,-0.028234136019462723,-0.07631087587950613,0.0009191070607746451,0.1292644510084674,-0.033738013676420514,-0.07918081787898437,0.16207044370706802,-0.0004981953999435365,0.03601190700020186
2021-08-09,-0.07460192339681485,-0.020497520462958396,-0.07807383143645459,-0.06517109208629139,0.02829766442233105,0.06382898211774563,-0.11353846867561009,-0.08162050904457843,-0.05110528361942626,0.03641836296287198,-0.07700006010290768,-0.07800998022287935,0.03612744631570663,-0.058692276408613527,-0.007316175278086592,0.04909649197106013,0.031284922947136654,-0.038997547140236594,-0.07984917306048078,-0.038152827663818896,0.03255655008200716,0.0012368950537773847,0.017774353207205714,-0.06333572295959305,-0.007810788719405951,-0.04662888409024919,-0.010451046820688422,0.07146806603039196,-0.06116222831973204,-0.07338372008589014,-0.07056344186252522
2021-08-10,0.062256419883978446,0.1684921470035489,0.08386866303233127,0.1819598377553385,-0.04374023581764099,-0.07700549599383257,0.10410636949370017,0.09640860230379449,0.13432858534261397,0.07696880218983429,0.06781131073359456,0.08421794596294474,0.041847721657548326,0.016962558170444213,-0.19872390724775288,-0.06253642845153323,0.03941098242088806,0.08494974542098707,-0.021204267045698125,-0.11009438594869303,-0.17772464157550827,0.06618601118304535,0.042053785550825416,0.05586811232314964,-0.12962872878354212,0.0024911579547442033,-0.005492536918399762,0.10335306551503748,0.038610430281457296,-0.05502875640167722,-0.0938044761051474
2021-08-11,-0.012266318856389898,0.10247361375412907,-0.014204212466478896,0.11468194642770985,-0.018525968473575734,-0.04778009511376606,0.056203850234460125,0.06145756383954175,0.08744126729855553,0.0357721646395008,-0.032301798898808354,-0.11347483820725407,0.11937054251042599,-0.08849126392380775,-0.17166731610321176,-0.004441871753587729,0.024651026236197908,0.03565589137575262,-0.04354145448487678,-0.09640918096586626,-0.14250409816873985,0.10255175947629704,0.040942743574177855,0.030301376242915637,-0.10635638126803348,-0.030953198231769567,-0.05912500297618403,0.06615479423367435,-0.04017870111165316,-0.043764835511805954,-0.07295245981418126
2021-08-12,0.10731292556648722,0.09912042800068234,0.11354373927732608,0.10486542763640412,0.04376472449391956,-0.014663082111791317,0.07324615677467047,0.004600615929373422,0.009600139807281173,-0.045017772269460375,0.10635570203983877,0.09388219058886499,-0.02923182080784101,0.05406526832211951,-0.0831783400582829,-0.0014966388973436274,-0.06485315479592188,-0.045953661200658046,0.048683651352889205,0.009329321366422571,-0.07990401309618328,0.01512310682431369,0.022060449438925305,0.019894630511399572,-0.046975604231120606,0.06086434068528257,-0.12449220051090673,-0.0264315881320852,0.08612556172872576,-0.04800397718509382,-0.044745074937442765
2021-08-13,0.12082063509203819,0.10890903927348097,0.13473065480481577,0.05545223194900941,0.1060229992428493,0.28768185489729897,-0.3169661661123899,-0.33749413229148517,-0.24668894728717675,-0.2437370439553205,-0.24991319763429787,-0.07390813554111188,0.05875604942064108,-0.1925111619549999,0.16505165077538692,0.18833075531191604,0.1311632260219223,-0.11303875028847879,-0.009009236428739185,0.03133824834841556,0.06488671805514189,-0.04064098366662489,-0.01729815689863881,-0.014151178186016484,-0.09727162316906786,0.0804843894860889,-0.04349568442287386,-0.22087722631501489,0.1418145369952372,-0.08888865734326588,-0.06887884409140903
2021-08-16,0.17712018385721368,0.23196184394112426,0.20183303478279152,0.16721175687985337,0.07850962586870315,0.24431472109184643,-0.13362865292438433,-0.2327498502266166,-0.22614170223892371,-0.3303490063665476,-0.0420772424218835,-0.0010817585426498935,-0.0044175041079225884,0.10572283511821773,0.016885780672871185,0.1359610511674975,0.05857702832364724,-0.05351224941216102,-0.030095784144553175,-0.05535178012937044,-0.06269904127417852,0.011399056245375449,-0.007677257912622669,0.11386397979433954,-0.08121707051978272,0.08711120716755237,-0.17540666498475072,-0.18725608761327017,0.17677173913487063,-0.02588998256733406,-0.03368950821579514
2021-08-17,0.009914840209065178,0.14246261164432755,0.014609493673591448,0.03406355984027291,-0.018658002094526283,0.03735497622136874,-0.019126529135893553,-0.03418130214119325,-0.032809775961257524,-0.0816217568121159,0.0745684456254367,0.019491145200190074,-0.006357081152092944,0.042185077024512484,-0.05670364263280859,0.03817681302817603,0.05566411293566255,-0.04295608020656612,-0.10386636210767783,-0.12744258459821145,-0.04959284442185572,0.06673710649344927,0.0438929993904512,0.04650799437311878,-0.11336610207475654,0.021844161016884227,-0.13835654584383367,-0.0005299499516350276,0.007336138166675475,-0.09210107579300567,-0.10817838804486707
2021-08-18,-0.11429934407079309,-0.11826769195164348,-0.1252143673459279,-0.12628710758630826,-0.02007000100829934,-0.019494165391306963,-7.585513827791192e-05,0.060457099907987796,0.06742074813123972,-0.0012599159228530615,-0.19735818658460985,-0.19806433584540986,0.10754678055317862,-0.18560622746693145,-0.03209326204603243,0.09379130802366949,-0.08233008271392428,-0.07624633665718901,0.004475336833202366,0.030547025568569607,0.0718080584491254,0.0379644982554375,0.042841697672067795,-0.08850688651215716,0.13561798961929927,-0.03911654324932874,-0.01984564281640732,-0.0002640479363058774,-0.10848676382417156,0.09561154611719598,0.08970528401693918
2021-08-19,0.04658711180334105,0.13427169380807932,0.03809005539835437,0.0996611882126878,-0.03380317335177745,-0.1489904656258349,0.2558770341089727,0.23161958741719244,0.145693698462108,0.033200997150126185,0.1306079186521644,-0.009721289326313325,0.007453129732874148,0.01595910881860133,-0.21685492967971967,-0.06928972218545218,-0.07073899419730198,-0.05182172667591162,-0.030174379654134553,-0.10388098065835216,-0.14393893588916984,0.07994940868555293,0.06344103072593739,0.03944082720329037,-0.06907533796784757,0.039004592868938884,-0.09674923045574624,0.06647804789094622,0.007228161180226687,0.02330500567229342,-0.006590318987367112
2021-08-20,-0.1110595724160039,-0.17429455310094263,-0.1390022573331985,-0.11253461151625638,-0.03788737372718724,-0.14304604690490372,0.10399254084257267,0.16537348991648962,0.15491474055177332,0.22398391884265303,-0.06705197914217632,-0.24837345711058387,0.037317609607715255,-0.08018513828288176,-0.05981037300238674,0.05457143522615782,0.017023619483316058,-0.10984688723853517,0.018094294219220156,0.0692948485833305,0.018127242786210907,0.04993034028026187,0.05547048771963333,-0.21765695697120005,0.07468282865338523,-0.09384488486815865,0.02317066793562789,0.2407620663885152,-0.11494969514300947,0.004529039546317317,-0.02495755933177597
2021-08-23,0.09060629994845855,0.03254871855558164,0.07521420369785745,0.03707654536293353,0.04232849293464966,-0.037775505500862304,-0.0017694986879451234,-0.009344134776280946,0.0846558772898094,-0.06262958584226126,-0.038640331628250944,-0.09517871178568736,0.00509257903384661,-0.04680609793527261,-0.02597345485839827,0.01641276622396852,-0.08111977127036914,-0.021016335681705585,0.09909782009794671,0.055066016915308165,-0.023929606012724775,0.06047400031326918,0.0604576109915278,0.016404386765038057,0.03782533573394167,0.054758871282933705,-0.06560504471705536,-0.005728017425920648,0.05554374337327169,0.06790257526762297,0.05187757319523287
2021-08-24,0.025029580601268954,0.10823649113961145,0.024011289308403537,0.10889909355811313,0.006884787040701957,-0.04406146704389189,-0.020984631359848276,-0.03390754545891395,0.017013469018291833,-0.07862194326109766,0.0480347231079025,-0.05329783146767429,0.02548136864056748,0.03720813541150714,-0.0632164347923751,0.07216978374477614,-0.015245733843124347,-0.014533954268351803,-0.0056165129019887725,-0.03220921165999196,-0.0733365793753054,0.08843927837629532,0.09738457181072309,0.014438474139410275,-0.06652774236146783,-0.006710825090609511,-0.07705762667131309,-0.05028303353744338,-0.011455364408305307,0.004959310898527917,-0.03470412073452767
2021-08-25,0.0713643454111605,0.262277655262032,0.08713065471026923,0.20987392545248632,0.0265153165227125,-0.06652089033672845,0.12642809229077787,0.07839915938314533,0.04176570128958832,-0.13299850515682068,0.2317300844624211,0.12891687774028973,-0.06976559026416122,0.17642986522530146,-0.1779426015479745,0.0870213393182931,-0.005080759278949736,0.07463232866933112,-0.09520310014933944,-0.16026831104224887,-0.17701531086822853,0.108579791041434,0.10938653210276991,0.061436690862243744,-0.16825917186975128,0.0050657128826851975,-0.21993725631464936,-0.09759297680584783,0.024158713825362055,-0.07521610190532263,-0.12553013953784337
2021-08-26,0.11387187984195934,0.04175800583342584,0.06351341003065175,0.07234356813737952,0.041233659267725264,-0.08414946688023804,0.14370689463403413,0.13391921786265618,0.0972970944719601,-0.019717840981075384,0.10610222072103657,0.10701143654190264,-0.007587237732695688,0.052658474285660097,-0.11376938312789073,-0.0855425190924027,-0.1084404203523499,0.002871222618574305,0.11309006753204162,0.03685295158529451,-0.06582908032486882,0.11339546939795102,0.08703828570693713,0.07613547648085497,0.01032486733159609,0.05497677457252756,-0.02333367064619266,-0.011010516227227225,0.05437206193353239,0.1170833745105916,0.10147481783608231
2021-08-27,-0.07180480504813982,-0.009024812523516244,-0.08937894974603816,-0.0019504049165348337,-0.05020926590572227,-0.17898916073271587,0.19969381501566258,0.19241921461813047,0.14795695005299683,0.10561095560287237,0.1054599742462644,0.0991675823014623,-0.024932431764750886,0.08975488068494386,-0.14427282765791002,-0.1278381366601404,-0.09676268799122913,0.013298854969330986,-0.005603586209417875,-0.06957149150253444,-0.05156529359568561,0.1138953409161298,0.09178457259762482,0.0975001692879303,0.026609691641371364,-0.0762255700240862,0.03555151692889559,0.08854156769997537,-0.11403112740684251,0.06324682186903477,0.011005017293588378
2021-08-30,0.19131402952354637,0.2905666704301643,0.1939469480292518,0.20912098664368664,0.05370148418752663,0.053486322935451885,0.01657904478272942,-0.05689840791832733,-0.09991944110579674,-0.17595494870077022,0.13437404446311058,0.1266196490724223,-0.03442406131431869,0.06787701693777647,-0.0710509750191272,-0.0310168982843555,-0.04752332777193267,0.023891771907094475,-0.0048217466088638,-0.08428833404637788,-0.11513837053958803,0.1038226807866254,0.1162871001467656,0.15559236887457464,-0.03749285067417104,0.1185145969946201,-0.10508329738998154,-0.10348452129615097,0.15433439137679578,-0.023581946115703398,-0.033976371417399884
2021-08-31,0.13205835184615722,0.2204349371861293,0.1877222507223125,0.09222971200584168,0.11183302138276925,0.4527677691668995,-0.467208016584779,-0.5014443495246013,-0.485255173933119,-0.38150486030008335,-0.19673533461149248,-0.1664578159565935,-0.039492370816393,-0.14476760249355355,0.2325278415861961,0.16556157876574756,0.1256338855484016,-0.09734008422645997,-0.06047959982392717,-0.05073434893397717,0.08536466489923164,0.03833536706201189,0.03320609299662062,0.12900763643867805,0.027493427663238257,0.1413318102094595,-0.10790374492332103,-0.19818733285580636,0.19471531488813548,-0.08973883514988922,-0.009309000495431497
2021-09-01,0.0887220678780339,0.1552747388491726,0.09087362381103013,0.170344762049743,-0.10183336225487374,-0.2829636344245631,0.36126649153358054,0.3393353929489181,0.245407251432535,0.22498682559763947,0.13236978292373894,0.05346988664317001,0.035127821821877694,0.016620309772157792,-0.24095370849637993,-0.23422944835634193,-0.0958281914923594,-0.020549775458934192,0.009116483857277926,-0.1006366557264859,-0.20080508464747732,0.011506280719352472,0.035752904546695684,0.117520813444222,-0.08314183314647772,0.024391930713510566,0.03653553411979788,0.10927903550321154,0.04097172939518433,0.006229971068769047,-0.03507659530737677
2021-09-02,-0.008187296309552413,0.14309122468965707,0.06876528151213433,0.07938464061794383,0.02824496004932153,0.27452344048262345,-0.3096912251418424,-0.31849940939288524,-0.2758344127174023,-0.18752772257496128,-0.15894432948219767,-0.15032662692492232,0.05074733372489193,-0.0050162010938098025,0.11357421153101041,0.1726024964828652,0.15024946596484606,-0.030418621938772115,-0.14184199751578375,-0.09165441836823987,0.06732236692711568,-0.026895533300751173,-0.011804892174808316,-0.002655775652104103,-0.12050325796547827,0.019426807286503363,-0.10710775689738178,-0.12161041807176062,0.05790721918492465,-0.15610485941978894,-0.11288257943778376
2021-09-03,0.045433782905131025,-0.09172546852103967,0.01992964048145453,-0.10250431195975702,0.06827357879077442,0.150745321873171,-0.15841734772072485,-0.1533317739813851,-0.05081491948070411,-0.10154602667624633,-0.21140667412410796,-0.12407210612983628,0.028428436235071877,-0.1284363274880629,0.18289192496235576,0.0616655120532441,-0.006282417422854206,-0.102970836933114,0.11870812127937974,0.15922041627765793,0.18737872471683675,-0.021066036083154247,-0.03585785678298358,-0.04723774856281158,0.14365132454551457,0.09226994936159698,0.025004986249703008,-0.01719699680991927,0.05910646401499664,0.07528525075023254,0.11161751411500047
2021-09-06,0.08350497461816651,0.1420857970175534,0.05910977870023329,0.13241343841942096,-0.008680882604710168,-0.1259686213305065,0.11026127518564133,0.11231435232272188,0.08248261450714034,0.06003039888277401,0.02002391764783266,-0.14743401718754923,0.08625861408487913,-0.18180151150573248,-0.1906846768954071,-0.1620518817295818,-0.1552379757520166,-0.032878852526244395,0.04337302277022994,-0.033006270634072965,-0.1510294546658662,0.0647061480932952,0.07236660067887721,0.15255250642758375,0.03458065126211685,0.020405959229148923,0.03164281484530084,0.08763153435270425,0.020840310540648804,0.10034233012930867,0.04785909677751403
2021-09-07,-0.011060907102292178,0.26498753230797767,0.056512682163480425,0.1949303606953693,0.025228405959645542,0.0692396203647822,-0.15364159267085056,-0.17181016226360588,-0.19710769023594618,-0.08640416886413803,0.09995107924523912,0.017811030277444836,0.08319682957160031,0.07023064045544689,-0.06871915349872296,0.05292974914540276,0.11291797523658756,0.03299752106149131,-0.18886719754908443,-0.20808910126436575,-0.11437515541674417,0.037754521855959074,0.05323567036389519,0.12644630943245933,-0.19539961994732494,-0.04883675849012803,-0.14140976774298594,-0.04633220782601702,0.002126561244153928,-0.14979283683049868,-0.17900597818392966
2021-09-08,0.1456346164962908,0.22452663753173607,0.16345911166938282,0.2057440514455951,-0.007896505449079504,-0.03452219042993329,0.12087073815580364,0.04049153058511372,-0.04328714608114719,-0.12098664808543352,0.18733627759717994,0.001617763092970067,0.06640368612816054,0.050259772876532126,-0.1522512786262376,-0.059742628074004885,-0.08448048365728965,-0.02413890709607137,-0.007819093286367242,-0.046037748860317605,-0.13843096005668837,0.042082774585265485,0.07247123604485305,0.13645036257229506,-0.023519202649555895,0.10232603337145987,-0.1165846350586625,-0.15614576087473883,0.11507699328617277,-0.01703327346093031,-0.02376297028756723
2021-09-09,0.0003015009252903224,-0.12868831052553206,-0.03462796940867479,-0.12418426893445005,0.07355687111205148,0.09375574385158333,-0.12030584271189829,-0.06608722098819472,0.0035242238846325156,-0.07973412256560981,-0.17445184044579212,-0.17679028951112283,0.12188930063157483,-0.2215081674769833,0.12638464569521665,-0.023103674797660474,-0.0650810881558132,-0.12613080013574182,0.11058218753730806,0.0843034699367335,0.0699258908435268,0.01909130580396415,0.03856516030153806,0.060786774527920036,0.17831931826757735,-0.002703182566888321,0.047962815620136476,0.0027749286537394925,-0.0022178581660216006,0.11980743348407674,0.13798844434676355
2021-09-10,0.12336983001861176,0.26838691851229185,0.1591399462969677,0.22931016618524264,-0.05500974885473725,-0.12172938296388072,0.18302695473361102,0.13373123063534015,0.00931437101737425,-0.008755582051524269,0.23758692015754448,0.0686947388160202,-0.04242714354435731,0.1382855617941567,-0.23175462784266768,-0.05727218196002497,-0.05649699622733579,-0.03980556294093259,-0.023834210424203407,-0.08983947273192981,-0.11216609680249003,0.023429722858274243,0.044187602795800016,0.07473041749596988,-0.16128411389771014,0.05747140653787406,-0.09372733577289492,-0.011905049403983898,0.10625729091475268,-0.08487495715599727,-0.11357465741807603
2021-09-13,-0.17809050943659974,-0.2955096726835914,-0.21440269865205303,-0.22017613951240894,0.04284745832824336,0.028875786706798114,-0.14305210116282832,-0.06706471280623494,0.09553886319513517,0.04391716380183491,-0.29853405304682806,-0.2580979151692943,0.0712080943492205,-0.24136199243224268,0.1286285320136776,0.12430225271051837,0.013981726301569878,-0.013705625026516092,0.031103166914843668,0.07710696532828011,0.11031771175227462,-0.035834905041920016,-0.06845790162810271,-0.16174502276916897,0.076319805457351,-0.12074268079139294,0.08120983389123004,0.048899113222562546,-0.17629542286087946,0.06749042992152582,0.05942754303227451
2021-09-14,-0.042575984469884545,0.16783372780325237,-0.01960467017442902,0.12390002431947672,-0.10713176135522852,-0.21223714244887457,0.2891735049095244,0.28088773530876027,0.17315426295315056,0.17657009091079406,0.14461666354167463,0.03840443264733003,0.003946328765127807,0.027495528356440847,-0.2865026876323484,-0.07245566937252969,-0.0004583057838315088,-0.042832916072551346,-0.12140018673184667,-0.1583592330391275,-0.1956533237321658,0.006539377476628095,0.015601910689217457,0.003254302343739934,-0.23244886819484845,-0.0641860654900621,-0.10384690489900682,0.12948398467320774,-0.06817520603377052,-0.0971333730148383,-0.1730706144360826
2021-09-15,0.08284604658557275,0.12703999791194404,0.10471799163568422,0.10119341353204567,0.048239381221149034,0.1810503635338064,-0.11225916155519512,-0.19127975756004575,-0.23645751075145302,-0.2500807527598659,0.027107791957598278,-0.04686022535451125,-0.01303718393260039,-0.12057895948378179,-0.0027434703192399847,0.1748779264036013,0.050380992398321854,-0.06070317289148319,-0.02853208302217267,0.0014192535856236478,0.013565056083970283,0.022170773613437396,0.02992927847217777,-0.08187954662017469,-0.09503661553357416,0.08368028982136515,-0.19680680403254328,-0.18734631862806295,0.10640732031899774,-0.12526259527594877,-0.09587855542914736
2021-09-16,0.07417103656250496,-0.035899818966722195,0.0639344601882507,-0.07611043996557267,0.03693348944103988,0.07494267249380072,-0.03699047410479402,-0.054916372842924846,-0.0523377543198524,-0.0883600367494967,-0.008343359635007413,-0.033215552788769066,-0.03774375626481813,-0.07261540560342966,0.10210249004374192,-0.023433358523879063,-0.04837948341370155,-0.029618290595587828,0.10612292520015494,0.10848249166872606,0.1303236693575923,-0.008974389855640683,-0.0006129856737682541,0.00969446330533666,0.069531688300004,0.07676093410356905,-0.01523618460629278,-0.0399821671005073,0.08152721483566405,0.028696479259148762,0.08202768787216315
2021-09-17,0.06478162363659107,0.16684227047186623,0.08673608892364318,0.12249676834645176,-0.11531322991834121,-0.19047988982435404,0.2409986693637426,0.22856684502527583,0.13649720005346566,0.06481265013316417,0.1549438199728378,0.03178658906761044,0.06716003064948281,0.005843988029172269,-0.22976367695990896,-0.10008862727456395,-0.07065044285899442,0.008545349931773255,-0.03299980810141069,-0.06602236068857215,-0.08090794040354969,0.012954262455368697,0.024113163404984234,0.09223280658341433,-0.10505116157675348,0.024941243221645273,-0.07783949455273295,0.0036866580339090503,0.03996840490597442,-0.03309248279589807,-0.05733151047586346
2021-09-22,0.038720539406206546,0.1819491152928069,0.08830718187630737,0.06747086580357253,0.058400958321517926,0.2408601075933629,-0.24736821782774243,-0.2639166744780644,-0.27001858291233255,-0.16186018871886754,-0.20408655530453215,-0.1853015745659888,0.028486437025979396,-0.22428650863193023,0.028108868709316493,0.10107155094361729,0.07978528301257609,-0.10974216179471344,-0.11067404188809585,-0.08560768047491782,0.05426339298259131,0.007472711704184687,-0.05978530212434854,0.07909904491706941,-0.018378660168853592,0.06558595209380648,-0.11833005756248076,-0.07531359315746604,0.08670908591464652,-0.05852959654478471,-0.03086912156167865
2021-09-23,-0.06221617409750578,-0.12645439913496886,-0.04404679396958261,-0.1539097350558481,0.05949558639844928,0.25332702326327605,-0.26994389136576535,-0.333859571041768,-0.23397905876935715,-0.3048359154186167,-0.08160060587769333,0.014460937613650249,6.273777969561513e-05,0.02297046279170149,0.28027777459164555,0.15942297483612428,0.04160630700906162,-0.08165029125451514,0.01791211140891355,0.04863509649607453,0.18999525725175073,0.0018151144576049481,0.0036958568469764048,-0.02641787990168183,0.1891510010614358,-0.00028347453903935686,0.01725656459055801,-0.16642385185888114,-0.0147167598256635,0.06351289477395454,0.1284950695278241
2021-09-24,0.05634603892709806,-0.06772099655285248,0.0742221407874978,-0.08993580931359528,0.09260614875647193,0.3749775620378795,-0.35017494827246776,-0.4156123064335456,-0.34854244168497933,-0.3984840107277214,0.026348980906440254,0.2636239804302336,-0.057688886356361775,0.24125257675639228,0.3205816157193472,0.14172110560919535,0.08493125232278097,0.04094942407878016,0.06477852580811705,0.1306909633200732,0.18439062107382498,-0.012095317817282123,-0.003700743200241169,-0.006347719070439654,0.19474935548701894,0.12527029740573445,-0.053403390661670186,-0.23407275432348712,0.12395764505499633,0.05420796387336104,0.15679257854762457
2021-09-27,0.060832630403133484,0.2170407312811427,0.11092553677412874,0.14272362716302173,-0.05705745146007381,-0.0554818742378294,0.13181120646445743,0.1254966981336355,-0.011014352670669685,0.04643172568333989,-0.09771455317797875,-0.1601070341709292,0.11531202274796451,-0.21692777836739663,-0.2724445276755692,-0.029013557272356123,-0.06396152014068256,-0.04111116798739647,-0.08413470440919305,-0.14115301880008277,-0.08283284914236554,0.024182041639799808,0.027600453980504383,0.05493101526238883,-0.10625393704041983,0.03894680674148053,-0.06335637389061231,0.03229786789699129,0.05799257312531605,-0.07675186611815661,-0.09685131398280443
2021-09-29,-0.189399936703281,-0.19093619494095465,-0.2164454813773972,-0.12558806029242328,-0.04510781607564028,-0.22848610747962111,-0.02799148655073969,0.11830052665093316,0.24018843955092584,0.294238108404877,-0.13795785809422872,-0.32980018210773226,-0.01382981304137665,-0.07762844768730066,-0.07340141313508415,0.015371000623127597,-0.07380164115127802,-0.2881831951163681,-0.03821766024476631,-0.023225177053870127,-0.015419840289902996,-0.018030168700473477,-0.023483486396962853,-0.17211197179252044,-0.08888792704809992,-0.15551070887454743,0.17202810550293837,0.22682554660747395,-0.2253023314815007,0.009579037873263394,-0.054165149568480515
2021-10-12,-0.05973170346045306,-0.27095873345593574,-0.12272822833736116,-0.2284583731240996,0.07835969858750544,0.1685879797209278,-0.37204241881550065,-0.3020115681311331,-0.06589495830132636,-0.1127389327889425,-0.13840430340713347,-0.01620727070035257,0.044576611167326655,-0.021681671653858765,0.14335740498561578,0.13828665660878112,0.0949486828384497,-0.21065965942502018,0.12309328316710713,0.1974948582263951,0.16625833124323178,-0.06289062045046233,-0.07407646630806589,-0.11197732732790357,0.1751696075448999,-0.02964420606637656,0.08321517700877336,-0.007134995689139319,-0.05123485581035073,0.1213552669886366,0.12103967581069207
2021-10-13,-0.006481396617121337,-0.044847827217853416,-0.05832711924638204,8.286284077169166e-05,0.0473958562182796,-0.08170935008479727,-0.06164234835013467,0.07694357076047266,0.13762134802142187,0.13725009901748733,-0.211821242194664,-0.13293899732799766,0.05501292806678931,-0.16903346317228699,-0.12064646046159573,0.024822659752501346,-0.09901912127955052,0.05570863557866587,0.012608022648144045,0.033770668416485725,-0.06505486228243228,0.0064039835765677304,-0.02693107289470333,-0.10505816738494786,-0.035992853044419626,-0.05024736222246886,0.028251339377608074,0.1702335539277338,-0.05510121139061678,0.09336327570580451,0.0433088637492674
2021-10-14,0.029911267314477796,-0.12225118069467306,-0.03668127474125075,-0.10132019291377696,0.039629641928411445,-0.04546587953951293,-0.026986860666133414,0.0600008785369282,0.15531007284616427,-0.05243329046417905,-0.03144748875024633,-0.016902652503147476,0.06351358603038967,0.03305243464067349,0.07311908614610708,-0.06641588788925254,-0.12757560461885273,-0.05327792115552571,0.14889162901659056,0.08941776081852748,0.027580498776847522,0.06354262382618023,0.04868618994066768,0.0321601194666207,0.19153767133598723,0.007916476419104188,0.0475080273896312,0.05356692069969482,-0.025932022505047645,0.2056043031215026,0.16673579882716694
2021-10-15,-0.0222935996098537,0.12413652288893935,-0.011088018932029823,0.13603896114259162,-0.06681460597761786,-0.2903184858055944,0.1453201996907627,0.3450424659782585,0.31695994901340635,0.3746585994608517,-0.20530852335241528,-0.19818148760179916,0.014880716165985445,-0.03904184878567149,-0.2237362704922676,-0.1547186774997081,-0.1061326282330544,0.01257492120598294,-0.06829346442094143,-0.1434489116436597,-0.22714023648102838,0.04679212820626301,0.05902489752210833,0.056415445372652535,-0.1722667574756218,-0.04228552335904562,0.10428636202814075,0.30861382679431393,-0.06701255831311839,-0.012007598774530002,-0.09062620154962577
2021-10-18,0.12781271453258944,-0.09199668955175355,0.08518213759352712,-0.02006567968346255,0.02606145935350732,0.0006159488841640679,-0.024660541230081115,0.01545728042163836,0.10681117433659765,0.041934344177911934,-0.06184859779374677,-0.07029168251530382,0.02614953471657951,-0.011091835082267146,0.16770382650302604,-0.1597764121503072,-0.11417047471723052,0.006767950234753578,0.2036594502035261,0.17316658885927896,0.059970980798511826,-0.023486151266889854,0.0025797820439444276,0.051721764626110105,0.16974374976802692,0.1264907727218687,0.12078628347883856,0.03356857217294402,0.11237491654048318,0.12044733998791411,0.17056025845257516
2021-10-19,-0.05292095520217958,-0.05990964764604835,-0.04835898242221396,-0.06836173413969146,-0.08815512436718773,-0.10977486712554903,0.00047987007191686734,0.0896644546708704,0.13878844221468406,0.07210115151485243,-0.006564450764279436,0.10379739083898966,0.028411510721060112,0.09689550827781833,-0.025785143879344045,-0.10207887900206561,-0.07261233742078595,-0.018550525873743732,-0.01626003212433961,-0.027033458220402682,0.004004137449557169,-0.00040490965933670287,0.009441577799622144,0.06555045278484409,0.046452009997044616,-0.01820496463203753,0.12574368194830673,0.1293711878453243,-0.04346412213407133,0.057215925032279354,0.05955848488681978
2021-10-20,0.19643385036722222,0.09785975474870245,0.1790026668713747,0.12544140163914252,0.06732012798445652,0.04689314154836155,0.07798534348858781,0.03839428153462046,-0.012180766696741493,-0.054188651152780966,-0.06354041597238105,-0.014103333275677091,0.014206420956766117,-0.0282621333005107,0.05781107010094251,-0.10365381960158834,-0.0935539185875271,0.034107135663802884,0.15090562444294725,0.07893394183209779,-0.026864763954627568,0.023947440935844593,0.057146127887339734,0.08589352819615785,0.12892615989578868,0.15945438053876368,0.0034193977704606994,-0.07072264592217509,0.16735509498141699,0.0924056411650223,0.10878667724506343
2021-10-21,0.02456745770371672,-0.07131646193389336,0.025975618918903928,-0.09648828883918578,0.08362221610380514,0.3047124275409114,-0.19446954649142542,-0.31590317247559463,-0.3178032114414007,-0.3127043492811879,-0.05354823812815226,-0.18738602412669148,-0.030891530842515127,-0.16196671173650062,0.10601033740740122,0.1827527722535504,0.05586141868823222,0.004753294219117922,0.04144655041189542,0.08920511070155474,0.16915882186495168,-0.025916548427423428,-0.0562065282126271,-0.050438966139301364,0.1579378954978546,0.06674175976331584,-0.10732141681209822,-0.16854052633388494,0.07807425241289734,0.03214649585728884,0.08862015771948395
2021-10-22,-0.03214828652445245,-0.135328985272544,-0.07055026603891298,-0.08858958799719603,-0.07262495691372246,-0.24416561362320838,0.07336542476355357,0.2230760433028235,0.32093933119276313,0.27741113824605285,0.012831271706216956,0.06701402903797532,0.07746079947450583,-0.0646706212410867,-0.022624556467381988,-0.22090621240306116,-0.0984425661818096,-0.006665399604333432,0.07758946433505753,0.05318977599681703,-0.053048160844674466,-0.00010690256967344176,0.029121990956758787,0.027872064154099714,0.031817567940180536,-0.04758780468259901,0.22001906542108685,0.2553703642940854,-0.0702904289698054,0.08716228154531114,0.08118917282678709
2021-10-25,0.04995341311006106,-0.04670854845664506,0.021914085583790828,-0.028715166777574217,0.04713329103948652,0.053848177950901584,-0.10427191918688647,-0.05433392837721347,0.017776554275445552,-0.06212035110205098,-0.03147823673384443,0.0047348878433664905,0.07852307773559716,-0.0015815564738198538,-0.043707233543671224,0.01447047630905986,-0.05670873315953642,-0.022966094429232822,0.08013742555419322,0.07550195608529929,-0.002319913819632972,0.027888110213687218,0.02132421291995132,-0.03036282511274715,0.04461808622021217,0.05635211708203805,-0.03101329612937951,0.07452836861300642,0.034980964618544136,0.08096610761139567,0.06948959708288237
2021-10-26,0.012412068321677037,-0.0367366461211205,0.014538909410104854,-0.004329046856212151,-0.08973709075994961,-0.19478378820421205,0.2391058119066099,0.26416237880463295,0.2206253645157077,0.04885423997865215,0.21163745433709114,0.18443639367286835,0.0002632870465171199,0.16610699197282439,-0.0025197908102099985,-0.11839364699108437,-0.16503680848942615,0.004958176973806502,0.05235637427415427,0.003575238363689018,-0.0574202245801431,0.06428142148455848,0.05582655845081575,0.07489312292498974,0.11626477520226432,0.00708674675951555,0.043364827184078254,0.03782866973244088,-0.00754671351801686,0.07485671116330793,0.11028667659669289
2021-10-27,0.012042585183156616,0.029709451342293188,0.04801213045690722,-0.018324345075679257,0.027107937320495434,0.19700132714819288,0.03445495390140939,-0.07926286703799437,-0.2334249599308609,-0.24012065077865816,-0.061168256053647736,-0.035337991677381914,-0.07425603149237968,-0.089067470367632,0.1543540700248563,0.14952947042577358,0.018302985638928928,0.06627335549105898,-0.037632906405383915,0.003348926721498583,0.09627357816554583,0.050160400132006656,0.023769859288144533,-0.03862545486079735,0.06400611766648184,0.07395580338999629,-0.14704910123325685,-0.2874119213680075,0.06434919599578282,-0.024606719502399656,0.04254941411628005
2021-10-28,-0.17323420994676736,-0.03879696293643074,-0.16106047120455577,-0.029749645206298587,0.00017130511726504074,0.05379897500944764,-0.12137216167492317,-0.140761275266406,-0.06197780985297581,0.001916684527584811,-0.0702375508985757,-0.08613185196722985,0.03763947777155732,-0.05672326189838868,-0.0714674039349698,0.0875327042893746,0.02668063546401286,-0.06868401882816473,-0.10915528090311952,-0.1009596263813598,-0.0459846160435698,0.06527972959285738,0.04641572820723954,-0.02877718407089818,-0.006225466442830445,-0.12194226235594363,-0.062127211282673823,0.02663297463130598,-0.1538905227334118,-0.04956023262414708,-0.06351287622469332
2021-10-29,0.023040767802228898,-0.044333726883721905,-0.013135177229158967,-0.025084250472257957,0.050449680928305776,0.004878744304220067,-0.12392297775380223,-0.031253851696169614,0.06874613345717236,0.10971508842727701,0.02230535685682179,-0.04644587298384026,-0.049285901484182375,-0.061344058324947756,-0.08796787387286663,-0.014065742651386373,0.01969424085810613,-0.05358895440842899,0.03448454782993187,0.05545469283324614,0.030175290771079274,0.11160401463215708,0.05297694962684451,-0.1036475244716062,-0.010743815078741519,0.007537837627877064,0.0422513970630844,0.1968511718428104,0.007927092259948502,0.014002917980640333,0.022018033954493192
2021-11-01,-0.07673750935345268,-0.17602836701122143,-0.06963903407104328,-0.1463139767805363,-0.054026427283252895,0.07710007565685416,0.06220796540661852,-0.07069754562779329,-0.0666358407217967,-0.19967979707910283,0.24694466924523517,0.2377396168195215,-0.13103201745019277,0.24354765913241094,0.1175229802130432,0.1266070231779319,0.013944460988188847,0.04009792013708114,0.015798950265668778,0.08473907357073315,0.05973980683493293,0.08090725105311829,0.022102087250586884,-0.1260429416034857,0.1288398736264471,0.03475985765738863,-0.1495104245470799,-0.07370170731381816,-0.014125948708120782,0.019440131366149138,0.11735895466577918
2021-11-02,0.014381841891424822,0.1059670963556506,0.07542626385535757,0.07959350238223044,-0.014743274560217307,0.16278165434233455,-0.14542100387842635,-0.15184954352983857,-0.19649372547118996,-0.0022368980959492726,-0.21584987965998087,-0.19001096470631154,0.09358983729923254,-0.12909764830078532,0.03659257789018832,0.10041187320701306,0.042398259587024895,-0.08134865259797318,-0.06651178889839371,-0.03219848764035548,0.04656627730004662,-0.023995966403365813,-0.016098359158544302,-0.056422952472600214,-0.10352901276053626,0.036019149549168156,-0.0029411798607252267,-0.02220478725361448,0.0778033700027893,-0.07947289571612547,-0.07392375832375035
2021-11-03,-0.12621170137005175,-0.1581216516558692,-0.10836551469203584,-0.09538062786661468,-0.09356134534732884,-0.12618656017475352,0.058583893844208035,0.0245101697772135,0.13398834617489977,0.1238726282405152,0.1686503559489254,0.07764784251421127,-0.04036333054603014,0.10154882946205004,-0.04166915415119831,0.024020487805553138,-0.008530597838826042,-0.024289586183845188,-0.04172716119397158,0.009700874928616241,-0.013694536784801797,-0.043719576543115944,-0.052016822932118074,-0.10240854954505461,0.006882537961325434,-0.05485997247315314,0.005425864348407578,0.07993010130044366,-0.088047970160873,-0.04047277965993133,-0.005179994903727713
2021-11-04,-0.09720586516336335,-0.0039024996978596666,-0.07366746416746701,-0.08283959220303984,-0.031210692219988987,0.2036796511862221,-0.040843454654591056,-0.23790844708098335,-0.20039329957268168,-0.22298670882340182,0.07283784733247296,0.11737370310922352,0.01637831970394902,0.1814963382489234,0.1186170075241428,0.2813898304187663,0.2011465788515373,-0.09161892937400823,-0.1343541899953356,-0.043402105464974465,0.09567222398718107,-0.0026174440670142444,-0.05210352598411334,-0.1667092745908673,-0.07495423378915295,-0.04414450455090728,-0.25184498678915745,-0.06786580514563399,-0.02148863864722245,-0.13629197717452604,-0.13367381891156452
2021-11-05,-0.09081351022374966,0.06657087461730192,-0.08712011908736993,0.016037519320678796,-0.001493913948550622,-0.10280435185861024,-0.1584590066756779,0.04507544911384393,0.09627913265001678,0.04565003814289747,-0.16383517663020064,-0.14739064548908862,0.06791532935122532,-0.11518412687932533,-0.19501827153686246,0.06250474168224522,0.04681713815308141,0.013697388898932485,-0.11596848908324606,-0.15159616617279079,-0.13109647626093338,-0.01803522978805413,0.007211653085602881,-0.009090983348726116,-0.03986783036555267,-0.10653124937833684,-0.0001701303142042732,0.16171949059566815,-0.1159219638596764,-0.054841780404674266,-0.13002729745007297
2021-11-08,-0.09602956700889961,-0.1473272047617941,-0.12919949313687423,-0.14932327506434198,-0.033133692097089856,-0.06691958821361126,-0.05375431421715412,-0.08233813201741465,0.10860824881348302,0.06257732946662715,-0.01444990434154436,-0.07529899245217506,0.05146132171811938,-0.09649316838758415,-0.04915519333720623,0.08181976050038701,0.0045151009901018314,-0.03329856298319781,-0.04298863173886815,0.01841909744463827,0.04970844337245228,-0.010508243306342832,-0.0324189322421007,-0.15610879721673382,0.051494642474913185,-0.07502896659281486,-0.04177698552404867,0.10059211337605205,-0.10475801836264335,-0.003759346986304041,-0.03800947509251193
2021-11-09,-0.07503712410483916,0.036197558848560615,-0.03914163069706191,-0.00532656786999203,-0.04406808685950873,0.08305842362507852,-0.03660495785945504,-0.11529615759440509,-0.10882815276665868,-0.06808766573648187,0.09959237142904476,0.16396622874531325,-0.036928436823696786,0.14955616179809508,-0.018208408561853302,0.18499680526939147,0.10375700477513156,0.031284494376191595,-0.1238611171118769,-0.09105545064195751,0.03815967270325437,0.026636041879098824,-0.012089435551589606,-0.13636158184184252,-0.08233681219301771,-0.05736661831135773,-0.1469690475961186,-0.050137115441250164,-0.03013785681165963,-0.12426348867667264,-0.14845396365738547
2021-11-10,0.10718563386875055,0.14258992282066854,0.10276923487838097,0.10512809942927759,0.06931615028716352,0.18102103035745823,-0.20258782096067712,-0.13156864577369537,-0.1367945267213219,-0.1242370994592558,-0.16988937983570546,-0.056842812020638074,0.11097681268014534,-0.02108380063672503,0.009124105920133229,0.0754336742922656,0.07999237711009739,0.004793695828358979,0.030066503598545995,-0.008429123708819415,-0.028191687037553575,-0.024250821164282135,-0.023490814661479703,0.006567660344721059,-0.05026240172533494,0.05397133533079133,-0.05833571156292335,0.014474839068219713,0.10081184181125494,0.001791945919997488,-0.021144145841301455
2021-11-11,-0.10239756434231427,-0.17218871189518156,-0.1308476918755803,-0.1303543056079203,-0.11645561409780222,-0.16655349286937632,0.08981070568328932,0.047324490366920234,0.23657810848129981,0.1368730678403208,0.18715235863292143,0.08167615897072852,0.027139040851610088,0.00044665702959131544,-0.14170502678613298,0.021551347755799973,-0.009793319678120005,-0.015339161561793631,-0.0322980109462181,0.05249592718803965,0.001901151261323787,-0.004379454370453267,-0.030558024099488598,-0.1839539365337184,0.04204738969064875,-0.0875810382344151,-0.08958150279526257,0.2308173885824646,-0.09291336384977397,-0.01753102352328676,-0.028618697364930692
2021-11-12,-0.003687102419098358,0.07864337584168968,0.05440945621370651,0.03901988367547196,-0.02770740069656156,0.23132265818720993,-0.120417981148449,-0.2046876528736701,-0.3217658833294374,-0.1126813392894482,-0.009451986011442167,-0.02469587558224157,-0.026525899252238673,-0.00017875484566060387,-0.02964732953935171,0.25726633255979625,0.21381566781777572,-0.0031458860201961027,-0.11892339767829524,0.0016521509191633418,0.06601718907325811,-0.03977019701944507,-0.0883544938474005,-0.19789386812757953,-0.17915094662039427,0.03820020900228137,-0.14938506646869137,-0.05270443196234423,0.08639409061767932,-0.19785784334320222,-0.1724260998394863
2021-11-15,0.023864307072551827,0.09202334258309469,0.05817417762018972,0.037086934024530525,0.02860743384843447,0.13906593951582363,0.026757831517402835,-0.007516912143447622,-0.19696961836342566,-0.24340332407645732,-0.040075295756487814,-0.07040357705982739,-0.04955506584073718,0.040538936559778936,0.12417800591026056,0.13862292254240072,-0.018804676581271867,-0.06702406422879277,-0.02091552858603372,-0.04174288942418955,0.06616131721056252,-0.0054842106140445225,0.004468544960202352,0.01739416731866193,0.008217548162206458,0.055452118519532655,-0.11891684641898012,-0.3016051112145941,0.05121430457324817,-0.039962600511327585,-3.540267313894494e-05
2021-11-16,-0.08590264071545416,-0.08931446079379825,-0.1289499523806172,-0.035427595558968523,-0.026879297096006043,-0.19152093761364428,-0.07729324729976612,-0.035202234895735235,0.2689171773515657,0.23543572596666937,-0.0950029889233168,-0.10535270184054694,0.13420780598379645,-0.18672052582877297,-0.24008225267703137,-0.019416921346841202,0.019250191493683625,-0.06045970104397762,-0.03339050871532846,0.004056078390387622,-0.07811295478436674,-0.007369852554785073,-0.0069337763748684635,-0.10821252368022202,0.010049421384497463,-0.12015044920594213,0.06096271581927755,0.3125696187320015,-0.13499363102671852,-0.012498550619163717,-0.09534958820503994
2021-11-17,0.09866435020672634,0.05972044679872553,0.07920739431231347,0.08218473514088678,0.05954726482485384,-0.01151031428202805,-0.21542258650006849,-0.019294052051897364,0.11453547716576912,-0.05236926999503788,-0.22805555500527117,-0.20116294091987658,0.08125004042911194,-0.15268005291171155,-0.16257078974077818,-0.028881354294163344,-0.0712238002822828,-0.0384089287843342,0.06834635823925952,0.03541100085932031,-0.09156766174591241,-0.006745839918493,0.028016145275446304,0.1166699467674447,0.040590285484890375,0.03468641642744002,0.022983209868181077,0.11847314713722137,0.042478559107766205,0.12073713858384466,0.08401254723505568
2021-11-18,0.12667219867422932,0.13082451740834197,0.1105986883509662,0.11608435426186935,0.08645901033184922,0.10849739165727797,-0.15502449948257838,-0.1372335148099546,-0.041233249733468945,-0.044132210864421206,-0.09891698713163564,-0.1743902741384647,0.09096781841078061,-0.13741321305248114,-0.06956457320260678,0.010533505277726528,0.015890177691866035,-0.0844254219433213,0.047355781065274015,0.011855093136743376,-0.04741730131429237,0.0006788107921942632,0.005530024230583869,0.0030141469044423206,-0.015304287954343012,0.08405129941243847,-0.07062498536863157,0.1327707044828486,0.10099749628883142,0.042408384555718145,-0.0013659070950788458
2021-11-19,-0.0032043251291773477,-0.20478236527949345,-0.09367791142168952,-0.10672606895391984,0.015673599576537103,-0.16114875147056476,0.028106611497358887,0.056470543244860075,0.2664911739938359,0.25899274149891044,-0.043486235272988005,-0.06984230209902936,-0.02238514897319874,0.039520118908756695,-0.12559454337012163,-0.2037089882939217,-0.11238277425596437,-0.08978778725331982,0.14651988678415126,0.15717368979389928,-0.0007945089067650047,0.0006979470502561567,-0.027591312486731256,0.0017565481113265516,0.09142100968958208,-0.04451995481833269,0.18661139921770722,0.2559611692069801,-0.08292922131061883,0.1621087659020182,0.11461825441097603
2021-11-22,0.06547124887686247,0.14990621221289918,0.05959467752715983,0.10127567049147067,0.05885657644008394,0.1297976908716484,-0.17438769593045178,-0.16025881603142197,-0.13393421524572413,-0.08637183310525715,-0.012978330818727152,-0.06123845410800585,-0.0013981840111006168,-0.00852167697276635,-0.006074789819901789,0.08438332952175595,0.05686864272280923,-0.05280772048497494,-0.03940468489726022,-0.022014982826514925,-0.03839039148765479,-0.037965042601637924,-0.042852907982887725,-0.0009351736718408427,-0.1573106840614373,0.04058204088242893,-0.08352924626830306,0.05541405554777441,0.053171196692563386,-0.032258455041792915,-0.08953771016655336
2021-11-23,0.04647901260768716,0.06262368882955793,0.06956088570000396,0.04241872598570252,0.03650534122398906,0.14816164050914943,-0.1269017503925608,-0.10062263521892165,-0.2240052716835228,-0.09152276769854727,-0.05981044168502334,-0.13992350570352236,-0.031965775914256166,-0.08826724049381907,0.1266860406744087,0.14334134329568549,0.10052970451593432,-0.06310514309571341,-0.002153238524080872,0.023480414575228932,0.07225788898572988,-0.005708981396342486,0.014855185532747756,-0.10420467344968193,-0.11546194034728116,0.019020374494660208,-0.022939808000927604,-0.08487673310111223,0.0716069004585962,-0.04826531872615437,-0.06280518239212585
2021-11-24,0.04389540463609506,0.048170740437150944,0.05641964996642797,0.016063195164374475,-0.0021393057704631336,0.13900548250979827,-0.13107283513437237,-0.14527917265343318,-0.1268400314906682,-0.13404487126042333,-0.005647564909215123,-0.10285519480296308,0.05910337491456483,-0.0690660644632599,-0.04265344498218883,0.1507411716133295,0.05863525205248528,-0.018911737587388545,-0.01699766943358033,0.012967917386455257,0.08231173824484668,0.009546912111817584,-0.02375188226553088,-0.058039395864836536,-0.05051755464102342,0.052711928182053454,-0.14819637720102835,-0.07117147244779175,0.06294589052107742,-0.051443089260470254,-0.05333367957845429
2021-11-25,0.029005179255605473,-0.04794618027833396,-0.022601656631666002,-0.008583030844463367,0.008607958479610926,-0.10433915447673899,-0.04083657731729785,0.008499962066191205,0.14267302596469553,0.051555204303191084,-0.051313364090254575,-0.053272589423917736,0.01738419805351932,-0.10919588724838789,-0.06907206545069702,-0.05298005693486716,-0.07216412824473231,-0.013557191199654582,0.043540854965981514,0.03679790263067729,-0.03421168978595979,-0.020023829884022674,-0.005693650255323792,0.0007506344595341378,0.03829112403006759,0.010258361841616138,0.04885652012225024,0.09128163397237753,-0.017580284087610875,0.04469227874311657,0.02226570997052715
2021-11-26,-0.06229842433180508,-0.15338992206338004,-0.06144013043401981,-0.12849112027799095,-0.07199050952385977,-0.1467544644157232,0.1731838872831098,0.1314893912989395,0.21457693463149402,0.14160611416400437,0.007434870658339225,0.002085458901532507,-0.007095294874045526,0.019930719442829443,-0.05652362694352614,-0.09911120053073195,-0.10074986932847098,-0.028263915957062465,0.06317710558421549,0.05357836003034706,0.06614212885554452,0.01199639476383511,0.03214000850414398,-0.015642978082016524,0.08956456220123361,-0.019403748727420473,0.0846022566196973,0.06492333726112458,-0.04806007712867421,0.06875598704239434,0.05734678276515294
2021-11-29,-0.05942662523316816,0.1170822280362056,-0.0405467802440515,0.06503391424233422,-0.013640252064664253,0.056527132482081376,-0.09378399043800534,-0.14442125198885944,-0.04260171274038597,-0.08516483494154226,-0.03676656853001721,-0.12469136500067775,0.04528548059426302,-0.13084984364497873,-0.11556518545637201,0.15657017257624525,0.020325500275097285,-0.09664733862099233,-0.15326708534177638,-0.11849017826364763,-0.005425835248542459,-0.01107747361627926,-0.006184494702188107,-0.05002688994059883,-0.034000856729903384,-0.03386442795912082,-0.2522317999943721,0.058043985142138974,-0.04723848979455763,-0.09087700323287487,-0.15468948231295054
2021-11-30,0.02614692878373147,0.23299526727355602,0.06706367838146364,0.17849858773505625,0.06630582080425561,0.11601287361157708,-0.22281490763994588,-0.1996859815947668,-0.13058214254371625,-0.06138479536811671,-0.03780938693556396,-0.1323722041352682,0.0796921885996432,-0.09453345688938433,-0.05041551267948643,0.1562233384440343,0.022255516654377767,-0.1129218861001117,-0.13546899553846858,-0.1660270961910793,-0.14233963751177978,-0.02311496053566354,-0.0207321677179651,-0.054971683435703966,-0.18915406544648516,-0.02856167816988253,-0.12375173400712748,0.0780153731641255,0.028956693500533544,-0.13568163601583144,-0.20398259148599693
2021-12-01,0.13135815600968812,0.24217627293100327,0.18188190415756153,0.19704874120401236,0.099649505178502,0.22655755190544713,-0.2798011503704466,-0.16761735822934282,-0.20267886299476046,-0.35955309564774823,-0.036230949700052355,-0.004489472359715071,0.06841142305382768,0.04013841140175729,0.07033228949704493,0.07329363164746845,0.011266896837798442,0.009076880183113957,0.015624749031820774,-0.08266858173678092,-0.09605739572938629,-0.05108375779181961,-0.014340422309251819,0.17002518763211447,0.0030329888943627734,0.13634196013443897,-0.14702473912142108,-0.17790315975896023,0.14860879044932807,0.021370396883189098,0.039661347810152923
2021-12-02,0.037774758436007874,0.0960734744295689,0.07116566983638359,0.07468953277556843,0.009537939398036457,0.06712581779022957,-0.14978714370462132,-0.06020220211891338,-0.008602751670649243,-0.08695698252049841,-0.09370803022894077,-0.07475897696035194,0.12073054317151673,-0.06319062907615836,-0.07935455845242333,-0.0822643744963118,-0.06454064537777762,-0.00021232882214024343,-0.004016243629536292,-0.04205460361889338,-0.021246084772636956,0.026208882390247375,0.026362591668468216,0.1793421152426955,0.054179171055213055,0.052948941658902966,0.01044947159563957,0.01931196561914918,0.045446245831634674,0.0419126973952677,0.06672356230427638
2021-12-03,0.09763358882813705,0.13726611951358084,0.11777146110074449,0.1371595134604285,0.0999272110247767,0.12222426232860888,-0.19063990834803457,-0.10280053724756727,-0.0785505324079415,-0.21084454584148823,0.017373142769439857,0.09506096508890605,0.052553178813147645,0.18017641950564153,0.13973235145438642,-0.09019330020809355,-0.013012267695756523,0.07443287576428002,0.03336735552377581,-0.07204899439640133,-0.06041403481837154,0.005372500579083848,0.06420110980869156,0.24412227482485513,0.01732954281576736,0.07342612496197967,-0.0016011531205512763,-0.13370308347567486,0.08877457932818973,0.036465992609390104,0.06868332297132816
2021-12-06,0.12659379585919656,0.2555482793636513,0.2165360398127914,0.18944593303307244,0.09662611450121093,0.33058108008272125,-0.3793654445268393,-0.2117549244149466,-0.420561609038138,-0.3163942916598934,-0.04285335209284644,0.1826618299954734,-0.039519229724901905,0.18408904469429255,0.27956031127929554,0.10142203177455401,0.17723283140745802,0.05900960047113793,-0.04197247687850648,-0.08330648789029088,0.00293116783555606,-0.026853005826427655,-0.006651774480716499,0.1434461292978487,-0.08630812656899305,0.11655965418020917,-0.07114483492361179,-0.31540736779339484,0.19424764423345275,-0.09369661296628409,-0.018924334640379074
2021-12-07,-0.05597327737095784,-0.2363704230381027,-0.12098719705066395,-0.15436926283580404,-0.03744248078682705,-0.11669662409293363,0.18042682459133316,0.09815703442547062,0.15838324870837467,0.22654172292489427,-0.28691673237529114,-0.3538563362272348,0.11405576655110035,-0.2921709347258119,-0.2151336942516341,-0.15384619025610907,-0.14092355307207385,-0.06398698753827252,0.10167688154641162,0.1517698905088609,0.0543474997325121,-0.016246957421653156,-0.022345607859463285,-0.02625563468375613,0.18849891461223886,-0.04084701772101948,0.14682622572869905,0.23293511386845556,-0.08130675640482062,0.11379947309587658,0.14215854627731728
2021-12-08,0.06861259188240103,0.10413637100915596,0.11180703395075466,0.026256461242123216,0.0850363195622977,0.3299131000990263,-0.29347433176248366,-0.18902986669208793,-0.36703557460354763,-0.2703851485849936,-0.1377392845562024,0.04697292347223013,-0.04159112435725434,0.05436281442441447,0.15927386364856314,0.10988113585350208,0.10837322878755892,0.01174115880872037,0.0022156878927506608,0.009425204142078786,0.10887863840304039,-0.00945081289957061,-0.04025975194950005,0.03669970109377874,-0.06005689008090306,0.09712056875317401,-0.11843836809389939,-0.21612800220415676,0.12417048605708826,-0.045887230888915796,0.026338273625451554
2021-12-09,-0.10027223338043659,-0.09010874461727993,-0.13241794716902136,-0.06028995062730953,0.023827773944475935,-0.06909169340636236,-0.03654398008687863,-0.016332156909136978,0.04149176914636014,0.05419855083713346,-0.2427324716830283,-0.21336008964032357,0.02673880840126262,-0.15784910978644234,-0.10459804892325192,0.20807453120828392,0.03783380736889672,-0.07514583954216122,-0.011049131683560334,0.002478263704202811,-0.03952871820871286,0.0054578144270332534,-0.03707767901060324,-0.22561445648565656,0.033667275575585145,-0.1289268770349238,-0.0410017784320926,0.015859518578885432,-0.1280155581988062,-0.0384970966467382,-0.0678090247394524
2021-12-10,0.08666308246788755,0.02267000934098235,0.05973850958819904,0.017866269158073204,-0.004343443630742442,0.0400342815074296,-0.001282173429464653,-0.02771468076372732,-0.008059730865680273,0.041342922261562325,-0.06773084580247188,-0.011233014910268443,0.036276662951500595,-0.012326984501474304,-0.03460919009496112,-0.10379792879040858,-0.023591229848413782,-0.07333030922596818,0.06469426530237002,0.08470417619818214,0.03595679759800786,-0.006008397475722018,0.028324397818805414,0.09604040352368626,-0.02396757069712363,0.061914995129396445,0.04742841553245834,0.1075045247014378,0.07616668484872165,0.04372019225003393,0.053781548343281145
2021-12-13,-0.1906683235607429,-0.09037521694643666,-0.15293054621993019,-0.14960003846559863,-0.1033434479656076,-0.0012390303679748673,0.05830751879019504,0.07919318984428,-0.11676822787534774,0.07494940678158331,-0.1679727145958922,-0.04044227267874365,0.0265180407793392,0.007504457656015574,-0.11358587457131387,0.23102294594034756,0.11842810591194776,-0.006947579678032554,-0.17004742711571907,-0.04938697560346731,0.09566394840928638,0.018021918993211726,-0.01404682644139176,-0.219162849543109,-0.06747098879662156,-0.1086775668546824,-0.13350357568974547,0.007078736264169548,-0.11399215011522543,-0.15444824894631903,-0.17743013004140235
2021-12-14,0.02631743591157123,0.24530758220094734,0.1150745359238683,0.15575910658589315,-0.05791773642935732,0.026304556739776982,-0.10973911137404063,-0.1373747295676754,-0.03144168117013975,-0.06406840018404313,-0.06610196749546163,-0.16374867710703123,0.08410265821400004,-0.08962436440998373,-0.05130788892609475,0.1015567469006998,0.10985344867624079,0.010050250765980939,-0.1657426645138394,-0.17562376076885017,-0.12397842522638326,-0.023054816818294525,0.009313450173383572,0.04755436691867348,-0.19066435331573617,-0.006402328974166243,-0.1433357922517525,0.0017994263976701332,0.0691401957186374,-0.1334974749702333,-0.18071459614177934
2021-12-15,0.10617035055638042,0.1856235753198681,0.09294374505142693,0.15195269565222377,0.034134666675212894,0.058371407772530026,-0.10627445010674606,-0.16715870563290153,-0.016072850957273285,-0.036384331366783325,0.02143224661229032,-0.058756573230791864,0.0325821905395279,-0.023436569567262082,-0.048904843725400854,-0.011879342546249427,-0.023762980703363596,-0.0661953694587713,-0.015795329524245498,-0.022911754507834052,-0.08669137025525132,-0.03172717539821322,-0.003921687227004007,0.05923420881123963,-0.047164710784019306,0.04084659515173436,-0.09146056144758541,0.17175507278437036,0.08086069539333716,0.006338244930928169,-0.04243622727950972
2021-12-16,-0.020963590467396927,0.3065840724450313,0.11405842314106293,0.20718946812911979,-0.015003069534752214,0.08604965208040692,-0.12182806577800509,-0.10067798992421433,-0.12438037967378884,-0.18932991511019798,0.19105696827497007,0.03065782691916263,-0.044111271343410766,0.14112192881347924,0.013557560099425388,0.06362130429440775,0.009389597070059793,0.06182024240173613,-0.23328807890295583,-0.26721380334696504,-0.13308046186559946,-0.005023749210214986,0.02733566759540044,0.12183265770387233,-0.2023271533301097,0.0055623108898976955,-0.20388101599427444,-0.19549269885715678,0.04835747387180565,-0.17746995362963985,-0.19617915586045498
2021-12-17,0.07142009390238101,0.2395325898889094,0.15088009105951222,0.18220556385747977,0.0009818467775663847,0.17896084334029144,-0.04514590422868457,-0.012245194512261064,-0.2152803471639799,-0.292560490318329,0.13112800070887476,0.03754900167230298,-0.020031741300729856,0.07134038856680074,0.027911476138762582,0.22403084522393757,0.11054158047662793,0.09333120642240454,-0.1101566561571888,-0.088824142789495,-0.0024812872149046453,0.006441245607225436,-0.01639896199324545,-0.0350864107965123,-0.13469043360539068,0.09165370093593603,-0.3346889899169834,-0.3027584049170494,0.13105448968796446,-0.1576885518524091,-0.14345810686298596
2021-12-20,-0.022873351846346826,0.21315832803941742,0.052459713805808064,0.15730540438363164,-0.0197418379099006,0.05512655966065734,-0.01281849246852716,-0.08947908543062232,-0.11815250984726823,-0.07844943078484663,0.058975632573748875,0.03728360730132918,0.024224787695249606,0.04340601708260116,-0.04735184493711949,0.1475549916300889,0.06254604453788222,0.018977493293592215,-0.16078036304978766,-0.17055902072314746,-0.09283559931915614,0.0003669190598862194,-0.020375154800321257,0.030883417697736393,-0.05990381432289621,-0.04554767266531769,-0.1281334969212173,-0.07661788928567273,0.015872906444333954,-0.09666837217361988,-0.12237228109744634
2021-12-21,0.010803083109952849,-0.16472107401272887,-0.07121648819525768,-0.08713698649833147,0.031299624237561816,0.0339911327738025,-0.05710704289504813,0.003098515340547694,0.014465992889157937,-0.0026457276518929832,-0.20771387501632985,-0.23408105465719364,0.12073135912773135,-0.21206013011230593,0.007732744193286752,0.03967180970370753,-0.06601840727206537,-0.08102115474586319,0.12041637432465924,0.1487690564758683,0.10094718364952644,0.029412299214508067,0.018127679900434773,-0.09000420655802635,0.10948808954434194,0.00829029241139144,0.03150967362808154,0.04118820987004425,-0.02288582191366667,0.09953436617076977,0.16031253051369462
2021-12-22,0.1474472636626544,0.016766057836204214,0.1295702606331166,0.08013002643399823,-0.027780882705796667,0.010453980485474579,-0.13031854530620798,-6.600257805185879e-05,0.12088082534669069,-0.025888182253383196,-0.14878160144660593,-0.16877588931127965,0.08243867525004098,-0.18963433399408175,0.06852648413831469,-0.18999313511124305,-0.10079560738392546,-0.012358298236599868,0.162248916008812,0.11896784703977867,-0.06017759452633475,-0.021864550402740685,0.02149817141142624,0.15998613698555586,0.09027303966709906,0.15183459125701357,0.11297539133807667,0.09740100292270915,0.12384331128454296,0.17959370898198604,0.23768642108666188
2021-12-23,0.099792102772009,0.09904735163702202,0.12049671458570625,0.049200538115804895,0.029307342596470748,0.21573180366072905,-0.12990015938999513,-0.009939025902741722,-0.24800092762604395,-0.3932289080724454,0.1804848911433862,0.22465245380064983,0.02078744927175682,0.186317797754388,0.08413767993997524,0.06028223270380444,0.009421791947667277,0.17801169914668757,0.055793840372282945,0.01632960116751104,0.12695012103266104,0.006396000334600992,0.038684271228025535,0.09997541795470773,0.05088253802897482,0.17400131031451427,-0.2188228058667171,-0.2874816549815828,0.1369710832719764,0.04461764680686114,0.13877137456688413
2021-12-24,0.07086875671845005,0.09868913056381637,0.08544296531626196,0.07305469049996804,0.0063046814481352124,0.1429238905423029,-0.017441382062957863,-0.07667447662501282,-0.14115950060691557,-0.07680588769139374,-0.010345437571974318,0.007015175565930418,-0.009050674014284775,-0.09446606148197267,-0.013256044409337298,0.1265044309808165,0.08398517749309464,-0.052429179862208054,0.0023973886109322174,0.027858816689702855,0.051132679514032046,-0.0010633117189489665,-0.025840829930119918,-0.09778467446524391,-0.06312726658370175,0.08407793710340083,-0.13958903442090612,-0.11475245129638269,0.09685230060795423,-0.12051844597167846,-0.09162171802314
2021-12-27,-0.0561642791085373,-0.1668940569926595,-0.12948977863918087,-0.14045499674025666,0.07679574488691157,0.08193560613621949,-0.18559121976710743,-0.09404689656513872,-0.01833359456247561,0.06329941483100274,-0.36970040261476766,-0.28131780050788174,0.16339044251022514,-0.33805851060961906,-0.15075146725148433,0.12012728689152544,0.059109460712694024,-0.06957103939933335,0.044152546914922125,0.08500373868617546,0.04002254619049824,-0.006391631072114549,-0.03180441117148104,-0.1244783641302963,0.13453616000789695,-0.07314180594999606,-0.0125665429343035,0.23264285307912932,-0.09177646012088644,0.06556831209586815,0.026857540302951163
2021-12-28,0.037355186480572136,0.105350425469571,0.033238659874634355,0.05833084123619936,0.01292866252496092,0.05262392869955452,-0.06701449738175842,-0.10461226877525899,-0.039700604943682063,-0.06856392250465541,-0.07416726313239634,-0.05712490318034967,0.0006606938051178244,0.007368554980626255,-0.12577623167369084,0.11014450463339115,0.0579410275565904,-0.10207772608186229,-0.016952490945438797,-0.006363840062403715,-0.025017676647789283,0.005295136942800415,0.0062051446665495665,-0.05860216522564697,-0.042900496702954836,-0.007147195154382817,-0.14776671198097238,-0.00033344261387222935,0.026286519402178615,-0.05032587215498503,-0.10271349114226257
2021-12-29,-0.08097027273646341,-0.0011154846568270265,-0.07405668210346793,-0.0874358557800809,-0.044859384372311864,-0.04108343798286025,0.10077685907674878,0.1187227600466111,-0.015126301810329767,0.026050164240941164,0.04064755035923209,-0.09276697268616707,0.04602632576564688,-0.09012137428576443,-0.02777645053326508,0.008213951338784612,-0.0541703108974162,-0.06863699439030967,-0.07458554207122944,-0.03341503113850388,0.10169778824967983,-0.0017922561604033704,-0.010918063018142674,-0.043641721122208085,0.041496965718473194,-0.02160760395545187,-0.08934817108494084,-0.022543880493584346,-0.04823209590447015,-0.0017408523586242028,-0.006113032238408856
2021-12-30,0.0805349846260454,0.08294986158499433,0.07947918675333313,0.05595943628822832,0.03859396473231987,0.029706902060170362,-0.10311424142535264,-0.10393741784453547,-0.01596124545606456,-0.14897021173761585,0.012809222850077961,0.02118906707290961,0.05518106637301738,-0.04085672951818016,-0.03263498384276958,0.0011667396821232214,-0.08993368233059823,-0.023618828853349694,0.03762706632894194,0.014057049107737711,0.03251843307847753,0.018255702265234812,0.04440981962002713,0.08282848843345153,0.021342523213171892,0.048222247954137286,-0.09643022903756406,-0.06968126575945871,0.06438093062035281,0.01988622051672665,0.03823867454582997
2021-12-31,-0.05337760287773536,0.2578254591845017,0.05361247828090211,0.18625393843999588,0.0008457730319880889,0.08524387555023824,0.05055013279432411,-0.11650027358774198,-0.21660993497459877,0.029366824729891473,0.11776450256113809,0.04883821527134253,-0.033841192844673636,0.0497548611514478,-0.1143161310516738,0.13710664782089552,0.16423986799482918,-0.09354785148259125,-0.2753265264288572,-0.22441969086884656,-0.06457327161076795,-0.01989566165553902,-0.02017858629229959,-0.04913685111527306,-0.2798581567500966,-0.031197595560650923,-0.22815077080955365,-0.13120192842205652,0.021029035072415797,-0.24232289873906399,-0.2657128284396937
2022-01-04,0.048595113401095555,0.22729238130513407,0.11255801528472953,0.15208665512444777,0.07890896441257014,0.2021379701706152,-0.04204021352006243,-0.17242881836107973,-0.2702657513546674,-0.19055535293175227,0.2046386782194024,0.14385372218752016,-0.14873524712829742,0.2677216009778683,-0.05483587107214433,0.12180712331277906,0.15147324380239977,0.03262265980966796,-0.13455995190243203,-0.16074165726265716,-0.07738888052531684,-0.010909400320353292,0.0035034894887965608,0.024182646705894782,-0.16581707259772271,0.05791705762952237,-0.16206108540663616,-0.21354200452685215,0.09405481452060208,-0.1436832361365132,-0.11466437992448779
2022-01-05,0.07089823335531803,0.0666817556644773,0.06348019351201917,0.10848584637613928,-0.028421049059970966,-0.062322465020940965,0.06042642789658421,0.03931393057741489,0.05851529319626158,0.12232255489265487,-0.1348197470416524,-0.15048817923479096,0.07242532647238713,-0.17574494999053314,-0.12863688593342673,0.11971110436325068,0.024439322530221262,-0.15456806211065247,0.02511561173987868,0.0352633698482247,-0.02926422754284485,-0.002490002409673612,-0.01991964542541421,-0.15734442442327032,-0.07882415181932886,0.011569491119156462,-0.003720924265834807,0.049444567291625025,0.03975476694896106,-0.03312204045994045,-0.07551285921127517
2022-01-06,0.28026334616987075,0.2483747787839158,0.29362303440319676,0.19627917939372674,0.12521070953732152,0.2997349096663443,-0.09591799704807083,-0.25899050041711863,-0.21666845826564482,-0.4001721773218793,0.0858810830220925,0.04771691051981911,-0.06123088054647567,0.16582542310295417,-0.06900774664087052,0.013028542229302999,-0.008268927481977505,-0.02883597503776188,0.13069519438832874,0.05698616792094617,-0.018691334362923678,-0.04027253015954525,0.020664265790943256,0.18812780766640338,-0.047472620954095456,0.2156016557277671,-0.13117451454683207,-0.17431965303904337,0.273886621514864,0.04289151608192024,0.07531148597460681
2022-01-07,0.07199691588634739,0.03668176738891018,0.07750680409375223,0.03883747001145531,-0.00628989607264128,0.11688333724516435,0.02019904111879932,-0.05014324841117902,-0.13758225360742357,-0.013578722057765174,0.022606465899909896,-0.024002691383691308,-0.029359166077255264,-0.029623704224984254,-0.04737130133358035,0.12332639473781473,0.08069242716950212,-0.06018464876419362,0.028122768082380033,0.07000543587112208,0.07538018849430994,-0.0032573388577487564,-0.04934974593047964,-0.14454145676965893,-0.05332029772659582,0.05689995923920205,-0.10754168620922255,-0.0514212879769886,0.09958010968488876,-0.0431126209882754,-0.043546271150370394
2022-01-10,0.0633874939781469,0.22736692259503424,0.10880654797325826,0.14377143377914167,0.03739670053647278,0.06217173768512303,0.010171627002293133,-0.1487549436508456,-0.11379280945835278,-0.11372549321717032,0.08094300836862572,0.09790597806797247,0.010857243358726483,0.03995871080522778,-0.1681277450992899,0.10823540756368792,0.13831511463131324,0.014188502422241022,-0.06318672547028056,-0.09948996353082966,-0.0468264376891632,0.007087538578407685,0.03835285014554985,-0.015323158447539838,-0.18122764037402816,0.03663374561272211,-0.21444222385754252,-0.10373356669025115,0.06935818951625664,-0.13878678362400004,-0.2182667714769189
2022-01-11,-0.17506176207098376,-0.23194786925192198,-0.22337818645565571,-0.16281293210339332,-0.007001323042006527,-0.05175847159219463,-0.20698330081599872,-0.020610310270700125,0.06089276319732543,0.15448890748073277,-0.3223523374071595,-0.334598696897153,0.06131111199241865,-0.3021923621448812,-0.0698892006514654,0.10564941030115997,-0.0008440987794540793,-0.17100448855959677,-0.021600228021560478,0.042899467848113264,0.005532757385362463,0.006884920398089985,-0.019632664006779807,-0.1858121776509751,0.13303445109773535,-0.1377065475822396,0.05669751249920136,0.17147779193028487,-0.20000037602313409,0.03363688642035995,-0.00808516773752887
2022-01-12,-0.02377682977692734,0.24365759621879116,0.06958535090703664,0.15164208795107967,-0.026462600346030787,0.033087375648126464,0.09867979524287017,-0.03378424306356,-0.10138389214907141,-0.0928608221544271,0.25330321095644903,0.08601889182180875,0.013825528334744498,0.14974934795283645,-0.10270759752612695,0.10769188043457394,0.14340217675941944,0.05510020981615273,-0.21714933644028334,-0.20930397712543128,-0.11771621449321001,-0.008344092160780192,0.007593309246263499,-0.03621713622238865,-0.20676815280878547,-0.005744480060491501,-0.27533895632566263,-0.09677115418387065,0.03178551533717872,-0.17517928046317466,-0.23790312526158816
2022-01-13,-0.04789203388087918,-0.3027192288799077,-0.13158259565493208,-0.22355031887232713,-0.03624472169626157,-0.06396662057151363,-0.1025782410694205,0.13246812415208195,0.10606416118285569,0.06086402462400766,-0.12191378340509366,-0.10730156754619699,0.03378135467277196,-0.11924529462640204,0.06957852790118799,-0.00793435642535266,-0.14955078946098188,-0.11072377881542211,0.16543947327123498,0.19317091808117115,0.20415992497605098,0.03535012372419579,0.016404664696059452,-0.11244465407032388,0.1558119080313202,-0.02409695965837737,0.12405741885363715,0.08192898996832612,-0.07811494631083392,0.14603426051371846,0.1958067778922527
2022-01-14,-0.11553843086306655,-0.06407607679138111,-0.1337703122288503,-0.08888263229047322,-0.06264752303610666,-0.0295866710014907,-0.05640416151031148,0.08252476552969731,0.0034812299952704457,0.12772582692929502,-0.029201470255273445,-0.0034199107773628247,0.06591901271087938,0.04818120001904928,-0.09466853351087139,0.10072728464609859,0.03269149449138172,-0.10254299020414898,-0.10962556752670136,-0.013562326434582717,0.03636515279734686,0.01905270996310298,-0.021119884224897266,-0.1346658632399697,0.037637999095405876,-0.06233616591997693,-0.04140715600127816,0.24546603477574958,-0.09487240475331787,-0.008012198253358579,-0.02052164245230238
2022-01-17,0.21560757565593855,0.07896928338349664,0.17602825811838546,0.09523675783881162,0.11689570194782416,0.21305846330685085,-0.2163071682836113,-0.29984068464283725,-0.08951769652189234,-0.2932503431728867,-0.24905397061301232,-0.19362202597381653,0.013560582435296616,-0.1697914568617503,0.10879463812364112,-0.14392881990350276,-0.1426888999375125,0.021642819201261442,0.1844609011447873,0.08896502650091248,-0.036859535013069655,-0.016626662548857692,0.04474424963979168,0.290513184080704,0.1299651336389515,0.15289840277694824,0.08027198356491495,0.03609229919518083,0.16082513414364655,0.23317106154749023,0.24503064105308495
2022-01-18,0.039573232482246194,0.2868473220563884,0.1099577279269811,0.16926019893216468,-0.030627065731584583,0.06561385512966418,0.22832166555685557,0.09249222832674925,-0.08637190057400397,0.00638718757887562,0.0983987530942813,-0.21489827191499755,0.012977531773723667,-0.18768264947275587,-0.010774850919982027,0.12203821284925459,0.19768401123696636,-0.052606333761781185,-0.17597336092678748,-0.15885524796751455,-0.039594649607166126,-0.034405371696497225,-0.03385743044073266,-0.13170882259401154,-0.22880281836266458,0.06419979979430986,-0.24728517058729246,-0.16067418153473503,0.10954187990170527,-0.20054171742413213,-0.23978488682868782
2022-01-19,0.17533937726616552,0.13728388086931143,0.2050477091008112,0.10201460091222184,0.08671896200924123,0.21386012693130893,0.03901908378777263,-0.16656391594069964,-0.13979792291961912,-0.3450187454024455,0.0447488645357959,0.08402110446552787,-0.03670282539700325,0.14128688889103497,0.1964646395333784,-0.15555144545777017,-0.18558091162355417,0.008783723521636859,0.09680487000028717,0.004028964788961609,0.01957898834132994,0.003694242606736008,0.05504884791724421,0.30389206383792733,0.06353136948318434,0.16780145574007263,-0.05657201882115498,-0.2402138040606017,0.18820101686117208,0.11336279599077899,0.1800504587510487
2022-01-20,-0.07028525256203247,0.07614985597364256,-0.07744326358036732,0.045844511178955674,0.046049892435666755,-0.0005579691951131811,-0.07904190835712961,-0.0983983452540698,-0.042399615897660003,-0.05241825083741511,-0.056165056931236815,-0.12008166558053116,0.10553892084238475,-0.11698977853307513,-0.09389712216597665,0.10993159857775908,0.0723581616745048,0.012000642164997233,-0.10474849554027561,-0.12610930861243222,-0.08731105295758489,0.005674174673230046,-0.030529178385454388,-0.07873567055846595,0.030810769142371647,-0.06786191027558884,-0.1557330041623146,0.03298356962990617,-0.10795535693532358,-0.03158697533397771,-0.11119932184431498
2022-01-21,0.009958008141992006,-0.1869495402917701,-0.08184473058930608,-0.10804808372935118,0.0739306168268255,-0.03916373068415173,-0.18351469943916374,-0.11340993376336417,0.05827294179553935,0.01996304538848912,-0.13310014251634786,-0.08679479049671837,0.045639115776893925,-0.05968401067961389,-0.01529830156905724,-0.05763751996453858,-0.1442616865188293,-0.055737978516474385,0.14549510038567198,0.11788167284312236,0.0038992990082207532,0.01614024039994591,0.011794718295179352,0.03412396432688023,0.15852160753103336,-0.03240928352513557,0.1941898416540326,0.18563191474121582,-0.06641065060557275,0.1940859136543445,0.19796339933130974
2022-01-24,0.11391466696762674,-0.04138077093305896,0.07344010003485127,-0.033083136795135255,0.10206077415109177,0.1360902507329422,-0.12034617521282436,-0.19288066477264007,-0.07907560144569649,-0.3627438631922101,-0.007317616939094136,0.1729346810030095,0.13663368885945215,0.09825913232775847,-0.001004566473530621,0.10700656278949412,-0.15373000262050956,0.16905242472007762,0.18195531137707407,0.12599435566793263,0.006395615563397319,0.022767304893692622,0.017514909299297745,0.033570147661654795,0.21216179697198775,0.09794895505423447,-0.08218206566668176,-0.12065187142106765,0.07940911323630773,0.14495278853368113,0.20957753567587975
2022-01-25,0.10088225904119409,0.16199249597261392,0.11418490208962455,0.13038213067889484,-0.019127271624371715,0.019293793017658524,-0.05526735200230565,-0.03993260141122707,0.025892676908097427,-0.050748891164338554,-0.16730406951725393,-0.06992963644710695,0.04006406852498939,-0.18010786878311258,-0.12483435737140727,0.08625980803406036,0.0472123743307406,-0.0928837323609798,0.02669481575225792,-0.00685730459599063,-0.10363228497882639,-0.038711218733652894,-0.007527956609952226,-0.0026883377395954615,-0.08804796185989892,0.062720944205125,-0.10650767429004863,0.11721212400073175,0.09126369603355487,-0.03622624303700663,-0.05592127222772384
2022-02-11,-0.23973951543415412,-0.10741179259187308,-0.21995256121270634,-0.08570404270363326,-0.0066006045665857015,0.014180028707938887,-0.04598008421859967,-0.03996523522790313,-0.05267439634050057,0.16954106097043783,-0.17456582094807369,-0.18578751986656997,0.12260283712235318,-0.2185325117801108,-0.19680157740150792,0.1712289069484023,0.12295506286055927,-0.05454772404905611,-0.17340685714936133,-0.09851485212188332,0.0011624694755149642,0.020908819333332856,-0.03976306142484987,-0.19966039061978305,-0.0363281951305527,-0.1859417878276513,-0.09022835417923494,-0.028895734232969893,-0.22199149707153173,-0.1103677383911231,-0.1974626357193569
2022-02-15,0.0656507691459904,0.0818823170701304,0.055798086722302014,0.08796185590747531,-0.00011310229834901253,0.013443300714698538,-0.08632438911653556,-0.046970213626208734,-0.02721792266232456,0.03227130636493003,-0.10821683799018744,-0.21652425123187788,0.08813973038443357,-0.21070208580273342,-0.09055151692619148,0.18849621339420428,0.10384427905641438,0.01527993028862877,0.0021771222615904738,0.01143408394071774,-0.06700011624379763,-0.0104349616054196,-0.050911738577674774,-0.16777239492451668,-0.13495960356204442,-0.015089361264902294,-0.06088254110427072,0.05209801488350525,0.04325280913524478,-0.09000160096805329,-0.14737885653881266
2022-02-16,0.03763764319989535,-0.13540471424731498,-0.015373421753216,-0.061797711165811765,0.09424811332844525,0.04826350848349198,-0.2558646118152773,-0.20820673762937678,-0.12806516168237303,-0.14706698532440995,0.0029123611002295196,0.025356095027833505,0.03745464513797426,0.09423212903503442,-0.038684152644502916,0.024539892848224314,-0.05979260958699636,-0.030422747961948247,0.1494375296677486,0.1203313328682934,-0.04064730270608035,0.021272655851829702,0.05511785006666547,0.027642671850952764,0.13253319024432067,0.012283200247750235,0.044655934950241,0.14569309623311502,-0.015524619367014767,0.15461389933115288,0.11729323844812353
2022-02-17,0.07855926052300594,0.2974807732021882,0.15389981588857896,0.2092344550047574,-0.06711715118408917,0.021961907379832054,0.22200196842708625,0.19635384022433552,0.027288388543406955,0.0396309182353921,-0.006429475716661892,-0.2428697652562197,0.08937207794224006,-0.24386275399229576,0.07101731518386868,-0.0737873790942115,0.022135845502654388,-0.02770870669170966,-0.1389971389325449,-0.16463412705249367,-0.05212630444217893,-0.004868635970563097,0.028087660966025423,0.13626091324189554,-0.18813756561768297,0.05977857867952012,-0.11851414367420395,-0.12878392929381038,0.11972653676552347,-0.1292954156865316,-0.14658827916897063
2022-02-18,-0.20214608045672589,0.021601796209758054,-0.14829887124502206,-0.02344898789474082,-0.06318450334940447,-0.033932449045206155,0.0015342811630766984,0.027698079471422197,-0.012547211710291108,0.2703316807031405,-0.1582464929543854,-0.041775240004288006,0.08710284129240313,-0.11518357700931522,-0.15916588314694405,-0.020134948030090062,0.10114719190124898,0.04675869855614975,-0.2563581347078812,-0.1674719838529369,0.028562277977981353,0.024561892145705914,0.005560923406815209,-0.05932682638095494,-0.15570150432982208,-0.12762254886325483,0.044720048000571805,0.07480625611027125,-0.14481040976865733,-0.14894197331527126,-0.20067769393909962
2022-02-21,-0.023142431768566205,-0.003211035276429127,-0.027576110203666997,0.028759319155807615,-0.01371069668611424,-0.08482743224109467,0.05142843091196862,-0.014057457508947699,-0.005394278540594311,-0.10376991184870527,0.2898101455206464,0.15779159628842132,-0.07796077945804646,0.11987192721789869,-0.02519071633528947,0.008046009122474985,-0.051392556515211095,-0.014777339719038959,-0.019601018765275556,-0.06725276207575828,-0.10979692673384761,0.02534492886985534,0.05638600374131177,0.020902211677353337,-0.01951591470852912,-0.014092014770494403,-0.11032123522949712,0.05948579636804968,-0.05740989152631931,0.018896273114674234,-0.07116027142215912
2022-02-22,-0.07650556176617813,-0.29407304378411514,-0.19592554143795174,-0.2332996020119649,0.10773990717910324,0.11654080040019246,-0.3962840889178957,-0.4208369389057587,-0.18807949547762562,0.02302212050338682,-0.32898878313783647,-0.15758192622771142,0.04503374494854505,-0.205056321398923,-0.14049388411949482,0.08790633929434812,-0.08976017677006326,-0.15316485826616458,0.1439141828782975,0.18334803082208473,0.10860678187535934,0.010291086962048198,-0.021510135516782686,-0.15189614964113413,0.22444115334523906,-0.10274378084271757,0.14137085008726602,0.29676553461121696,-0.13944446349437906,0.15113556547727672,0.1425670271621063
2022-02-23,0.05891288490979634,0.0014203541564004828,0.04125595896071516,0.005126207566475223,0.0376604719479175,0.04889643748304648,-0.040723015185499915,-0.09587009029652907,-0.06685468701594031,-0.2156542260239181,0.10819105945918749,0.11676755208334558,-0.032314038277130364,0.15416977818515246,-0.06357181777981097,0.0858853386347041,-0.049621121241674074,0.04692223396275037,0.09151463280949966,0.044792079322652216,-0.011224615866978196,0.019323214702929154,0.05874637864897659,0.016521306743391685,0.08637647335761844,0.06572901515316247,-0.11669639554415812,-0.027728369621290397,0.022456325879917024,0.10076457705987339,0.0695126147298208
2022-02-24,-0.009784187445474733,-0.0905645702717678,-0.01655421874807717,-0.05302640441622999,0.011721384154396495,0.02836016506416646,-0.18171886124637532,-0.15207161962047264,-0.028144524032390022,-0.05294596899981469,-0.1454588905335538,-0.19001769115441086,0.12280499946607525,-0.09863663179402868,-0.044721047075167615,0.18676323412677812,-0.014304367895639535,-0.06967301806432424,0.0879010373461485,0.10454762322861143,0.04746762691289459,-0.015077085725225132,-0.022927321275701157,-0.13619710739799404,0.0675609944865639,-0.005079088395672538,-0.02276156224533226,0.02014691453834523,-0.014186983192439419,0.021679271035968492,0.035159633006274796
2022-02-25,0.04625444044635407,-0.055360840133382154,-0.004336013201183777,-0.021671185312009497,0.02576617045295961,-0.04866119374175339,0.012105273144011051,0.03531667856166668,0.05809358482252386,0.014598208615435627,0.019267198332689108,-0.00580805176330789,0.054191897635916676,0.04219784094616348,0.13118431715676898,-0.11153836135767432,-0.11363052014109035,0.021098864503559387,0.11648545209074436,0.08742537277621518,0.022331862044040873,0.01139050280373218,0.05983631752144358,0.13495435882798393,0.07350550229630223,0.009876415129323215,0.08689533399529442,0.044959782333549025,-0.01846517047984959,0.16287502589829914,0.1519803492682664
2022-02-28,-0.08194919182774625,0.11115199037520931,-0.030406590804102202,0.030010965378130264,-0.040780548848926026,-0.020709129617162054,0.02691775898612466,0.05988505842584102,0.04350466887706023,0.11709656858107989,-0.13558883498751226,-0.2600286606392588,0.0001224673342022972,-0.2533608344551577,-0.05458330297564542,0.055177292611165024,0.06787099264553698,-0.10519431410518745,-0.19081997971922718,-0.15809846560805293,-0.07513763436683019,-0.008909033319685362,-0.03289080472132493,-0.03700219313227507,-0.08472523604226563,-0.04928754765706905,-0.07840635254549037,-0.03538496095255524,-0.033090233587384034,-0.11714263414865034,-0.15501384382278552
2022-03-01,-0.03888749811201986,0.20467753854406176,0.0361620431792196,0.1576894075893753,-0.05046430314942149,-0.03389280610901936,0.07891182783303372,0.16916541055445206,0.043950645723062516,0.07908384971693573,0.05562444295223133,-0.09657669388496734,-0.09871586945237643,-0.028123163276696856,-0.07564017297973528,0.04345807203245263,0.09281149335623039,-0.029575770729894875,-0.2058141267206619,-0.19498051067630703,-0.09374827139540202,0.034314010210043794,0.033019994368248505,0.016439584970157163,-0.2747079818276697,-0.05816373846402318,-0.07210600321252485,-0.11859745579282377,-0.019007115062299858,-0.17058206183197483,-0.2911602707901557
2022-03-02,0.18726279839463317,0.39206172695912334,0.25221493117751864,0.28156486746095283,0.0039303657723314695,0.026532190637107905,0.22506095612025334,0.3050996755878288,0.05059616319258482,-0.1352719218453936,0.16523038528597192,0.1761236939046132,0.0018884922123154795,0.2775032011802189,0.003999495693713298,-0.03690013939475664,0.03486509909458104,-0.05027307558887713,-0.05989826758581738,-0.12273010068790365,-0.09887395464687178,-0.00805289482990015,0.03198694735303101,0.18436728176429976,-0.2707232194003271,0.10610087202054402,-0.19975267035862376,-0.25403462266126975,0.1842932143173019,-0.1003467398596152,-0.19081841799782912
2022-03-03,0.04520631932341034,-0.022996257928070214,0.05032776380307383,-0.06828451927686881,0.05541376558237807,0.14778684473180528,-0.09173850122018862,-0.010906502617231398,-0.01766598106254429,-0.18968110001645122,-0.04783040887298957,0.04420605002835304,0.05359512979737686,0.0283387250301687,-0.08750865996616854,0.09845733483649655,0.06410297657620717,0.01174973467201385,0.07451549271880203,0.06491553984172384,0.1582320420490556,0.01900724322956381,0.04082774955147617,-0.02356558799448195,0.010401373214154179,0.04729394104458014,-0.049602373911329684,-0.14808267623114096,0.07904943343936964,-0.007736637663008919,0.06005329392627916
2022-03-04,-0.007028490428238529,0.20958948115225723,0.07539113277577693,0.17117486519723052,-0.11637156622468621,-0.16347290437462098,0.3260020166391461,0.33047675185778663,0.16422700550119296,0.163640216194873,0.2588382302803467,0.24515770853306232,0.007040591251578945,0.28863823734488253,0.04819515990985236,0.005694042404745158,0.10570805608198751,0.14319627526117137,-0.16294608383129364,-0.18250518914343952,-0.12042330562438457,0.019739432858849,0.032772395442169276,-0.01664468312675152,-0.26701756164808194,-0.04355190345081213,-0.09324386011705438,-0.16456432206389476,0.022576535180808113,-0.1626516793638829,-0.2879975321794686
2022-03-07,-0.06912965315246085,0.01440155548229898,-0.05887914084486394,-0.027004828232215103,-0.0074034396278908525,-0.010283696722287877,0.08120373771102263,0.005127881880029603,-0.02011232591459638,-0.07762638966799959,-0.08025751349657016,-0.08157445651626696,0.08165250456483468,-0.10332005353837106,0.08125549221597957,0.02496667312663268,0.01792854480140349,-0.008950921887451635,-0.07725399408838599,-0.10943701893025919,-0.07557506251666464,-0.0001846362487497569,-0.0059452721012721805,0.030328591746890125,0.001244214991575384,-0.04565169672204336,-0.17150282025815197,-0.016992106555538154,-0.05699924612027632,0.0059060180062807015,-0.01684737813450944
2022-03-08,-0.12304896973866451,-0.06140315017752775,-0.0950561952881665,-0.041104689158621754,-0.15729447522061538,-0.260548955319614,0.14267323023869652,0.12923417633052248,0.22535092108973387,0.20733285010528055,0.18461719827583412,-0.011223686773496102,0.0007050480302057549,0.1627451161971927,0.13656540931207095,-0.07792573949948652,0.018629548236325417,-0.07006038930034289,-0.06965221454114862,-0.07905044319189174,-0.03683537270486634,0.01687418748766979,-0.009382672372481634,0.023133082732866166,0.03827223232523372,-0.08742909215283753,0.06712796579175413,0.06076241759497414,-0.11372107154422074,0.010034711006622276,0.016013812104965622
2022-03-14,-0.1906643858172476,-0.1914787698886322,-0.19177648606401876,-0.20492361420973876,-0.10747900776745624,-0.13207663986218512,0.11346585343142651,0.06914316791745552,0.16882253398040795,0.012068182598183147,0.1789303359263905,0.234206475313722,-0.042148941328564005,0.18470869849347687,0.053939572719289335,0.05812203859884586,0.023415319500523623,0.020192352225590775,-0.0536749335542375,-0.059496548830394416,0.043220741071068505,0.022763692264767904,0.0054549601091364195,-0.11951356045316756,0.08108952372987231,-0.10834227669935492,-0.04591983751088134,-0.05973226436591064,-0.1577582688805615,-0.004998754212821051,-0.016323303569186296
2022-03-25,0.11245405973784517,0.33111752052545496,0.18547074335076721,0.22655140065964754,-0.02473478847099249,0.021411677392268076,0.02166966404841692,0.14508818540024893,0.02430394777250637,-0.07059863630070547,0.056447704367137655,0.02922848535356686,0.10673594452913374,-0.009454035482915697,-0.03328351251874193,-0.12588776937055032,-0.007688990595012154,-0.05110718581775321,-0.10075356052984527,-0.15758620118849312,-0.09226686438704829,-0.010212877023571564,0.0007107856736757662,0.1767076660186521,-0.18521884038172928,0.11151683231725061,-0.08243754410805075,-0.05350441542209538,0.1433341014909441,-0.05515742673870961,-0.06394396001063389
2022-03-28,0.06938775399670702,0.05865408846797353,0.06583567870173772,0.03504116468296895,0.02305789069132884,-0.043468628291132426,0.15221288364351526,0.128220084181458,0.03406104658611713,-0.10326079390861917,0.13879249463386262,0.14768634726138657,0.02326690064399162,0.1397469181780163,-0.10533989636084222,-0.07253031784791823,-0.11685120308526982,0.10158707150740975,0.0747148167147094,0.018408147438285758,0.03379225223989015,0.037680394138377975,0.08920460911632692,0.12380533651173935,0.030343584532575903,0.07154920298808436,-0.08353965340351382,-0.13262648212466974,0.04036182918052477,0.08650386629746717,0.07145702825763137
2022-03-29,0.15587611513234526,-0.021501754139623235,0.09974428790546269,-0.03217093640045292,0.15534337258415862,0.1920277601766286,-0.28486371668283683,-0.2487087890858217,-0.15395417177807846,-0.11891832424231948,-0.2518215169241532,-0.2581895741273942,0.11795381169069462,-0.26925588843926473,0.11764240891465391,0.021274790962705244,-0.11511181471274565,-0.12994438482442663,0.1673488720517845,0.15501938964595138,0.07311859377475317,0.0026137297500890993,-0.0753691408716758,0.027459821822256383,0.24727070972735674,0.1483663539999212,0.11807794702312605,0.11616757409709262,0.12220676438653814,0.10113837907840216,0.2249286288209019
2022-03-30,0.13578473022770635,0.29006540399452035,0.18441293251818874,0.1749991760927441,-0.054397274116099875,0.022317604516774156,0.11873809942926095,0.2116561096335707,0.09413643249338458,-0.08693445817649254,0.14958401360180137,0.1592805893170043,-0.021485200530736697,0.06561911649630578,-0.19680868735961446,0.10130330751807552,0.09260461116451855,0.03933453545635712,-0.10223122464978025,-0.06928791340102936,0.006849672382247604,0.01899363338078242,-0.004978347151047573,-0.09707159033761964,-0.26492455066358633,0.1452782392801873,-0.26953313432718706,-0.09835154908939447,0.19314431310799446,-0.14417555789967348,-0.20980957372697812
2022-03-31,0.08882716154117579,0.1295389682434004,0.09974779664688177,0.05180052039833541,0.10214271512869635,0.057534680931016366,-0.11559872459476406,-0.024355034788685864,-0.08741990652106528,-0.26118439987376113,0.036641309030269055,0.1254019078344709,0.029839531979935583,0.10954096763231291,0.014969307504803159,-0.08189981595066013,-0.15051458416307284,0.08950991101450122,0.04135456000023796,-0.06408858430189156,-0.05632484215223963,0.010436197096336157,0.034164117162820806,0.2089621545840863,0.10493792186806952,0.06557465582003595,-0.05275928908949713,-0.0883917195324145,0.05531902180599558,0.08237039796995521,0.1367859698586681
2022-04-01,-0.013527998074233173,0.2989460738912191,0.08599595755449324,0.1917738315900449,-0.14835600015889838,-0.07002992471497513,0.1633412753292342,0.22078938726021557,0.11669016021303724,0.08116825842088066,0.12433582010318191,0.08401381269495696,-0.00281260511852974,0.06517464400723953,-0.19514444774552867,0.024908067226680285,0.10311944966733048,0.04613795411174708,-0.23200119125248014,-0.23334352089754287,-0.07864855576209946,-0.037108040631464626,-0.022671236891220956,-0.025295459612555537,-0.36484376694851206,0.011732418048094401,-0.15471026654182868,-0.155030264657524,0.11143889173310603,-0.30281386365860635,-0.30641797112266805
2022-04-06,0.09213342282812946,-0.020800363486557408,0.061941640941339096,0.014358654504299304,0.08228179989162847,0.06535029174031162,-0.021804169776379098,0.014057660525313586,-0.06484040526744048,-0.24210480436230356,0.06858607028497395,0.1009639695688633,-0.029435454352015843,0.09837449903993802,-0.001606151264925162,0.06481215881905089,-0.022551572383443252,0.002291458084970191,0.13678841481368942,0.09294565957480706,-0.041433069520839805,0.020865959797324612,0.06087804514804659,0.04340933560250132,0.07667028495188491,0.034086275548554035,-0.12940340115916232,-0.18778940272899794,0.11252179543030326,0.03905233755841271,0.06054543728864826
2022-04-07,0.21944373819320767,0.24478058066143596,0.22303619893148935,0.18710560981172986,-0.01996854854085234,-0.07766031640462177,0.10444678673803102,0.23603249122450717,0.06234214508561209,-0.14083321004675958,0.2147941190465148,0.19878658119291182,-0.023071065384175655,0.18702984344448687,0.10229495664868932,-0.1470174492258191,-0.06768938154785777,0.04230324834406807,0.07625776492840536,-0.018519168609192987,-0.13316648046506285,-0.0014107425920939737,0.03579011754215714,0.15401008294755328,-0.02895770580483246,0.148077944056655,-0.08154150194602446,-0.1167048001910297,0.25759738227711604,0.004939477957918002,0.04752914219215859
2022-04-08,0.09356754105524358,0.21828227556515958,0.145545810984987,0.18269908886591013,-0.08738674324046523,-0.09391464078550323,0.2540120274754867,0.26522397198134734,0.13412942630808564,-0.10401120364388731,0.3139732827856888,0.24034310204795126,-0.07571701042169486,0.17336013152387506,-0.07968023438408822,0.002608908353186291,0.031970672793265424,0.11164192386366663,-0.05067102761309254,-0.07547432310234828,-0.08721397615599707,0.05244891000479942,0.05699584304402101,-0.023781108458303793,-0.19430726000917783,0.1176665649317841,-0.207367809181771,-0.33799879927670917,0.15463242061567797,-0.14126685806706546,-0.10199407412473932
2022-04-11,-0.11337150057245807,0.05114121263376339,-0.11212464942552164,-0.04539574578403939,0.0701367158591916,0.14732982209422227,-0.1124451789165779,-0.11772374985706201,-0.12143696650919128,-0.036219236964407035,-0.0965113604967713,-0.06559023610101532,0.11313591773475092,-0.21411509268440976,-0.14322777438298154,0.05746237919676146,0.028112372221801105,-0.055184867229092244,-0.142520447684445,-0.11061217580918531,0.016350754953332495,0.004791146712199074,-0.04974114500983981,0.028615025317321362,-0.08410999927297289,-0.06890401295526245,-0.13040415971011463,0.027323813902792624,-0.11471495469566927,-0.0658901554582939,-0.10519655450217509
2022-04-15,-0.0865051897538969,-0.18310719076629403,-0.13358085795464308,-0.10488157913657109,0.11976298816893721,0.16219012627077914,-0.2602699564608084,-0.2538425734162383,-0.1814742146928343,-0.07800399983942125,-0.2168067709297617,-0.08614919795470022,0.022255246429742696,-0.07043199088965683,-0.23196398997530307,0.3095589874653977,0.056298014756573325,0.025479904073862275,0.025501401865007666,0.11822973160060272,0.018217034881706135,0.0260567289458782,-0.012393618482879091,-0.25222116195583294,0.10010919313725447,-0.0483889593404402,-0.07354429695504884,0.11139571825531147,-0.1819374666475171,0.10037847525118658,0.058005172968259244
2022-04-19,-0.06146674660697999,-0.032258802576647955,-0.08284816776197805,-0.055834599053266334,0.06416083499031228,0.17014375086310998,-0.08461926225662646,-0.12599491364679113,-0.09880690665205462,-0.2130134005481788,0.05461582917412136,0.11679638979124102,-0.00943308938516028,0.09992699704734732,-0.21216795349388864,0.27027145530364227,0.12032397083686634,0.1002364116312885,-0.049248931554997634,0.026394811058852226,0.04771517410330199,0.04301698211659093,-0.0017255474129744103,-0.1941817236073835,-0.08520066831273604,-0.01672559955771778,-0.2507877343420007,-0.0636520724421808,-0.10169105577491148,-0.05327285940458095,-0.07282885043731524
2022-04-20,0.1304595517471535,0.038499987116644284,0.09907316513514935,-0.007091864235559692,0.06896722264979764,0.12433949198702009,0.046803836484145774,0.002619217860601796,-0.07238056073300983,-0.37142817699706965,0.16651341865764405,0.15024166679666845,-0.01010950004407918,0.09451436028587613,0.05661933799670285,0.11538056467039165,-0.04400380949448946,0.06828098935315666,0.14109231152390753,0.09351746195031839,0.07145102387016054,0.0460701901349314,0.039578338952090376,-0.014035389875666906,0.14588715163158644,0.16018904767160416,-0.216282969446765,-0.1658894533900311,0.14092383758007715,0.08170378422882645,0.11810228474351046
2022-04-21,0.22510505316112145,0.1943028826301712,0.23670582837328497,0.14074506898356623,0.04955749967108133,0.01882081533020912,0.07908228024034669,0.1253647203915831,0.019573270240811878,-0.18930905079686428,0.029620813876518395,0.023493661975755073,0.009808304631375596,-0.04071190028540352,0.028459805223446877,0.03526307865668636,-0.00422904944856221,-0.008634135905345647,0.1426219635640316,0.07288541244355802,-0.024507714954640627,0.01656390759110025,0.04210917582671735,0.06334875270065381,-0.020733658359482647,0.13679553386458468,-0.15122922385858253,-0.09464061349361907,0.2665332431035928,-0.019007360525188626,0.02478629222506748
2022-05-16,0.05826343302524005,-0.16040411994118745,-0.004708485523134609,-0.07577067400483029,0.13991019242350428,0.1181168245589293,-0.1376348753717467,-0.16243271815267452,-0.2853954825894037,-0.16116356867261256,0.08593398461498737,0.10193862424654658,-0.06148984431221689,-0.008630402048186275,-0.0835450330327932,-0.0016725514205475035,-0.14322313539317075,-0.12141889893007145,0.17307903680319817,0.1345749585319915,-0.055508211434950994,-0.004199967961371572,0.02668012543608317,0.04847315939670106,0.09195514872321225,-0.03880181306675628,0.009738916902739104,0.23349937703180706,0.03437336714201586,0.19004093388769913,0.2036091524145671
2022-05-17,-0.21235666308336248,0.012838108087819718,-0.18318244760644858,-0.007606649895706599,-0.08434902831441549,0.061566529625332815,-0.2923278814546826,-0.25955620661598594,-0.20780335576464518,-0.026064025996706548,-0.13426433497889217,-0.08559038543255366,0.03501900996751049,-0.11115109564875753,-0.23517024802438125,0.24188987859218758,0.1300232296021106,-0.11709974010748041,-0.24225543847566605,-0.18655235810252485,-0.09397990279625998,-0.013753080240461327,-0.018326099614089125,-0.16976491511125752,-0.18824043584219502,-0.10777207328208327,-0.1264088838779146,0.11029412166827586,-0.19303596863610095,-0.11767537433118865,-0.16848646058566763
2022-05-18,-0.08743559453657788,0.0014001707032930662,-0.0678594455270625,0.02716834499798534,-0.061710787124142484,-0.08542323452910122,-0.086419568187643,-0.022907906463158316,-0.04845868360126796,0.03161020423668072,0.08191575988976756,0.05710582207145643,0.023857530394760983,0.09625829271285578,-0.11865801934956374,0.026149590810008887,-0.03755634863965945,-0.059407371841826796,-0.053843730643716906,-0.09536512464290926,-0.11070321106340082,0.019183097476948918,-0.00020685575164970776,-0.0034157207447082414,-0.04462275165690473,-0.08491076287291063,0.0031040175450893783,0.11398491344063394,-0.09059635064432922,-0.04090377610531429,-0.08891069459975423
2022-05-19,0.15199740325321776,0.023344654961954217,0.13520091970211548,0.048777926346633756,0.18040872885992734,0.2635912937846945,-0.09757327140322594,-0.19507190077971046,-0.19421767575003257,-0.12311868345117241,-0.1497478688045224,-0.08553511739243373,0.1334477758200293,-0.14549734842382384,-0.009130488071625269,-0.04643988275229604,-0.05792393901461415,-0.0023639473483197744,0.11135159418745721,0.13686818472323603,0.020110586184007958,-0.044733280603964386,-0.0023794232400004113,0.10759386114421425,0.08339851675929119,0.04013654059926131,-0.009253076586834932,0.04113755648111269,0.14225352006981323,0.08769397388194924,0.13210008951648575
2022-05-20,-0.09853539028571287,-0.021404593323127174,-0.10353792462557314,0.016350228767200665,0.01046018655435977,0.06599119000318031,-0.2484090918429528,-0.1805753609466307,-0.09369672702550702,0.07205044435917596,-0.13640814474846266,0.02672280242556463,0.07248809256552995,0.026641785172069943,-0.2748681665746918,0.11949076712595527,0.07662839632692738,-0.02866527654107106,-0.10308197504869221,-0.05282819841121872,-0.05646216309417256,-0.04183120693677165,-0.00011039654640024672,-0.0692694702846571,-0.1591683372902301,-0.09849197561050652,-0.012881067599029431,0.14658964218201911,-0.09198588579008551,-0.07302357891882948,-0.11799622151876137
2022-05-23,0.12455010571016147,0.09357160215409056,0.13897141757525774,0.08786818011123704,0.011484759851574718,0.0325894569770973,0.27840259478332985,0.1712805638645136,0.05472866928419838,-0.3528175735732558,0.06188091285802873,0.06333553444034522,0.0034286863340536678,0.0011940332473963909,0.1372110382493321,0.025595863985278532,-0.15921881594001608,-0.132066137264811,0.11841930042290694,0.027671198448646392,-0.0963161633283727,-0.001983033040620533,-0.0071011306539847194,0.06469530075950713,0.20180350767416738,0.13910830563683066,-0.2624447609417205,-0.19772354843891402,0.12439147089904697,0.05164975375015869,0.10533428207769742
2022-05-24,-0.09075824366466372,0.17127104657681,-0.03977153703478197,0.11827016487591008,-0.07753490040720712,-0.03822828536390162,-0.11285568462881279,-0.05284710492646192,0.08286236144775112,0.12259009016481182,-0.05443064974575556,-0.02992756462702964,0.09088407446378004,-0.08809805855426185,-0.20198266854787253,0.004040373538356438,0.1139948518683068,-0.09324668476440068,-0.1806664337697841,-0.17747249141760046,-0.08080132024446891,0.02455168827896621,0.03200233298521843,0.057089163354863554,-0.12273891075450657,-0.029991024968455366,-0.025946040266344013,0.07835794841037831,-0.08347675318163358,-0.11401346513994581,-0.17104977132930746
2022-05-30,-0.005095587823428373,-0.07655442797947376,-0.013494471428823946,-0.08698457521922494,0.07153378491010717,0.21088135373846145,-0.13538537825215827,-0.23121660349956286,-0.25818621850146306,-0.17100081859911379,-0.039625217918726675,-0.09583245596250699,0.05744893528867559,-0.07243487241930031,-0.07866116146195895,0.09094239510907856,-0.041574362999253295,-0.021945463530853873,0.04203667544970135,0.07522020039018154,0.06449056738875344,-0.031559290011761665,0.017427351996791553,0.029028282380007205,0.023171821431506603,0.037546883475184596,-0.04850293959251301,0.10637756957860384,0.008035108571595829,0.11732553563105594,0.1407161542406079
2022-05-31,-0.009915218980245099,0.038750688300365384,-0.024081195032407483,-0.006098959654112534,0.027186831829727674,0.08255219280603225,-0.058880254742105204,-0.13520265013015914,-0.15798678498111748,-0.0781933609233175,0.020142390816864128,-0.041561772942915146,0.10506204210160147,-0.033738726294825536,-0.15582327853142172,0.19014176731748264,-0.0075478485303489915,0.009128228552930146,-0.05110375933310146,0.002060504970159933,0.007008439065038489,-0.013008648481827641,-0.008923060649630856,-0.15238888620880697,-0.10085567947110378,0.010162282972003604,-0.12535974755580281,0.12166012372585644,-0.004998456998291385,-0.004774202745382162,-0.03717652193552181
2022-06-01,0.001052493132353271,-0.08708572723627754,-0.04566397010717534,-0.07053316892484447,0.010601583198618028,0.12592339119201407,-0.0814480322571046,-0.27648917012916285,-0.3701987257833759,-0.15210230510300873,0.15717572806407745,0.04956610673201895,0.04075137957653634,0.23135935233679347,-0.12150911938568448,0.20828211694744989,-0.04854887927384205,-0.0699170468350372,0.04180399707834388,0.08945797441555962,-0.04311086205969004,-0.022172032989954682,-0.024719540201571057,-0.15125268220051002,-0.06880158883274674,0.02617747043380259,-0.12238693212397037,0.25623380121816636,0.0062277342343183975,0.07836474426102744,0.07554966126555852
2022-06-02,0.04861780789308458,-0.20508493919338958,-0.014861510030255433,-0.14721896872994655,0.14230035374118566,0.15214670953074216,-0.16897611445719052,-0.26163887062270363,-0.29987983404020196,0.06424226180813941,0.004027463910746942,0.012680681074913212,0.08744019501810645,0.08981520782236051,-0.0012856627565940835,0.06810710838489306,0.045341507211186696,0.06786922664031397,0.16100887023804783,0.1987127552215051,0.1416931919161425,-0.02379375778823485,0.03612205161898771,-0.08872502716487952,-0.04659228002338274,0.0030690607622101043,0.1875525247602331,0.2822609650544601,0.02374843996862091,0.1582850569368878,0.16261488186757475
2022-06-06,0.09997649951275427,0.09847132234554948,0.11581586993974681,0.07122975044010782,0.05290405520949841,0.06965908682826799,-0.062698352556844,0.06684926805861645,0.19517752675545666,-0.0810518544198549,-0.2173583968355309,-0.2406822514306745,0.09135949889031582,-0.22710009829190206,0.12337571667989905,-0.09559478961593229,-0.031164841586789945,-0.0663624415284211,0.10995904827914202,0.014224574145226626,0.08513213629572099,0.0384626463704635,0.050155629422998234,0.18667251801246537,0.11859661823430523,0.07664885855548219,0.016243505425961844,-0.14757824287339058,0.08576899176060374,0.045621551151657745,0.07571596344367239
2022-06-07,0.007750934267804182,0.05748627922175314,0.025298690404452293,0.0695018040473117,0.03771884150354948,0.045822223272773126,0.032666456773224585,-0.010266181772400303,-0.005708751649703635,-0.06213955505652398,0.07061143992314699,-0.06777914252647299,0.022409316907971797,-0.029969760940839668,0.008297519269037249,-0.16683185385398977,-0.06183575283578985,-0.06865156651123948,0.007950897447186021,-0.05536883350651511,-0.09732797922296381,-0.03609064215993305,0.00627602127979909,0.23477720916931724,0.08996449621077222,0.017378904945191138,-0.0022099451482720093,-0.005068662500754287,0.007758051091683687,0.0727208423633175,0.09137832757470055
2022-06-08,0.18805190479790593,0.20819307762437397,0.21705219517583546,0.172047305161173,0.029971873458220506,-0.006197261396195238,0.026737702839881947,0.18443504474331862,0.2622573474172748,-0.17879531474221044,0.05508960762045997,-0.07624498816034232,0.03940074135703586,0.05853935534084301,0.03688000194628299,-0.10732681627659599,-0.023338641573588892,-0.06197420424482256,0.08367262934766087,-0.01641375234574247,-0.07041614147953412,-0.004839956019883304,-0.006354311318806743,0.18734901543342375,0.12460464887310956,0.11997005787210634,-0.16480339920031653,-0.1999605139877679,0.18472178743783998,0.002610309519053945,0.04587177692289445
2022-06-09,0.07211648489454614,-0.08406830976789395,0.032196684396599985,-0.062465755402517094,0.06751297379696704,-0.013164031296578602,0.14029055956405248,-0.02963651112398378,-0.1681896636204526,0.04827193160479685,0.07180879794489206,0.01322295535469662,0.0017895349286248872,-0.08276545227007315,-0.10215129675472907,-0.03936628934952444,-0.1747946285257609,0.048206480855190956,0.16741482327153684,0.13152803319396036,0.015673376399974428,-0.0007242498160253658,0.031070974317959764,-0.031496175911485354,-0.04110830231055031,0.04088381696524793,0.017554430767588534,0.28486489816472804,0.04912634116002287,0.12807876397942683,0.12480664395921262
2022-06-10,-0.09058633606843207,-0.23912114784448166,-0.16073277969077018,-0.14439245868891115,0.042980442709558746,0.004241288192981304,0.05622174124696849,-0.14177220460042783,-0.21334166879383867,0.12197887314688002,0.0146365057937303,-0.07222935517911977,-0.025464769530001884,-0.06137709659487857,-0.1674286995770124,0.10702227246409807,-0.05967770358078833,0.004714984130649075,0.028023338813283904,0.09474148101733885,0.02922699131484423,0.007097741226914746,0.022126673802655202,-0.16969045940096494,-0.11812476748730942,-0.09656166911032865,0.07695591820262554,0.26592837543035897,-0.11013344164328728,0.06304809289995397,0.02160885559868743
2022-06-13,0.10753257768849754,0.24939225971546133,0.16382922314549164,0.2041458062404325,-0.053073410184075034,-0.01786683911786743,0.0075881298903865595,0.16960900070177545,0.12171063847964307,-0.10495516512245587,0.03945464058928741,0.1700444704813482,0.01640560662111775,0.024379855108961998,0.10921051923037463,-0.16526865130996163,-0.02549309396357552,0.03436392000275356,0.010014288196738521,-0.09699589758361184,-0.1395898287620095,-0.03020999102689261,-0.01408288232770001,0.21868864185032982,0.07703199945189348,0.10789304253060013,-0.09531871198572578,-0.15393921595541568,0.12133653079738105,-0.05273051644525743,0.0004505987710083209
2022-06-14,0.07300178321665916,0.16412673001421127,0.08946316726768028,0.022026558416709276,0.05505232796069835,0.31920781719502805,-0.3284701516567939,-0.2540797031885634,-0.16581515274018724,-0.20169680701742473,-0.2577783825912317,-0.21919421354694013,0.14170419044533747,-0.2740625354877074,-0.04449121219663359,0.03402948897708669,0.01852317410898911,0.019076949456361986,-0.10374152510191818,-0.055627679125307306,0.11753994815388512,-0.059206326357635085,-0.07670828888862055,0.1412215856323387,0.07197758646379604,0.10013164087402512,-0.08000759445797336,-0.09871078776163428,0.10240393422175162,-0.00036800198441426133,0.053705069225714185
2022-06-15,-0.2281368745178125,-0.19356041999653853,-0.2555027164137684,-0.16467330886797157,0.023178922565692747,0.06845192885979447,-0.12376360653718749,-0.2438457952813558,-0.17819075751567,0.09404763141631511,-0.1924475148727064,-0.22418647553054408,0.14446968261452783,-0.15110333222327232,-0.17019977748851547,0.2111428906447884,0.028882994010432844,0.016592271041116036,-0.09498445512499634,-0.03668654596233845,0.10373393150384169,0.017960410817914687,0.0012093876369383898,-0.20643171636593038,-0.10669535903397828,-0.12868804205986303,0.08878900858070932,0.12480946887721496,-0.22537327172641664,0.05355171403972201,-0.017385209278245876
2022-06-16,0.06639855362107225,-0.19019904585409944,0.02110625292484625,-0.08193427862439488,0.039718238479577804,0.000320133837846552,0.2597712001509986,0.06848668779893544,-0.16296670021963924,-0.04609398437093332,0.09310036998170827,0.043703179402193926,0.07866979524223316,-0.13335809335455606,-0.04808726994510413,-0.02353605254413759,-0.12265883368558118,-0.07147387502340606,0.22633157563503997,0.2017102068927296,0.03167279037594626,0.013772966579644389,0.054300963001833485,-0.017534638808930775,0.057128211026443526,0.063271758453201,-0.005900800254197495,0.17779762945497626,0.046783529143195265,0.16343462651138008,0.1849995779896922
2022-06-17,-0.10594952855608421,-0.0733894834259653,-0.1061830524836302,-0.06577348363295324,-0.0445891865399835,0.06893942667800912,-0.06393991584988813,-0.18564982808270233,-0.20421983440139316,-0.021360770234592763,-0.015307812459801848,0.05384637221851418,0.08326550275536486,0.1233957673078008,-0.16183779986396188,0.1748216041331041,0.020029099570564365,0.044761726103117086,-0.07478724414062314,-0.019510118949450456,0.06560558251875881,0.019794995423490502,-0.0225794888770098,-0.15488952472772624,-0.0751098539233725,-0.015727808538824824,0.027204896246549308,0.11360852380387569,-0.09611471206157417,0.027364033562888558,-0.010543686902621219
2022-06-20,-0.026619359016587456,0.16882584697958633,0.010586302676041688,0.06887094449533629,0.006080972035392416,0.17840687995566487,-0.26795252535619524,-0.2458388693339464,-0.08442978669018,-0.1409539814048239,-0.10101023281467164,-0.00863662627790062,0.05330966936217257,-0.015513322981179897,-0.12461605164729846,0.10820252298058226,0.07079104657391169,0.023871352865526246,-0.17067836919898505,-0.13455657481792418,0.030800517386871996,-0.045134016225368945,-0.0668247047858869,0.015158972085672934,-0.0026651860045107307,-0.012862473624612332,-0.09905354566623448,-0.05196079682526861,0.0045824863248420285,-0.13680179882883436,-0.1260759718836581
2022-06-21,-0.0463838955204001,-0.00569556862700138,-0.0407940734175179,0.016463027758841193,-0.04845518675725342,-0.10890609197103965,0.05478543205670386,0.1114276263611074,0.13891801255087377,-0.027828797885646593,-0.050733484458825084,-0.10292850174636466,0.03241524510692839,-0.047842371764561374,0.039917629922960544,0.029923938607798677,-0.03488705451049791,-0.015298573329835346,0.018140672491267378,-0.06615299751937774,-0.08345187574121658,0.03442227133530276,0.05638918785779488,-0.0055525853720154,0.015574569472466148,-0.03784732222382238,-0.06841391164284023,-0.07502614246591294,-0.05212353386815673,-0.04213219512635587,-0.045256175006552254
2022-06-22,0.0039470289750901145,-0.04463263161208788,-0.027988498541775514,-0.05000459442520921,-0.010479456032495605,-0.04189218330768667,0.16839433206050947,0.027110928064897188,-0.14790601443642648,0.04149005594649735,0.07931730337433657,-0.041029723697483665,0.023104279189329925,-0.05183326027127589,-0.21859155026217678,0.02973355713361017,-0.05205805023802243,-0.0795868523652756,0.020388713846798467,0.054163112875341486,-0.05314298811086532,-0.02531641451336094,-0.022248160626861347,-0.049255403576025286,-0.05319108198488547,0.01741546659185431,-0.05565525841909388,0.305942100628057,0.0010424930149163013,0.06566145611321882,0.05993717712084698
2022-06-23,-0.00699669193777966,-0.1943745130169606,-0.055053618040191585,-0.13326654454373552,0.04764467016846736,0.07670109312346819,0.044903288391595915,-0.042664563852968865,-0.158123230636434,-0.07134093828869652,0.07870046053826614,0.07770506500444214,0.02922899240243376,-0.01992716976024115,-0.2284752808225637,0.12530828745816158,-0.06438346798846317,0.0025459438633610777,0.0916027133470416,0.17436504941539824,0.07573675483669379,-0.0072766155811341,-0.029795184915358205,-0.14832583966779134,-0.027566858955507756,0.00429243953015805,-0.05454542671921442,0.16885698124175658,-0.018715345843793682,0.11563983129510516,0.11506991855730343
2022-06-24,-0.008892277815389257,-0.04772317599786382,-0.01498506585935914,-0.01342149793542908,0.03226218443969665,0.042549934843930215,-0.029451685439484253,-0.005095316097630491,-0.036679711889896556,0.02277337299795106,-0.038575099120470135,-0.03148670180490287,0.004352710380140817,-0.06033962664225354,-0.023179093757714694,-0.009683691772765244,-0.024718815028334333,0.007233955185345489,0.04579018082989302,0.03190755493768167,0.01755172552086576,0.003708488924526251,-0.01978477772248525,-0.01918864065013916,0.028632343988018606,-0.001061087994860828,0.060300827453433174,0.014925396616971967,-0.011452695714292704,0.02372284396455677,0.02942952345902641
2022-06-27,-0.04995403262119881,0.05837380553976986,-0.05107152599497777,-0.0010100413970655744,0.05777124598838173,0.07960384350279613,0.032712079045771815,-0.12935973890272282,-0.14730749004695368,-0.047227956842027664,0.03317059476331136,0.012782601035891428,0.08160181838295111,0.06619362936536212,-0.27540299168058086,0.05420787080884583,0.03703471905066547,0.00818103512913177,-0.09359509695861241,-0.06584110919007986,-0.06121052355179088,-0.0072242471222231635,-0.02058960289845423,-0.019409353469024476,-0.03639453658761361,-0.0539561827722016,-0.17042215105797087,0.17693423311587042,-0.049447648677207134,-0.06316350837561617,-0.10341444287648532
2022-06-28,0.10431129294118677,0.2046473327847128,0.13871242085136248,0.10722499105644076,0.07622649206667352,0.25424611529335683,-0.4264976445927065,-0.23492047583013312,-0.0204123983533249,-0.2831545866242017,-0.15390355480310391,-0.27436907079148226,0.13306820491596721,-0.03087321932480127,0.16849273006568358,0.10108932547772678,0.10231796479067976,0.06875159821908204,-0.05827306948304698,-0.05096179612377802,0.10663660237253537,0.0012299404650315787,-0.027439556814433975,0.0960836385974334,0.08364840555790659,0.09939402186119117,-0.12258862915072585,-0.2743425873622534,0.12146094100748564,-0.07025085535705819,-0.023701845172759473
2022-06-29,0.03252804556998826,-0.12953794724862983,0.004431276405851553,-0.1288335981111055,0.06983316934681813,0.03926665932708047,-0.007827626757681214,0.03909738231594065,0.010679601954399397,-0.02876543231784425,0.08104971516252768,0.04530930010645061,0.013636801154650368,0.03674260656679237,0.0376721528210853,0.00023862027572838754,-0.10935767830906543,0.0241564090876035,0.13567044529138425,0.13422804691855506,0.15524113524833522,0.015281562412441564,0.015425773328996467,0.024295711963487,0.062107840492077564,0.022081279048501937,0.021431863463252883,-0.021458372470062863,0.01512746678121547,0.15112345386210285,0.1673029372073057
2022-06-30,0.08480797642269015,0.0631168303874955,0.07950781825153705,0.12369276712477983,0.05466897948469434,0.06719175812899823,-0.08885969507279994,-0.025695742724709536,0.015269527466424205,-0.07328584115412061,-0.1586260930065432,-0.13150453024431052,0.059472897442939696,-0.12932581975940383,-0.06674338734609629,0.061033062812897734,0.008128472477690182,-0.09918649161951312,0.09242179310480522,0.045626963853776424,-0.06719763869550832,0.052759954817194865,0.051259746518731816,-0.03167102689781592,0.0066262058676894485,0.03739251696915122,-0.08740682353636497,0.005106163128411384,0.06666694065857781,-0.01551522077650282,-0.011545795306766157
2022-07-01,0.03615047178930686,-0.10586366830821335,0.003912086772127186,-0.07464274547723014,0.048849821731636864,-0.0007816882432725675,-0.007265486829264735,0.03773519174512368,0.00803409218168512,-0.04219988863233748,-0.021572510609453262,-0.11949916867815989,0.11861592357097098,-0.07206839792144597,-0.05225709981224375,-0.0037387429799062817,-0.06535483034367424,-0.07287245979348116,0.13877652839274032,0.12534817347507507,0.09561099806145155,0.07348439131283363,0.11261767873026644,0.04421906890756303,0.025068324769574775,0.00807394665428828,-0.0015316142537566716,-0.002528207824502119,0.011526842290174059,0.12890263657559278,0.11951390116077522
2022-07-04,0.12434001644863735,0.1314596836162573,0.14509715727316302,0.17167193764632194,0.08928449660896645,0.005579168596879859,-0.1028749751359578,0.05169167942380744,0.18018172959448434,-0.08517801106783178,-0.06309431311470193,0.057285919416077635,0.06738783954624913,0.05442507834746393,0.14135726866848006,-0.09967271966775261,-0.04721299290323738,0.02596294093200617,0.09664888384670468,-0.0015793351959229093,-0.12098148079444296,0.003393373975213299,0.03534111932081568,0.17994825184385668,0.08438269971243209,0.02907124558593928,-0.06823755088470165,-0.08892461338594194,0.10803708501192166,-0.0063113252835158016,0.017423127548314526
2022-07-05,-0.1280608352201889,-0.10465607033047325,-0.15375071848204633,-0.12015840462490474,-0.03705926401803489,-0.0081688065713309,0.09123836566381906,0.056734718983079545,-0.15054460819752316,-0.04728009874166299,-0.0014694432874342172,-0.2087223328790357,-0.006163505774302467,-0.12286199563423121,-0.14788034037051392,0.20644753509228966,0.04672537177845444,-0.04697717925522226,-0.06253871084910294,-0.028719414010393525,0.025091037702162793,0.016209930620778183,-0.0029582601898455138,-0.2248665717082638,-0.11519629288737224,-0.05043735083423514,-0.08503971220120629,0.061944364701131904,-0.11880643449766354,-0.00548701716567818,-0.022527519848869734
2022-07-06,-0.09617895768865509,0.013494723783632659,-0.07514826706459503,0.05924170375479356,-0.06832789304211032,-0.13362338659380185,0.1875036450221629,0.11947783156363409,0.03795152844547469,0.10562541040140577,-0.07014021576885177,-0.07338320760887555,0.10388405722947494,0.017479447933557605,-0.11522536347904523,-0.030448245835051128,-0.07640556037939687,-0.016448602856273867,-0.05604915771720448,-0.11585965673676794,-0.19031402536445713,0.013920113878174859,0.02498674169180476,0.04423559996328741,-0.016964693146850313,-0.08308826169312204,-0.02584319646323957,0.25689058683261234,-0.09967510704093047,0.022509016214118403,-0.02046174595270337
2022-07-07,-0.12064563947936241,0.10826672913593136,-0.1020052103502576,0.01865314007789475,-0.0005044816433727442,0.16194884870575552,-0.2914038675752014,-0.2890693109278814,-0.15934759900090142,-0.09649078906702196,-0.232324776093205,-0.27454450776100264,0.028643056659401388,-0.2421176189074448,-0.028564727236144567,0.17836770329444712,0.1160263765028848,-0.12968000632328794,-0.20430759184327413,-0.17220883725435637,0.04058320016070865,0.048313855992926515,0.007161038766285603,-0.07620382177980627,-0.0852606196264743,-0.052144377430882766,-0.07301294158818243,-0.1604113019323483,-0.10425148596754613,-0.17243508548125208,-0.19477058160213861
2022-07-08,-0.024154088871868293,0.15303522845624729,0.023980160260156334,0.08921271890762889,-0.06347121001762528,-0.03307759200807006,-0.15279301342350496,-0.09668845448667772,0.11822245002234794,-0.07573374743749395,0.04508009084484457,0.08780520866346551,-0.051376243453077654,0.009482086029792018,0.01388069946681987,0.07332983972464485,0.08449859809439512,-0.03867391657789539,-0.08590137641221922,-0.15175311459994417,-0.024716829389484853,0.03838386016310813,0.03716023887530541,0.0045970627759739134,-0.039036826244418475,-0.002433274426305769,-0.09054228877432938,-0.2621931123035864,-0.009297332861998547,-0.13943410115253688,-0.1253162774029834
2022-07-11,0.14492550502181897,0.2562051531833172,0.20329716405760503,0.20655729957496105,0.020561551766019447,0.04926283104296133,-0.17402641089481624,-0.14465901939303416,0.10305976732765883,-0.15549764766416144,-0.13200085056556327,0.04511625135193483,0.0050463441165732705,-0.03146414209280785,0.14386478579824147,-0.10372029977585655,0.016964149927869605,-0.15510439019525296,-0.014471598470734558,-0.09180846905491563,-0.1310519856864186,-0.014896786701487405,-0.010535031540468904,0.221668296015626,0.15067216050202997,0.08453853360678175,-0.08741662026264586,-0.15988178517181684,0.15158343864735604,-0.08731521987023942,-0.030284802119076158
2022-07-12,-0.14550612549189906,0.056958932351852995,-0.1118598729313602,0.0414968955541439,-0.07164890473544537,-0.09071825745522151,0.010131816079313048,-0.05785311723153718,-0.01548217920594786,0.12866029894157793,-0.03181507554409924,0.021806962612795636,0.050276730513552505,-0.05317641654464969,-0.15001926906593757,0.11759813071431764,0.08294651284701576,0.03368215201248998,-0.1947485885529051,-0.16326593506283088,-0.13900804954494772,0.02276250007769947,-0.010006138382822412,-0.11610669221725992,-0.1330884065432556,-0.11767059772531645,-0.013100975037744829,0.09925094868052632,-0.14037065140377736,-0.14386681201796112,-0.2094398679590128
2022-07-13,-0.029077804720605283,-0.2742423237075928,-0.11909794617968147,-0.21768072351910128,0.04516690231799573,-0.03692961641548382,0.17903020931875124,0.23706617858466422,-0.07882240793562907,0.06774206874788542,-0.04684954298747924,-0.2075536515195075,-0.0001486672147486388,-0.281937526365872,-0.21437835579951262,0.11853851735620578,-0.08794495594738357,-0.049170837351172295,0.1725980986340831,0.20122008065718264,0.09343511119938092,0.06677876780961672,0.0672894173907483,-0.24662801283686436,-0.06343298647405456,0.0201477779969341,0.0008124473630621244,0.2865404538251532,-0.0524959590840512,0.13649903196826565,0.09982428990169438
2022-07-14,0.0856256384407251,-0.23520328522531825,0.0005153425954307223,-0.1699986747282624,0.05182816400254494,-0.07955608851889025,0.19958635303549324,0.2896425107425933,0.09431062077617039,-0.0008125028382758571,0.09483447617484615,-0.09418086746896828,-0.013100305217298892,0.07130989276367554,-0.12799808609783203,0.029501311376304493,-0.14016265486987778,-0.0006052215920241336,0.25618592436517756,0.2562430046243385,0.06806781888605815,0.0733725686738611,0.07390524641255297,-0.14835235619123663,0.07954670312274943,0.0882990742859464,-0.048162582989520135,0.18298254268531558,0.04938389593424732,0.20963722200227042,0.19064316410002108
2022-07-15,-0.041051956557879105,0.2550911190180561,0.022422770818126096,0.18678098880208072,-0.06519194896077964,0.07015408590067193,-0.12830992458615598,-0.1618024212852755,-0.14307100824156121,0.0819510055340676,-0.16439085695441402,-0.08625915830227424,0.03571011999909528,-0.19347698883524267,-0.014559510762013448,0.0626591731580226,0.16137679099081179,-0.05279898493529032,-0.18404462199605878,-0.18394421951959136,-0.134320732911482,-0.050989709109746435,-0.06091713795626745,-0.005136802366537387,-0.14526221752196009,-0.040753074426754896,0.002605502073352371,0.10137527146196464,-0.013500647686711179,-0.1887993123497796,-0.21906753883133473
2022-07-18,-0.058479600904986676,0.0339480134453896,-0.07237994016426462,0.02361313597728938,0.031040476087048564,0.11430346111350462,-0.10029498936660712,-0.1643623557874578,-0.2069581019947089,0.02488158461542607,-0.09899188440013813,-0.03424812456651296,0.01699547738852051,0.021480691787871795,-0.07759883336962994,0.13753237662992848,0.10244945194152281,-0.059710994396950795,-0.1245246172197066,-0.06884956761471485,-0.01867550500989053,0.013109548324508093,-0.03290974992440014,-0.11048328945587088,-0.15649358697071228,-0.045467979116997466,-0.044361840092281404,0.07611914892944889,-0.050151856898863714,-0.06421760601293557,-0.12199782809544549
2022-07-20,-0.12642306615997287,0.019775284227598475,-0.10999576970889642,-0.018636025694044028,-0.008053234202856729,0.0779089738863129,-0.06595489791792786,-0.09941104683304568,-0.20851495719592839,-0.08436672777918444,0.0032940501919758607,0.03993034023538854,0.010960730445298807,0.06227509393853255,-0.030564732668658227,0.1710743266312532,0.057579881637134435,0.006151097575508522,-0.12733321154121108,-0.11007161907618422,-0.023059290491759435,-0.023214981091098454,-0.057611989224701586,-0.0986907578411179,-0.058725592378022634,-0.059780862487287964,-0.08153606019558794,-0.003588342075985867,-0.10292530188066215,-0.08343168613494228,-0.0930303130286556
2022-07-21,-0.06851289950553263,0.15773730024582797,-0.022816018125119977,0.10568075869979464,-0.03787959452363068,-0.08931556622594863,-0.020206336841725424,-0.02049458610738316,0.11385027561911777,-0.01205217029886733,0.08873867438707737,-0.05153345193218203,-0.027157674912273527,-0.05480096207333945,-0.03590430794274021,0.04057114510914662,0.049136319714538114,-0.09928105563578213,-0.13648091006062776,-0.2040489503228982,-0.1823975673562697,-0.0060367781090028706,-0.020707644706516516,-0.030568505043489777,-0.019857518770440723,-0.04645565426276707,-0.15485089351236409,-0.05397310664669907,-0.06149615411862302,-0.16191202367993124,-0.19076191187250743
2022-07-22,0.0679069556184953,0.07998961707523125,0.08419528969042792,0.05238327470416162,0.06236497347236966,0.1741258810557442,-0.2909626588033206,-0.33446812653865055,-0.0915069779275123,-0.22160641807329184,-0.12980019331014414,-0.06456889437547325,0.04070187119610017,-0.05531521138064436,0.13027075312842948,0.18246947111089795,0.051697246756115346,0.029886468739109447,0.03259387660647041,0.015558392252371817,0.1311563096269042,0.03786169084875776,0.029961325724071383,-0.020058815264654264,0.08292743178859922,0.06452973204010376,-0.08950420967363464,-0.3004109736025871,0.069776870576173,-0.04318267423733405,-0.029280504152664977
2022-07-25,-0.07865955400170342,0.0052997406282326315,-0.0632815545173154,0.054111046381334495,-0.007098207305707517,-0.07448971180190658,-0.05565518938386007,0.009478966146814765,0.018625624809902,0.09138918852751972,-0.10986287866212613,-0.0955808236435899,0.02496368180478534,-0.10210797623046516,0.01407621000434947,-0.0553941916305064,-0.06934204688459626,-0.0839478980132607,-0.07537273374981567,-0.10854581176008074,-0.08523327608908005,0.031622224210441904,0.00842112253876491,0.04898182662542146,-0.013357792311933563,-0.0804340061415316,0.13511110114664124,0.05296236339049496,-0.08351967725710993,0.036425537714921435,-0.011407750516929856
2022-07-26,-0.03766466713845881,-0.1296566386421464,-0.06950328310481967,-0.0850059856838715,-0.11126600534934737,-0.11818806656113079,0.25047640939910853,0.2976112151286584,0.03887085804369308,0.10252586919521733,0.1443243490759832,-0.009854561707116188,-0.0062263917919157296,-0.13848716140390893,-0.27308240357740954,0.11733500353002256,-0.02354709958696863,0.012603462757190428,0.03888559761316694,0.07612038152562642,-0.027334180613781324,-0.012632839566995806,0.010123602192091146,-0.25529028885596267,-0.1092978167592887,0.018081247510743286,-0.03512851219638584,0.24452509875207748,-0.028763890643688037,0.040367371609763184,-0.006018501371603726
2022-07-27,0.011734986003506491,0.018360890609768168,0.00507355523195516,0.020498933699206284,-0.007512500160763177,0.08746323252094998,-0.02043964849859932,0.009052710139532266,-0.17259779983545498,-0.02440173723077676,0.04752623750271856,0.018816860873046088,-0.02017505084300699,0.01915996165139844,-0.1268061301632458,0.06979430333061562,0.02076883860929136,0.0548961969381059,-0.023425599483863517,0.018745391343179575,-0.03491537740900803,-0.04008008790958154,-0.07495432399670121,-0.07612032585643864,-0.06984170662890965,0.018617712425222126,-0.031085509214563697,0.1427057591611996,0.027214649904283735,-0.04734854380121265,-0.04545941987426784
2022-07-28,-0.008893783083808296,0.07099827575984227,-0.006896601000889745,0.05912459511390534,-0.10213056228271179,-0.10548146682944404,0.13976683270036636,0.18699808382727304,0.08103348747965039,0.013230859434924106,0.1753973693510212,0.06576804322700089,0.029877843362516702,0.10051248141417367,-0.10812362028917802,0.04963250692879829,0.01585613523521471,0.03827866621108814,-0.06929063993433635,-0.04954380085852112,-0.12076432960901075,-0.04184979188881197,0.005448853313834355,-0.06063472925676734,-0.049918374656892146,0.007022901526566197,-0.10915945787363682,0.12477450782779742,0.0030531324374937475,-0.040498385011186674,-0.046982632079154575
2022-07-29,-0.0020374722033817115,-0.11910321697582654,-0.05082154303438638,-0.08691607504246046,-0.0028545343911265545,0.007287697852697846,0.08339572186344718,0.13419336733085038,-0.05100428367140096,0.011701975692258126,0.08830977651906731,0.032408871808772326,-0.0272898314378572,0.11808238095374513,-0.17916071748335724,0.04660820301545226,-0.04283242734045652,0.037199296054411794,0.09003741111293914,0.12501301670630094,0.03867919928520667,-0.001650877707949447,0.012472494450865698,-0.10179968748683282,-0.025078263310678573,0.006827377205375555,0.0002644563086258909,0.1736701637449301,-0.007636702172381451,0.09035898460526336,0.056120840121639926
2022-08-01,0.1057295680052525,-0.009065233948645534,0.08936402159252632,0.00216141085259441,0.0060255162348572845,0.052545184253933945,0.03411659973249633,0.003652112325633849,-0.010193086610820466,-0.35120651776983247,0.0899085886256391,0.10101595423595139,-0.062323748537355936,0.09916108589727692,-0.015639692300889307,0.07949668847559756,-0.27039952817988566,-0.010818110487886261,0.14240942047722996,0.11512717217420416,0.034306903220621826,-0.025516357994236148,-0.011143445757320625,0.047177230721669995,0.2394279828451833,0.12843364834826493,-0.22530508249644213,-0.08327037031870242,0.1096515863342901,0.2273748472160421,0.29088666064583163
2022-08-02,-0.05668210965641443,-0.03506545317352945,-0.08110067611183676,-0.12421751543816509,0.06080148235258885,0.1570084018979565,-0.12037546039407429,-0.11624929124200445,-0.23933217760262576,-0.05472752413950544,-0.07773111501156968,-0.08714740633329034,-0.04820070117817611,-0.10361142491624396,-0.14124376549260523,0.10623875868949227,0.12855665477010428,-0.00997354887438802,-0.07448819031075281,0.035407740313117664,0.13078067448747596,-0.021428573000443287,-0.002482035035082749,-0.057550204214857105,-0.05558515149820798,-0.04097826655925656,-0.14807282904815033,0.02383794448154155,-0.05037512181659382,-0.07959048426919041,-0.08616256328651853
2022-08-08,0.024998677729248582,-0.08366441543100642,-0.009621812185702955,-0.02051909250677787,0.024415451388670212,-0.06577436566616877,0.06516726106820774,0.14851852078090036,0.06671153663199278,0.029997445732620698,0.07961817667980128,-0.02872664016461287,0.04792369701348792,-0.02431855288185186,-0.08794148617087019,0.0279135550924752,-0.02994288935296914,-0.03169403191584723,0.10419495074533305,0.08771185565016285,-0.04503717890796503,0.023000563556029113,0.01949865819885002,-0.1115786264564019,-0.0017195762125746946,0.013897864951730909,-0.052861995588265244,0.09853188804598875,0.008716657762264044,0.05511675856210069,0.027570687204659394
2022-08-09,-0.0507973580051521,-0.0026983607155552165,-0.046278641364696414,0.003839169221965611,-0.09945858765247892,-0.12764389461856746,0.18311689924253652,0.19708137241560036,0.07432218401540809,0.10436948739418708,0.24182750147363796,0.09145446676024466,-0.0790084222422242,0.19543154936003335,-0.18704718846568447,0.05628889995502626,0.02307425201479677,0.004935451088858496,-0.0562849601046672,-0.027867454830855093,-0.06410237706233915,0.007941175304770657,-0.01347058140005656,-0.18979034387353275,-0.1319639739748558,-0.016221984344224075,-0.0927169511056723,0.09081968774747165,-0.043968566005980855,-0.07633226151762601,-0.11741942806695976
2022-08-10,0.17832486139283474,0.22124946513856297,0.20164755635154297,0.11123363600779558,0.14833362064287794,0.35200997038475434,-0.36836612376946143,-0.3340650785322113,-0.3427325933354956,-0.24912205978831278,-0.2934296219975027,-0.20170242050611822,0.16938169302246145,-0.28056224989673156,0.10022265988848117,0.0655497856318824,0.05698875138944969,-0.009499641691248076,0.022776637274131806,0.03249401870049633,0.05904298369462811,-0.06501818739465873,-0.050974781088193054,0.1677276958353016,0.05446980310273996,0.14774115379346364,-0.09517793621816396,0.02006278841451103,0.19743523655658388,0.005495157197459109,0.052832344496096105
2022-08-11,0.09554160068422468,0.2956170020328481,0.16952509448864828,0.2309525758573839,0.148450693577805,0.26416183852710345,-0.36337321522529087,-0.36952713070204835,-0.19643126318247905,-0.1968080417880624,-0.20327757851567457,-0.16142086654028398,0.04840883194636727,0.010485261233996877,0.14078985877098,0.027202226977886896,0.057022971671805624,-0.05000127809055766,-0.06436365057336493,-0.11835379588276754,-0.019884139225571352,-0.0013424934187754331,0.01688316856806395,0.23267657669792174,0.09240809732923241,0.05707807505176398,-0.03582736185590378,-0.2006354360670667,0.10176709885304708,-0.11881291841658456,-0.08646028304303165
2022-08-12,-0.06617356209140478,-0.13697327046853708,-0.08307283059022261,-0.004943330518515723,-0.0071973903182499036,-0.23927362405212302,0.2071803670791597,0.23898996987170548,0.24602826456150298,0.2281959714876883,-0.09370640321021438,0.0756024180925052,0.04408121150670842,-0.13043711489226892,-0.008037136099028376,-0.10848688173086844,-0.061547231250613704,-0.09676652785806598,0.07104932899114706,0.005349140897938076,-0.14028825499962738,0.047347696042019966,0.06875243753244888,-0.07513339250348507,-0.022209476886814964,-0.092115195031741,0.11579610625404294,0.08405250105737355,-0.09478208039570617,0.08668466059754187,0.03834225217742359
2022-08-15,-0.08175100537620408,0.05730019175395106,-0.0562820165622749,0.08196200028301968,-0.11339192722311073,-0.16460109683859622,0.0870055128568263,0.07989343457950665,0.12159005629816017,0.10466998870883273,-0.12196899380173681,-0.04919696691016268,0.03138059394230772,-0.038054104544975716,0.03281387551056332,0.07690152598416998,0.034198539443624255,-0.0873293300048062,-0.08596181612481416,-0.1226831269757509,-0.17009062996349894,0.04505046436535779,-0.03236191469884648,-0.12337946583514252,-0.09377057884418293,-0.0543086953406561,0.03521620785407473,0.020768085739550267,-0.07846955576234793,-0.03035374099975122,-0.0732188380245523
2022-08-16,0.0064119690441647535,0.16681101420913275,0.05158344582181422,0.076121835594495,0.053888664526549876,0.13462501886013756,-0.18485375211570182,-0.14439796223660284,-0.14962392333256413,-0.18219544767331025,-0.10965507644951708,-0.005284589274725258,0.0045532452464913786,0.05455573093107158,0.1384031722875558,-0.008974181325416107,-0.012345049927013763,0.05197783507786855,-0.09246775310356152,-0.1287211935789768,-0.021596895192732325,-0.004037921358982701,-0.013267549095457604,0.1985322778656152,0.06646906770340749,0.019787289888725197,-0.05593357346838507,-0.047641293761565305,0.027773254975673817,-0.03523774252259496,-0.020322320293121404
2022-08-17,-0.044013302466520556,-0.14881746073471744,-0.09398119501845198,-0.1284386735925653,-0.10970193240231749,-0.21412244881724438,0.356380116349272,0.3542171553898962,0.1737700561644463,0.19376744209903418,0.10367642107129368,-0.1742418915251884,-0.05965018991834855,-0.060577121300738564,-0.24623112556403698,0.01806520601751932,-0.016544733464955677,-0.12770680425608275,0.03266249363901438,0.0792214844203078,-0.024640433842182233,0.021175111900894307,0.019816815704635102,-0.23145876463100068,-0.07585819979130717,-0.01659068396236162,-0.05824701768551155,0.18718528175746288,-0.04424363475248585,0.042317824088808874,-0.003647074390866482
2022-08-18,0.10104017792923962,0.3046118762843547,0.18413285947449293,0.23957574909357002,0.13211874868793788,0.2582647494049888,-0.3085389238474294,-0.4097548866198074,-0.18488773608595446,-0.3434062740615595,-0.14649619366471758,0.037102871288245146,0.07763560151884158,-0.1281413828284158,0.2743141301290694,0.08030930511405515,0.00023997297180995176,0.07424216884739511,-0.08165014460455727,-0.14296150602374352,-0.023383658177372823,0.012501589005527234,0.017262067950482476,0.19680147234986653,0.10186453344633678,0.08032769396562045,-0.12726476258757558,-0.2790588915799013,0.11651283405442418,-0.0843369890687824,-0.052066718655506695
2022-08-19,0.07532610506481274,0.016782509695321347,0.04790062804535732,0.06362722983726998,0.12182063183052987,0.12495790038246161,-0.160248531896121,-0.18712966196277817,-0.05119512063989625,-0.13993820467348628,-0.09687600270595668,-0.12974174162386398,0.08353585037847451,-0.12663270148025932,0.09807171802714153,0.04835435769539157,-0.05928037898419096,-0.05699555573676273,0.09940529756799608,0.06492437745555628,0.0039262583559764655,0.04502593870353152,0.09030784411192068,0.04904554642585878,0.05088852823846992,0.015199728011160332,-0.012558364808934156,-0.05647608097146798,0.048427998539265965,0.06498329027706068,0.07557148245710332
2022-08-22,-0.07035749139003894,0.03883013090023986,-0.051490001684739585,0.023093470220058834,-0.06332928219480613,-0.19637315570008834,0.21868341627545304,0.19078555612306222,0.2098018424642054,0.11035558923233331,0.1291616762149086,-0.006431601614303846,-0.020706935540370446,0.02029208530976891,-0.10724304089234664,0.009136078390561948,-0.03226242434778571,0.01005453425994775,-0.05838178238673654,-0.0926321223311987,-0.12223016386367495,0.06413073501614637,0.07460358099162051,-0.09149110384454483,-0.014444161160969887,-0.044314039635547586,-0.05247402333248734,0.03829038937096112,-0.0748025526421912,-0.0321875710678398,-0.08393779311998538
2022-08-23,0.11064255229642823,0.22842841006902323,0.16168616751894532,0.12307738857436239,0.1387940874210565,0.2697827553358824,-0.23727155234985575,-0.4080259642887275,-0.1429197792588919,-0.39135350310089984,0.048080312475337506,0.17674231099177135,0.05947719034806616,0.16999812438050171,0.3050436294072347,0.12865501564463908,0.058589856343500266,-0.008185824792857312,-0.045862861686635545,-0.06594470643744126,0.07374678354858508,0.003646212648293661,0.0011110451724445998,0.16279935288290562,0.09672727529290265,0.10114931048228233,-0.1827929644038548,-0.36317373375369083,0.12322655630349622,-0.141610468146375,-0.08949185248923676
2022-08-24,0.19590464208697228,0.2518426327192175,0.23747684640929048,0.19951974734493585,0.12718100956029446,0.24466735231509237,-0.22285521813014605,-0.34873135440756897,-0.09871094589420139,-0.37885517447679845,0.07523018552294405,0.17460068211415847,0.02830259444160794,0.08203774816281767,0.24433532158967944,0.006906814236539215,-0.03818328580006906,-0.018176080728292358,0.05532806664300365,-0.005995130788416065,0.007901223447645017,0.014340691333634198,0.010251723819160985,0.2332157574489892,0.14421014326743792,0.16541770110367363,-0.14190146102405204,-0.2647218009157047,0.1937076577984082,-0.029946942335879276,0.032020200486845604
2022-08-25,0.06838801568343138,0.026991611022440885,0.04612572341742063,0.019658270727072207,0.07791634104195465,0.09477064761201166,-0.14411677908655998,-0.13678679243096617,-0.018217750723519287,-0.2083679789586581,-0.04109568013712954,0.04093248438615333,0.06611989286677439,-0.011886573604005494,0.00212588778081953,0.07341499347064673,-0.025124678759755048,-0.001784934150223913,0.06887446947468451,0.044535664906530624,0.006204903411610578,0.053898534466091615,0.05305183339092791,-0.003320183914367315,0.050671726592666916,0.06933607042693128,-0.13654488654183874,-0.033709133105285415,0.05000813688219209,0.06353277763742816,0.08156787514465078
2022-08-26,-0.07136989202778281,0.05162580861462185,-0.05828962338005382,0.05141485962348304,-0.03724781983897682,-0.106373870040488,0.09262734894670592,0.03952092188429624,0.04982561572781515,0.045282550180317974,-0.022688920168814342,-0.082342296546473,0.05257478292653921,-0.10608011238627499,-0.12594552657980562,0.1447002178707641,0.07635112724491722,-0.04251324952860075,-0.06886556149225805,-0.07169953635790507,-0.09064653659971232,0.09989327742143422,0.08933378016963865,-0.13042178993894166,0.01772070701688757,-0.04212059428964814,-0.040188137759364445,0.016190688705137783,-0.0710441526412329,-0.03435566990782561,-0.10183095945809656
2022-08-29,-0.015217529295800537,0.1629041950131399,0.020696496736168038,0.04712436455220545,0.0010138541753747501,0.2548950975183686,-0.25055464756599005,-0.29343908660081874,-0.3054938886261138,-0.2752500300802191,-0.04202741577823029,0.004266364901821447,0.0469543261401088,-0.0598500802733142,0.11508999349316104,0.2118197891406192,0.11793883777137623,0.02166924662032239,-0.13273445778774767,-0.11106184756991212,0.07867347497085904,0.03710223606215438,0.011514543472103761,0.02089714683720186,-0.012659119732008364,0.015458074973769647,-0.20899427896823003,-0.21284669670159823,0.026999932143978098,-0.12334980501485383,-0.0909656963153056
2022-08-30,0.09152708695458406,0.17088525010091593,0.14822222169163274,0.041553301584351374,0.054395514424403366,0.3461863758008028,-0.347440970325864,-0.40192107849600534,-0.2665925469398824,-0.4759633079345216,0.21426529719294246,0.4022591235433966,0.06293761554734326,0.2775383928991992,0.336635611042748,0.05028641858373793,0.09890273665567642,0.19711595587202144,-0.024090529417856107,-0.03802841002109128,0.1375343622541879,-0.01023311335021679,0.028616827652147608,0.21259257728955724,-0.06629870013048125,0.12219550717903756,-0.14218380929998875,-0.35143881451686415,0.14424700920780836,-0.09898435291740175,0.030675282360961825
2022-08-31,0.07454787953193451,0.1075077696002851,0.09946544496549838,0.12662796869571386,-0.019081652461867427,0.013079723425701224,-0.009594107438059583,-0.062092022063695816,0.0397209849268446,-0.07841841833785167,0.06755019600977735,0.0854929540531763,0.03156921253857728,0.04318379999922368,-0.008837190631691237,0.1084854183036602,0.04620469559460062,-0.01875219723599189,0.028113779175693812,0.013928817991658899,0.023231155503329295,0.06448622284216697,0.06693079777397086,-0.04883092955526198,0.028484939255571266,0.10406702594453494,-0.043152400696100754,-0.19636603455684495,0.08542579972621095,0.0070660695105924974,-0.016057120554874616
2022-09-01,-0.24798868149425574,-0.06156699854781127,-0.2514999226459844,-0.10560045304497777,-0.09059966953919515,-0.1660200465515736,0.1613048237881055,0.20109695896924837,-0.03697167238848481,0.28317711961956515,-0.2546508561894407,-0.26245129502936854,0.08932512017445446,-0.19129658534724864,-0.2433107833240539,0.16036094384704402,0.06422551404699331,-0.16460550806323,-0.22668676654263345,-0.1572355082861542,-0.05722022434449427,0.02369123885230681,-0.01223548446992961,-0.19198032520159827,0.06785358951745599,-0.20530967251434737,-0.05310702826419594,0.17484293191695205,-0.24339912299177632,-0.08031487451691388,-0.19105679323113497
2022-09-02,0.06112737544567684,0.24674968547544252,0.1481218613775768,0.2040460194297926,-0.05631227036626188,-0.026249311566766634,0.08973151086224743,-0.049073358185940205,0.05585006639164319,-0.05705579963993933,0.05067647362764498,-0.02859395463309228,-0.017655919119836765,-0.08534010699640752,-0.11567340689226836,-0.03401162857333425,-0.06569139259030203,-0.04185904664123582,-0.021523944041172062,-0.10324750868327341,-0.16552478575955776,0.00046503840827702783,0.0452798920834014,0.09343049711607232,0.074831779928049,0.04961043955515217,-0.05615377843062148,-0.07197765731942904,0.0885556392163063,-0.0875203315806295,-0.12613480915646963
2022-09-05,0.059723904668817274,-0.020305109168916462,0.04162019836649364,0.06926616277265742,0.03651715950911457,-0.10772371293416554,-0.04479947135267598,0.020461131502931537,0.1953104413805086,0.2118237548648247,-0.24672829019328393,-0.34171615048514975,-0.006777771468443084,-0.18737241210213446,-0.06262557650974444,-0.18012256731011392,-0.1465246344416904,-0.19122424852305311,0.11890091776875386,0.060014424667373695,-0.13274682458398557,-0.02729158606220464,0.00868604995652413,0.16145397155763805,0.0069393748839772324,-0.029235109581275745,0.23751484623212085,0.2713372292142985,0.016033206238779386,0.11456009734705862,0.1013631297017879
2022-09-06,0.007415625782967839,-0.08479282356275766,-0.018262439636025887,-0.02359246209685481,0.008615520910663123,-0.07753781968456808,0.03543998116951549,0.0898508716464899,0.11252147357476455,0.1733070962744477,-0.19405651827675016,-0.0920606291668031,0.04680294067394914,0.03658804316600915,-0.17979075446263132,0.008230468371119291,-0.04894714046785203,-0.058208527020960084,0.059420721920375494,0.06634153124952605,-0.07201930476369006,-0.0031179399677268237,-0.03109036397808349,-0.0640278532556813,0.013295306552227971,-0.005008045432757575,0.15731458953914257,0.2330347359855676,-0.009712034329540499,0.1174104803999209,0.07232383902524182
2022-09-07,0.0468526822533598,0.15000024717815538,0.09899433389877635,0.06753083081601201,-0.03146247952706809,0.07250243527473134,-0.07486131633394161,-0.1004151301921854,-0.0010680324973920208,-0.3162566041610397,0.1620879897981291,-0.05469642612423969,-0.016326148062769837,-0.01854793589630743,0.09084150270960034,0.026280935843779715,-0.07808892420239522,-0.1149759823632553,-0.010598396090020052,-0.068471208938927,-0.006177750833780651,-0.012932979717620176,-0.003864476669292893,0.10837199986255844,0.004589313931811872,0.09295178949760266,-0.1508136626926137,-0.19395968620047804,0.0776137159453707,-0.024251803233199414,0.05546863140769458
2022-09-08,0.1851364441909613,0.1224492970272756,0.21716904956776104,0.08365143021387954,0.08557902619038672,0.3236321019284313,-0.2542683431979279,-0.3693065079949468,-0.25698664362797763,-0.3262523274132119,-0.11503349897121849,-0.319745499521948,0.06114152265772252,-0.21567334649701722,0.22319124640975369,-0.05379133667423522,-0.009428459228693852,-0.09730214710623333,0.08174174643402961,0.08264627517810566,0.15643432776985536,-0.05970866382042122,-0.015038583869540186,0.22116959470366512,-0.0879852815979573,0.15331138747356413,-0.009858550918397057,-0.19791230887810068,0.2109771527589007,-0.006914264803537984,0.10529222879736855
2022-09-09,-0.14058136479124564,-0.17012953700454736,-0.18502928911453417,-0.15255764975503874,-0.019014189780564437,0.013848206203899156,-0.0860034182384919,-0.07543131407446173,-0.08615266633490218,-0.02097447563755025,-0.16663687937974803,-0.22968550593286202,0.0414201014810303,-0.14102051961686454,0.018198138522344753,0.15843770884108316,0.09827908966478213,-0.0006450259271042206,-0.09103024314425753,-0.02274214460025531,0.043188648634931166,0.007153162083108937,-0.021885265693559176,-0.19599483719216826,0.007536236823049151,-0.07208589153569107,-0.05981605280407557,-0.09589684609949299,-0.14329975194885408,-0.019171123548864553,-0.029677784714254796
2022-09-13,-0.07546808733044717,-0.004650982380600383,-0.04230457664676769,-0.08643487568762875,-0.0770140346866961,0.02506970000209102,0.08143488168227657,-0.0075159478300253196,-0.07440233119271872,-0.1643878693692542,0.19008797207584424,0.02644712293780489,-0.008451897889116447,0.1735899432678704,0.07759190986944821,0.17531099734225394,0.07536852731733149,-0.09161019593985302,-0.0996627234661118,-0.04808353854813186,0.10721488278112165,-0.009864815250893624,0.013456467234460574,-0.0893770279705342,0.0005135652703960685,-0.030762353388316326,-0.14963094392879514,-0.23274177779235747,-0.03991416392055222,-0.07772151174303595,-0.062156701595973515
2022-09-14,0.07705748003566891,0.259697350377315,0.17806321422042332,0.12856725253062118,-0.03308673723204931,0.214724522265239,0.07060524937569833,-0.20897155260861933,-0.21102797379393476,-0.36690106623007546,0.29807827042753554,0.25802321324001637,0.010468858532020715,0.20029026213973777,0.28595530669459945,0.011871599622663279,0.04551819070442805,-0.14212968656888253,-0.11337004430291225,-0.11622237486482338,0.07533023307454349,-0.04581302293573043,0.0023428718174712164,0.1740091994342237,-0.024211995619414648,0.13622514783475417,-0.1691136994082545,-0.4055879437243456,0.15469495766755822,-0.18374970302694543,-0.0607470671649822
2022-09-15,-0.03492073308802238,-0.2286107351758517,-0.13325340495780472,-0.1831440855985411,0.04956903518959764,-0.05986264908219461,-0.041463809860587064,0.06956251047892852,0.12340950052680366,0.010979454737640653,-0.11553804324133739,-0.12463148815777408,0.011062165406676063,-0.09041058595076247,-0.039769109192347746,0.09351757821529526,-0.06909010700614095,0.03148719744328237,0.06494673284082848,0.1247554481298203,0.06434841213892804,0.023675037526417596,0.0069500527662979825,-0.1482947768366823,-0.0354130146627309,-0.03598794320415964,0.00529913486150806,0.0704172232584443,-0.07702710313792076,0.19070745175249007,0.18416835078765736
2022-09-16,0.1464329900106821,0.05664167041409397,0.1267766906592684,0.06915072755264226,0.0722551950287884,-0.006554863493808269,-0.007425192389246561,-0.015873560700017175,0.17290825151440226,-0.03133609048357912,0.01384421844843007,-0.07916625158297289,0.04162939177362764,-0.06080988825155704,0.09768471706026562,-0.11765261013107918,-0.06913731341861712,-0.05540115276025359,0.13171177721564514,0.06848490875686375,-0.02265290340711099,-0.018158726267701673,0.023269702286529585,0.12039744443563559,-0.0231891990519571,0.1341927901754513,0.10145102627316661,-0.05764375019373771,0.1202755635473421,0.09796019335411228,0.13710746579743793
2022-09-20,0.014596842787194989,0.3422308383723485,0.12262395236630724,0.21542030498155149,-0.05511966638046114,0.1423435957116792,-0.06367827428571633,-0.03457917820074144,-0.17902313830177347,-0.03903589564456473,-0.1424221175095049,-0.0883386439260983,0.0099708205988799,-0.16762930252163272,-0.19797485706152104,0.022440847989504284,0.04175534093145629,-0.1738891362890379,-0.19116942481224491,-0.18888209057934147,-0.1285828925369872,-0.02331230204988909,0.019318335145259317,0.1277803507872017,0.05915002643071274,0.007477459951400692,-0.1805076677648078,0.01026146865175824,0.0749496489273451,-0.20301317771552005,-0.253891153501071
2022-09-21,0.056117670875778736,-0.10444961591732083,-0.0178357781074716,-0.059518955171720817,0.05621388401567531,-0.10543558501981942,0.0529137109532919,0.11536499292111213,0.18205925115845306,0.11121041632047854,-0.02465853211356933,-0.1101699133981166,-0.05246998895091231,0.095437654394862,-0.1263037062338422,-0.0673668411782074,-0.08645053776269823,0.02581939705495674,0.11346859223035208,0.11770642840630556,-0.029234594486432782,0.040412594662946714,0.017237669856328946,-0.037205055400239835,-0.02761949591251662,-0.02453073930328923,0.01573819718185459,0.22442533094365907,0.010470051323181502,0.1223347148326646,0.08392008711754227
2022-09-22,0.20653174610648192,0.25056910469763216,0.26791294518564684,0.1868310072963127,0.06100912302085268,0.22146689565773756,0.07106355723020918,-0.09683630792935911,-0.05493052756015339,-0.3799786700824562,-0.020084180472988385,-0.031825013804867436,-0.1508544473656237,-0.07176182482431902,0.08826944183397617,-0.043610873600709234,-0.08342804612812806,0.025564931864903398,0.09808112992768853,0.029140753655474024,0.00996484347001237,-0.03145672480872271,0.02634012020439954,0.2257167363151126,-0.06007875152519852,0.21881984772728053,-0.2113964785571591,-0.2042439373285467,0.241787936578338,-0.017775894525202774,0.07727011864672939
2022-09-23,0.05109121651587461,-0.2742384378337438,-0.058947894807963,-0.1743973414116541,0.0583987323994109,-0.12870564624893036,-0.1093446680281211,-0.031101485878585956,0.2433231781531306,0.007933135443706602,-0.021888205714705154,-0.10383175405486202,0.006715028550968035,-0.19502959404886855,0.17174730575894745,0.047138705726179994,-0.14337657959512687,0.03143384398053597,0.22328583598327892,0.20111181146608795,0.10293719784917667,0.056015924301672425,-0.03712981677024831,-0.16366449242953285,-0.07058736354170735,0.05798845618066498,0.18119946405766413,0.10692548658812663,-0.007667945544675713,0.254825707427187,0.3013423636509604
2022-09-26,-0.10029675159401495,-0.036039875533112664,-0.10284537612948393,-0.08085166395787984,0.004465593403974364,0.1417632738441394,-0.1814836271482091,-0.22537611297106605,-0.23464618322867486,-0.028802192671038115,-0.21069971758368058,-0.23801119781597332,0.11845777863865431,-0.19173664873614418,-0.03978199969898299,0.22272025581491636,0.0998976699138651,-0.19436094043126131,-0.10136781154136792,-0.01423158487361995,0.13393499034652487,-0.014193498763133873,-0.0498204910947078,-0.12653333924056945,0.04655773161304994,-0.03948983383544968,-0.10270848574967148,-0.09607323777855027,-0.07770779578412244,-0.07336952610223121,-0.05084477703183484
2022-09-27,0.10921863077258769,0.21912580181731595,0.16279226348090092,0.11116402162407613,-0.013888723840303008,0.18328544474884292,0.2131609175344145,-0.011757746098471546,-0.1367877400597071,-0.3908271708015939,0.18421265728688108,0.1582943767672857,-0.06534949162574105,0.07317082004294524,0.08488875836890607,0.17151638208532266,-0.058250645673378385,-0.11927530372238741,0.010618252092005707,-0.00918379675041603,0.09714118546393036,0.03754985780986329,0.05018011931452204,-0.0015916322457206764,-0.020398895810567544,0.20536894005183223,-0.31199896844572444,-0.3732947136145433,0.16364852544417263,-0.1052598553351335,-0.024918493685831586
2022-10-10,0.016203204208558714,-0.018984977854313797,-0.03258095470361993,0.03181643469403836,0.07699485577927859,-0.05581111688656937,-0.16853045536856107,-0.0544999388824308,0.16601886969312063,0.1315630732413779,-0.17061432429823378,-0.18265451504755256,0.0761180094244821,-0.1272237310871223,-0.27628601305048134,-0.06720145713033684,0.052541875595505314,-0.050108869320789694,0.05230603621519153,0.022705225787663635,-0.13667882707348716,0.011710667950251514,-0.01375007039062794,0.050770535895201044,0.012773463252317636,-0.049386839960568175,0.04526196887889526,0.29874154689486254,-0.03454945038171532,0.07122844474476601,0.004023741695718077
2022-10-11,-0.1335784674908111,-0.11933255851463795,-0.17427061716272854,-0.0795919030514439,-0.018260850912208863,0.006397731798888158,-0.4472045280833457,-0.16721766528586174,0.0010651172548869984,0.1376570997181741,-0.1386884796071186,-0.2633153002228664,0.09391157548888016,-0.047530131518677556,-0.3318970400640643,0.09131046103678538,0.08984617157727416,-0.2678539417990623,-0.08348393394319963,-0.03891663951077665,-0.05805961842684643,0.022708875934560974,-0.05480900646217268,-0.09262239561231962,-0.03040759502704441,-0.13469293404578428,0.07985038970309206,0.37929754574468505,-0.1388957644489376,0.05148258882032959,0.0030280076919868802
2022-10-12,-0.1580026722834192,-0.12253916936236064,-0.19164907389855435,-0.13747092863992585,-0.036480312981744964,0.02365103028810671,-0.14397983318476124,-0.037961436576363077,-0.055817102529757565,-0.06455474941743565,0.061296042450299286,0.0039387425192677255,0.007930624613890921,-0.007072153950266273,-0.19711355520443014,0.2636756963055625,0.006070100100016337,0.06236213253607905,-0.0966822275457596,-0.01141670990686701,0.10592308679853461,0.05428343155882821,0.015204463164188255,-0.23635916532271292,0.045061870422594276,-0.08009166900768325,-0.17313887149599205,0.052269397165428985,-0.15334380195020986,0.007666882226199819,-0.05544503949934836
2022-10-14,-0.17359177731446457,-0.03848779843487795,-0.15423395056668432,-0.092594581927839,-0.05378390980060087,0.04361670729035598,-0.1841929854445483,-0.03370094909338222,-0.10439035449173352,0.05492188051490116,0.016159344078126907,0.07485902842036044,-0.02647833325011493,0.056291787812530816,-0.23681456377224283,0.18042701935732472,0.13621976080625314,0.010415832357416915,-0.19665292773064066,-0.1006997912119291,0.05690877668673577,0.013285615100520311,-0.03258360479074237,-0.15278922108531084,0.0439980727264075,-0.1316206073334335,-0.11253934139608357,0.0919468675403553,-0.1359144938075939,-0.17078070689063363,-0.19521330997058547
2022-10-19,-0.03513227726874756,0.0405098547856743,-0.017040209081977228,-0.08989122833738278,0.005232749769261744,0.1552387776076751,-0.024289430149521517,-0.01949842071203926,-0.1935954776613618,-0.14344314536896755,-0.026675112520525766,0.05169190673921289,0.05909651103163551,-0.06443560341318183,-0.07513883045853632,0.06390347716613907,0.04357835680933393,-0.0030538791119081522,-0.09496661583172479,-0.027017829955715753,0.128609958190555,-0.01622868816281041,-0.024059352934867793,0.04989385694829164,-0.04638716926659983,-0.02015892821843064,-0.1534838849872529,-0.05202390003524991,0.0025865202367422535,-0.12116598822451778,-0.06952118414860449
2022-10-20,0.00457205208575076,0.06999564839680368,0.00038797507904290453,0.01878259087150664,-0.06698136607254998,-0.12512490929946365,0.09904680748922158,0.08904606183309312,0.15334412551056947,-0.07685468733614689,0.1496083978411761,0.08455572540979159,0.02840834974751799,0.08630853806275567,-0.13062871147786806,0.08721270904275133,-0.10748535353188192,-0.025827330496435357,-0.01056171706214968,-0.03509471945786515,0.005290442479838294,0.056206256551812425,0.021507431364233897,-0.05766148330690272,0.0007784878249408924,0.021350918528914912,-0.1266128577727824,0.05726358426253921,-0.00808427069499404,0.020851407825674666,-0.010776368905801866
2022-10-21,0.045114382542948424,-0.09585994908607688,-0.03581107050552465,-0.05179272043409443,0.015389346474351907,-0.0767392118361026,-0.18113876140589164,0.01882985090700416,0.2110029695316868,0.02708226295175356,0.1006685537515612,0.06563982853431642,-0.017383848900675725,0.05149956818470985,-0.19014366277234113,0.013085292040957366,-0.039911979368512075,-0.06682150989225231,0.10023529741790595,0.12033025547267229,-0.04175546075226457,0.04211977373633924,-0.027742726958981938,-0.06542292076643799,-0.022402921694616145,-0.003050669117196723,-0.033664825931642384,0.2651470785224262,-0.00040778284116349783,0.11816659631953014,0.07641539259514996
2022-10-24,-0.0015488009081149525,0.03798002710036312,-0.019677875022668892,0.0578900513387938,0.01631818180222549,-0.05439825429527025,-0.14754955186111782,-0.09891061588587848,0.13523333817847644,-0.04460408317356336,-0.030008541784238358,0.0007057799448228091,0.06391685512915724,0.009586046101236943,-0.11908098745826054,0.02239304792615583,-0.018752878341920288,-0.03496550406264671,-0.008070504777462968,-0.03371627088626349,-0.16307976838509686,0.05365777785348266,0.02914513506569359,0.034320876780544025,0.034068428516672654,-0.018833958824502395,0.024494375652112814,0.1293359290192247,-0.0309006705778575,0.040825976051367924,0.007754169754255035
2022-10-25,-0.05078606869361168,-0.11919388507985083,-0.10433941799261522,-0.16639657629385654,0.046283329501898195,0.06966131417243485,-0.057075851644950604,-0.08026176887775001,-0.0544083465418836,0.03597479165267174,0.08810542205780493,-0.1704741148823068,0.1045920980495577,-0.22658967337030486,-0.1523693198587506,0.10136123274912358,-0.06060205249096602,-0.1999410809955521,-0.02022844872766078,0.07708573541909983,0.23657984111848412,0.0485889586264883,-0.0043998092414679795,-0.1130355090280547,-0.014729077189547997,-0.051320281251814585,-0.09017565106230799,0.14356399077742166,-0.06639782455347079,-0.004068841424838777,-0.012272768932739117
2022-10-26,0.04284530988410495,0.18592221310401044,0.09020700548254869,0.0951412782993442,0.03405385560067079,0.19252178788664168,0.08400559308827445,-0.05404496312616822,-0.26864205272581054,-0.19197424180612616,-0.07987213371124845,-0.16421220904196554,0.04932519792267566,-0.12927448262765048,0.0009257700238878077,0.0697649342833396,-0.042192320153184366,-0.15769229450949615,-0.09464629515456126,-0.07465485895815921,0.060062377596329014,0.060364993990541224,0.04402291811016578,0.0864468568340849,-0.0164863163397166,0.07547758668349153,-0.2122852048687425,-0.12711651338044835,0.08114769672249066,-0.12208599666390295,-0.0859261585612511
2022-10-27,0.08675902077419856,0.019757228886387,0.04081529326545293,-0.05449500385614883,0.05450172364332084,-0.01934421471081382,0.2940656459281011,0.2448290613041325,-0.023365339091995372,-0.16780757936192062,0.13779559034152505,0.14220153224512794,-0.08353126369447586,0.09493241827439022,0.10409691789018949,-0.012919467347243897,-0.06939327215761108,0.08525798492606755,0.0632124862900287,0.055127266426447344,0.14024823285363522,0.14082745490353724,0.0849258292313084,0.048756377930836876,-0.015268276820499374,0.08454887632849195,-0.12971574325738058,-0.21721507126898768,0.05992823274899286,0.05169729537573854,0.09680722072304286
2022-10-28,-0.12335330519111998,-0.1143648084919314,-0.18459586670849223,-0.1704346241188442,-0.013960712552532378,-0.03984709613499833,0.04494482057643652,-0.01975886283880914,0.06328168325167557,0.09792825825796553,0.2512021520684784,0.07483085098382364,0.055359427208719676,0.034267770589434185,-0.32543631914046334,0.11761950452089816,0.07805046495839216,-0.1351576141213814,-0.11124933616255447,-0.01545582842612321,0.11238480011570842,0.1392928463632719,0.12490769100838384,-0.14858795324390622,-0.16786371297966848,-0.11739747174582726,-0.08814424695906255,0.1915438263511154,-0.13902960297405598,-0.05292040486581129,-0.12590051906351443
2022-11-04,-0.07553129357003191,0.14876248683337404,0.012065773132778027,0.14323467686990837,0.01400008857592115,0.12114143694375971,-0.28534822324898496,-0.08930528504745652,-0.20489792779977037,-0.008905312515390064,-0.199208908032047,-0.08726772039539858,0.006287619518713365,-0.022041080495594435,0.020861931817568062,0.08153803417542348,0.13987798585056055,-0.061556099305542365,-0.14811370820789838,-0.15542509998299048,-0.12057664268468901,-0.09220374536355509,-0.06501050356287995,0.019240987021904882,-0.05082224816719808,-0.0801780096811598,-0.0005528154997558943,-0.05164947244540762,-0.02250775959938575,-0.11137002982429021,-0.1658396071525884
2022-11-08,-0.05355354198363179,0.06772985880896212,0.013004743555862694,0.03289081730716373,-0.047683163904804766,-0.02458707465804923,0.021287469067718612,0.07746223840251909,-0.07157559190899114,-0.00366361583936846,-0.02577964743808739,-0.019987776881781865,-0.007516223592372127,0.02386239687342121,0.01700064313459755,0.08138245513887665,0.05036720916002679,-0.1469903923106624,-0.08805577751749001,-0.09863524759211523,-8.908971810332577e-05,0.007587604043723658,0.008195010693887533,-0.03907521293234175,-0.03563445886307923,-0.02511031347758754,-0.047733752519649,-0.11695646208317939,-0.012160307969644837,-0.09411257078688867,-0.1223946688452761
2022-11-09,-0.051554023672895334,0.252175823964325,0.078112060135556,0.09420958191047556,-0.04309902789334996,0.14024645466441737,-0.02136331933481299,0.1591225377741375,-0.25607896718586187,-0.13782132655874227,0.03905527366555216,0.008010452032581524,0.01992432437028698,0.1742463508607608,-0.06690956764684497,0.03601967777528017,0.09127051177771148,-0.10302189583599872,-0.22761736545778416,-0.21683866670494856,0.0054767696384438016,0.011960818158225438,0.04812152037110735,0.12717821460704537,-0.09738131563577,0.030244776556098085,-0.16446410871946632,-0.25453467342476255,0.046236361287914286,-0.21197770978386152,-0.1837766995483858
2022-11-10,0.18149864902936919,0.22373192655779525,0.26239736778550043,0.2060344340242559,0.02166892389363141,0.30162059385141754,-0.31458185699629626,-0.1848349677068611,-0.3228180554039648,-0.26951192646732,-0.2203710750622609,-0.0676826502133498,0.06568080592775313,-0.15506417761118207,0.052389057842269146,-0.010230368778762957,-0.095070449494562,-0.018668313930963375,0.07260888428076358,0.013944249922380943,-0.08835609257102076,-0.0818955205043113,-0.08657839878734147,0.20675283537921182,0.0860682411781898,0.17638913949649504,-0.01546153953747263,-0.09079220186311768,0.22713071534831086,-0.01970985200867572,0.10837066016626677
2022-11-11,0.03935541297789933,0.1654392184587951,0.11004702800796815,0.03878754813647738,-0.08831518337838573,0.13845008197329145,0.1415938074536864,0.13517538289652442,-0.20993622964108624,-0.10078144765282032,0.09384069468139623,0.13028280954152072,-0.142761937000375,0.24253042292579002,-0.13287857386492904,0.06829304238067771,0.0684861576237088,-0.22884600384151488,-0.0739993615440442,-0.030948658102432396,0.1598867459557791,-0.0028010843351292634,0.010786138705534241,0.020373629889535,-0.05992628468071719,0.11326958170673188,-0.16909701359501358,-0.2336144469858412,0.11896797668137102,-0.11784390974128418,-0.07953934693866829
2022-11-14,-0.007367131849131192,-0.16566797661860996,-0.053678597689294776,-0.10745177324379283,0.027596652339402433,0.05909201785744769,-0.21330458070125566,-0.3543020720072756,0.02552615224245646,0.10350754144728823,-0.31111409108009297,-0.3957607125368533,0.17255838708297272,-0.35143554198782345,-0.00624271082927362,-0.02090585999044175,-0.01804233634549029,0.018451682292451338,0.07133663435875974,0.08773921623788412,-0.032599682682711316,-0.03725613678410737,-0.07027887617351576,-0.01597384820982582,-0.013194159856601472,-0.024163690964737226,0.1808903458179382,0.32956971505836075,-0.020397591941515917,0.04170068461453059,0.11008398609808223
2022-11-15,-0.11862040195461292,0.06810937429508977,-0.05374743825781558,0.009955051637913567,-0.00963647416845477,0.07297895880113386,-0.061514137952479175,0.014158819864951338,-0.10783633205789847,-0.13344825181370965,0.05576253283345596,-0.0028168029263351633,0.10398846603971851,-0.01762838279472604,-0.1684777846144745,0.17374082980681074,0.12740546682572917,-0.06793497243620154,-0.17324472484595274,-0.12436303567739267,-0.02874485541131694,0.01975902609691722,0.02746033462028569,-0.06176327692782997,-0.04158887371861485,-0.054341995832429345,-0.16038668724565275,-0.15014810456385283,-0.06791792949596219,-0.13025217878428041,-0.16627819403215294
2022-11-16,-0.13186517188589886,0.016836022792712985,-0.09057145570561108,-0.08847734044809841,-0.1048627965022848,-0.053359124096183354,0.2239349362480129,0.20316114415762265,0.0005778785425721781,0.011941316229884612,0.15386451967196213,0.10639876313592138,-0.024867277963091707,0.08316222366461429,-0.1542467843983874,0.0606660157055234,0.036929398985825396,-0.12821165205204402,-0.1833703009532254,-0.12494020074663553,0.09837886118353421,0.012949166586758284,0.015856303689276777,-0.05421745699156624,-0.09830263711059897,-0.043671969192972865,-0.20315993280278508,-0.16047596460205185,-0.07280737834189095,-0.1299081340932588,-0.1398182357973701
2022-11-17,0.060787411897573466,0.07097016034705567,0.05209602020742237,0.01763113557449573,0.023848922233486718,0.03631772561647076,0.059512043525540737,0.05843938374721231,-0.00925522487693509,-0.14731789149868751,0.019865487611812928,-0.05808773889288272,0.023546052166532223,0.002647665039693069,-0.044173644801875404,0.018678719776822606,-0.05839416188261415,-0.12273771969693188,0.0754656434712055,0.03827992406661146,0.11384093818398945,0.06428994214398533,0.03379369969915761,0.019599059877537392,0.0591108894925496,0.09560371114837253,-0.10593195465106246,-0.09064339242112152,0.05061856005593764,0.012600540904771666,0.030364424997903587
2022-11-18,0.086322919764624,-0.12272996569745621,-0.011111050472691503,-0.014471994491164477,0.07431205466430807,-0.048527132423108486,0.020051022299007775,-0.1699446030951309,0.1524814484818354,0.13252393165215845,-0.278086818242508,-0.18064786810897487,0.11369637970573103,-0.18335315930455956,-0.0334695112765767,0.03150784018527294,0.04319101715428053,0.045018011640817764,0.16265086624807054,0.17693901417596505,-0.012141488342319689,0.008358204859058622,0.003523617000934177,-0.1682198864092019,0.009111710823368393,0.029486126770038874,0.11124195466967407,0.17537082765904588,0.017229636625945906,0.15054126562842285,0.06146302351471195
2022-11-21,0.135582441640974,0.3057660979553231,0.20326230518914473,0.22782220237081546,0.04674238986270027,0.21789604245941044,-0.2461799401553914,-0.04168137928897967,-0.2602298387718671,-0.3572639805488092,-0.03892545029701064,-0.15618622200559115,0.0333760751736718,-0.20929361331946672,-0.11972483481194936,0.09796297460414231,0.0658951858445698,-0.15728135797143322,-0.023485398302082246,-0.07476924249948044,-0.17568553574673024,-0.02823179329328322,-0.04298754589304586,0.12426070237294876,0.054086904000006895,0.1526049674368413,-0.2358559020176817,-0.21063955156251177,0.18059235699950665,-0.07718836952285016,-0.07151695383614765
2022-11-22,0.14870180290258941,0.1572046974372384,0.1710777368432666,0.21503848515306942,0.07018279161751954,0.09128836907783434,-0.2487458269601277,-0.1866172574913086,-0.09669008894186035,-0.20359604290442196,-0.0710876136810657,-0.06322203691725348,0.0697068641648055,0.012932537698134529,0.07054772801864512,-0.022025835531523142,-0.04524069554453175,-0.0721588425401743,0.08981936267050886,0.001874455075038701,-0.18718621540657113,-0.018937497885867762,-0.03102690659973628,0.2132927134409638,0.1463747013485177,0.10080857959126198,0.02021862546364632,0.09736152507909128,0.12350069400183782,0.09174997740903952,0.11208972278471009
2022-11-23,0.08717498858245921,0.0277473404949595,0.06676100000359779,0.05667736893137339,0.024928205943456277,-0.005759782388296638,-0.09486686575716918,-0.03754730165749849,0.028451696601576714,0.08097519193208866,-0.16506886074448832,-0.14870572027883347,0.14274595297403095,-0.19090296168210544,-0.010772106075145208,0.0748642163092148,0.003758425638771477,-0.04048659158275611,0.09248912686146922,0.09841042125595166,0.05621570366358742,0.007737049355858437,-0.019884590555432485,-0.14774814856546772,-0.0416587221114402,0.05875967357424594,0.09166166998389305,-0.035031530435846545,0.06867953895551601,0.0326235882729595,-0.009113037960360533
2022-11-24,0.0464882486122613,0.3506417993671411,0.21159332357225313,0.23093461708659585,-0.044359052702893385,0.13903729290135122,-0.14538246530330406,0.10091324500351005,-0.2938963903070838,-0.31449332130727986,0.2159545968632254,-0.07642828228806327,0.02603917604377586,0.07048351454368572,0.0993153095582342,-0.00792384089760832,-0.009573202799450523,-0.012218157471281932,-0.13414651659052015,-0.20565860885272938,-0.10746093108129079,-0.027871592644193997,-0.0004129454375265268,0.2736839229520964,0.07602392504585918,0.12505066752779015,-0.1762133824508719,-0.37932481052140044,0.14687406268661313,-0.17500512256354211,-0.0793073908486624
2022-11-25,-0.11897770745558599,0.01769295693388478,-0.06797041748885913,0.00910914211202107,-0.040691177303364884,-0.12055219773181047,-0.01999088195596344,0.028256843566897706,0.015727637477117185,0.00463971844095711,0.07307430410385275,0.026383483330193955,-0.01622882787839649,0.06924646716660297,0.045349858959090564,0.0013394158483233435,-0.02442383002337083,-0.03037980250599732,-0.11016337170126125,-0.11966113268498167,-0.06155490726723899,0.04336813849791659,0.07038475988836951,0.07707884577317076,-0.0023557300709840996,-0.08338713914880355,0.023678273740444348,-0.11637712331222842,-0.11729589134864937,-0.031466954024347134,-0.05539479229844422
2022-11-28,0.03772761741837252,0.21586038056086923,0.1482461891631695,0.09681872852049869,-0.04468626308145111,0.22164457719436675,-0.0887330862748388,-0.0388627888241975,-0.24568047542043375,-0.03669472439499904,-0.037730447425013705,-0.14388499127731658,0.05165115430897132,-0.025705197754638334,0.1319484801237058,-0.005719801680489657,-0.03561086900355639,-0.00867491140961158,-0.08205455758755881,-0.09296592283624168,0.06681484069324269,-0.041365789787146154,-0.030698812012886545,0.15397097779409255,-0.06620352075056271,0.09523194457438845,-0.014358215405703435,-0.06870402866646938,0.13139131865807824,-0.17166165404184844,-0.04225393368840775
2022-11-29,-0.0550316360425316,0.004804421108179199,-0.04834375083539417,0.044888734066023436,0.06374985204624897,-0.0003048715752216858,-0.15649010009024952,-0.15372507737036892,-0.02668907224521161,-0.0493553121888164,-0.05869334492039783,0.027423780546159224,0.07450753919378116,-0.04394820225518122,-0.15073089001745368,-0.044924267557384726,0.025084636295704836,-0.0473858446565324,-0.055388298734927635,-0.0676825825851831,-0.11689650933271212,0.03373023268637067,0.06716331895615513,0.06774693220529636,0.010777232806510781,-0.06906999512636781,0.04610011703453929,-0.008922869943539167,-0.07607602538285933,0.002738367619023834,-0.042718224891584035
2022-11-30,0.015835612955332225,-0.18786377974106533,-0.05654187693151734,-0.09226473568671988,0.0610320382191142,0.11718773131138457,-0.11133398440873171,-0.1361685469778281,-0.05915022373669712,0.004996003946148692,-0.3068132631376666,-0.27912952203509994,0.14586277291280814,-0.27967658214813673,-0.050039879876567474,0.10810715203792456,-0.019838508465580957,-0.15324932324619447,0.09249190136594884,0.15295500843304363,0.07407228996253157,0.0048490583116177054,-0.015362355218212607,-0.11466641646027355,0.04866905670488889,-0.02778588482923908,0.0384008081700867,0.1262216779086118,-0.012643939618272626,0.08616616674982754,0.14406680925621543
2022-12-01,-0.16613073248929275,-0.042162493942786906,-0.16999824748072753,-0.09205588522511057,0.005393872072702782,0.0028887836976175087,0.015083595432012554,-0.0739827372473468,0.009639841695558074,0.10433511666669222,-0.1373584669636019,-0.1521000552578801,0.127083708363343,-0.07786299152754853,-0.17750666494676548,0.21336339417012823,0.07832991201631116,-0.05846448086733416,-0.15382881352277888,-0.11196901138267103,0.01763422044244836,0.022566551220010698,0.04380458756128947,-0.1933877564367984,-0.19719533665335148,-0.13970718200414264,-0.09884783093168102,0.018201790363166933,-0.15909357984018227,-0.07473117484952341,-0.1620705385744678
2022-12-02,0.10362459182091492,0.29850475411932975,0.22091884819943353,0.2298625713798011,-0.07811286052128721,0.13752985851453764,-0.03832487777173836,-0.016151988906738923,-0.22929695537667555,-0.17466686719745653,0.18607649791813383,-0.06940886558745825,-0.012328936022486435,-0.13683399925587733,0.14620460290836784,-0.12204174124885184,-0.008610799115041121,-0.006552941661227557,-0.062036083110729584,-0.10028265643718455,-0.10285687015048453,-0.06616154671024527,-0.04396567908898418,0.2857191332088625,0.03626415626252057,0.14608674972319102,-0.18551000000835985,-0.11518605002511753,0.18909658505582683,-0.16615053670372795,-0.07920037577018904
2022-12-05,0.08460406570713164,-0.10016833231039314,0.03574044393771791,-0.03144057182251286,0.07944775002665302,0.13707488993103725,-0.18744074930350701,-0.17332090364939706,-0.1394200527194131,-0.21374348971104293,-0.03882590324402511,-0.0005287989334087143,0.034052199559380075,-0.06684756969837782,-0.07453358671977624,0.018782132643789678,-0.0485722499914991,-0.05680573668122117,0.1375013036226804,0.1265207145917094,0.0020354746235638085,-0.02143935707167724,-0.016284257205038767,0.022834382711061574,0.05485205840094128,0.048937314192443244,-0.0057872674151244275,0.0656387777199534,0.054877937250606496,0.06386540915832285,0.16104296401243293
2022-12-06,-0.04621331044846449,-0.0616124211472924,-0.06588392861804043,-0.0775233924157242,0.029556592956706155,0.0025013866132914653,0.006472544909497262,0.042309106179801055,0.013801614169919119,0.05509486845634542,-0.05355773321932906,-0.07603968437857794,0.03080477742875999,-0.08566601557528737,-0.0584344238046015,0.06358092346357219,-0.07341837841897964,0.006036084003920494,-0.017026565411916585,0.004562411001707951,0.122232074763906,0.03695382364254858,0.05161510984015468,-0.09802244649480993,-0.0583542679411143,-0.01255373096754423,-0.045371617357253216,-0.11047274001919478,-0.06444347740216214,-0.008915313120858519,-0.03538804540511996
2022-12-07,0.13714598019719154,0.1292126796976374,0.16324978313457483,0.10544922924068201,-0.02585279083465811,0.01766216710799697,-0.03844731477798156,-0.017844805744706798,-0.06481689661006997,-0.12056866360797577,0.1331147635972922,-0.05572061036101865,-0.03166856241604195,0.03309493437626259,0.10458987753934657,0.07530059167674305,-0.06563181956993262,-0.097869871367389,0.0724780856331507,0.037632558055134165,-0.002145442508882105,-0.02392849479998855,-0.04801623806135097,-0.023960168962898303,0.02450717927909839,0.12339041387960278,-0.07771525768773514,-0.07881727828441876,0.14103270358179348,-0.04611324783734942,-0.0024429332078488787
2022-12-08,0.11473608183619886,0.042632919713822645,0.13911874567413177,0.0598777200713821,0.002423664248840299,0.12713299412295714,-0.058802829341866376,-0.042021417350878165,-0.11856309591912251,-0.09294735649527809,-0.00335771184671306,-0.08348075777501013,0.017895463461046077,-0.05352955805803688,0.09532463536402419,-0.08348506801860493,-0.07667852806146778,-0.04505652334131113,0.136023597645468,0.09662957320538605,0.06612835737967464,-0.07856127906561645,-0.08501704467167374,0.12740695112620778,0.060231219822719846,0.1085213063219355,0.0007455187587036188,-0.015651527464124626,0.1415827649632258,0.02816706964735136,0.09240308697139121
2022-12-09,-0.08376149103172671,-0.18466926574208015,-0.14877990530752133,-0.2013205985178878,0.01367682287432975,-0.02251169210860125,0.038949380449223414,0.1408383418056727,0.12846527158106502,0.1172651020848532,-0.2492951875766006,-0.16456616091550297,0.08799581089104726,-0.13475306301175183,-0.15130770490131437,0.07623270099462083,0.007506495323729532,-0.07401610194864396,-0.032313859716151444,0.07740136663443624,0.1938356713114921,0.05522975491425656,0.047408330858336185,-0.1719424888096015,-0.044662166101209426,-0.04559362794531126,-0.007393338063234645,0.0360592175255416,-0.09684649112822649,0.01725935742410649,0.014899280107336233
2022-12-12,-0.02740255240360117,0.26647346107493275,0.11753190059580525,0.20396341537959492,-0.06793707840162692,0.02410190119276034,0.08394911820391676,0.007526430747289126,-0.10056295812921902,-0.09078507329719089,0.17010785416222093,-0.012293711203846189,-0.03808031859911627,-0.07664129411234614,0.1848767848476143,-0.028689190681080265,-0.009612116055276364,0.09535270773146648,-0.14681126187463742,-0.18928683966894022,-0.14135806368594497,0.01077225573618373,0.02228517120073329,0.14918380885074584,-0.03137758902777831,0.048098370331336564,-0.15851783235417172,-0.2688175995912957,0.053801493016226644,-0.18522709642615573,-0.1589288500080252
2022-12-13,-0.020258209447753552,-0.06329537718876159,-0.03066201318763719,-0.07204752423235618,0.0028300398417649025,0.03926895320679283,-0.015465268263261847,-0.05550510339022011,-0.02919777271914649,-0.08289926173604224,-0.05388084538714272,-0.11453058981157635,0.04095894164954905,-0.0834226762254104,0.00858486431609713,0.053103347732235705,0.009365052738870235,-0.12433581268040418,-0.001057381948415982,0.004000090607512155,-4.857339800697569e-05,-0.007167074515006155,-0.0022390705913876785,-0.028527274976524936,-0.0230787629080477,0.004520258569355761,-0.05134784695380806,0.04579621642804096,-0.018416458858162923,-0.03057740092852949,0.05388367920447652
2022-12-14,-0.05595811765014865,-0.10249633356538437,-0.12459693540455824,-0.0753933654308964,0.0774416749245597,0.1270536996878072,-0.2818743343113886,-0.21492037002109257,-0.1158577625018119,0.10353257766887927,-0.42724216933753983,-0.3934491275386029,0.13892501437133617,-0.29027615438353904,-0.29450991326979464,0.09185670322029042,0.03468348463671506,-0.18868629291875172,-0.02387965415634607,0.03147023102527843,-0.016188128401799964,0.0035486781681029226,0.017678781582074966,-0.11247151173523938,-0.08697084169709561,-0.09626421897785778,0.12630478148744861,0.29452339925087934,-0.09216260887687013,0.07288811702694374,-0.03900521146244529
2022-12-15,0.11180170342140168,0.24791648874434122,0.23460015147310836,0.14122849430492423,-0.09258104616653207,0.018032169355351478,0.20852062294891463,0.09714395690630695,-0.013043969788248278,-0.1400081478639695,0.16146636161322628,0.0541720954778948,-0.12421932154363627,-0.13674000971217468,0.3287026152863995,-0.18138981703260526,-0.07248310080864051,-0.03939438088928561,-0.010244030138318446,-0.057532491404611856,0.05559771907867105,-0.020600078208545772,0.011504003849916464,0.24562216439877407,0.08950483783319042,0.19465088279882606,-0.10707301650278801,-0.3200305472001227,0.19164111348676338,-0.11209247876616894,0.01640897233479849
2022-12-16,0.053484335465289266,-0.11435863636614739,-0.02811904519387974,-0.030851640619512434,0.10230852785861007,0.01525989120064703,-0.09648801085827227,-0.0969748702538907,-0.029260988951491356,-0.05398447764002475,-0.13634745947449206,-0.12969900465487597,0.10941622875569199,-0.08999400889067291,-0.048720944831269104,0.04534773274013117,-0.00474042869658961,-0.04654048268009317,0.12437979281150637,0.09851704302434403,-0.004526936520178283,0.06291054172998417,0.057961690912673496,-0.04940458524772487,0.02292612235323073,0.012750015312873097,0.1166884374500824,0.07827159216618566,-0.007161711782725081,0.13995209889703236,0.15387624958408647
2022-12-19,-0.007104194668659248,0.05665841708309663,-0.023707247607561346,0.0482429560269218,0.05601622871255037,0.1259496606101951,-0.37249941734316483,-0.2760030096515439,-0.14896570476596466,-0.08130402660896309,-0.4033794983370866,-0.23009304235377148,0.13941411806854384,-0.23765161714098373,-0.33356859765472047,0.19111441227100026,0.08949318417860747,-0.00806512964722529,-0.026661326476085868,-0.022195661755499453,-0.17939872735408688,0.012670930022547362,-0.014801756839260594,-0.09543119215511098,-0.057719424565166925,-0.05070932191825532,-0.055418537887838876,0.1740044346909167,-0.01924566643985708,-0.03882526309708813,-0.1487506786135265
2022-12-20,0.07826079240892729,0.12528662294054912,0.1319515958219262,0.11385752283094626,-0.03576903992876293,0.0012102797466593824,0.2752492441201987,0.12153688845436061,0.04975372534443731,-0.09255464962620759,0.1076298805544103,-0.14789375879525302,-0.0019285849609295524,-0.21401461696591834,0.2702050364108885,-0.05850902573935663,-0.05774196120672352,-0.13659073148513196,0.021273821254960894,-0.016014349669400553,0.02177691058605536,-0.007918329745374816,-0.011559014034593687,0.0999929362595871,0.049242741812993075,0.13679322388894094,-0.14497759804229438,-0.22395546802241023,0.11207606645939776,-0.06117673925029496,0.056604441029492546
2022-12-21,-0.02077740817031251,0.05448552723097943,0.012917878283144616,0.012352666227918654,-0.041103427221340506,0.002102880164209052,0.20009376949486773,0.15515784478800174,0.05372807260060986,-0.1420214384998797,0.09446727900535402,-0.12879166206804113,0.08836323033113416,-0.10077325100252045,0.19813067460780492,-0.05579129184853498,-0.07324270873958286,-0.16080237953117268,-0.031867088681407404,-0.0694194467127191,0.04380871654456789,0.045650727684723946,0.04048320145080628,0.14047032099797796,0.04686338720952109,0.053924214178863186,-0.07041598813627654,-0.18515738969626738,0.012203415376076384,-0.02853797375538506,0.10393389120864588
2022-12-22,-0.08196382646051542,0.0681387819123083,-0.04322870765146991,-0.06476350586347179,-0.045085333454691796,0.09638014542893818,-0.020798064557772125,0.0800244926830402,-0.0350746650377797,-0.0043887835493075286,-0.12170732571508613,-0.14406853234052688,0.00676507587543162,-0.06220558237300929,-0.027128394317520742,0.01728613136787127,-0.03161525820534084,-0.13763676105800382,-0.150392578614567,-0.09864088466591865,0.09536563216895097,-0.014800333700421407,0.01309412053596712,0.04704888103488836,-0.03875988922797895,-0.044917112222100486,-0.0636916368248528,-0.06072511511566019,-0.04576617039690653,-0.07021140771211833,-0.11968371862640854
2022-12-23,-0.031540803137211616,-0.22239486169450395,-0.15566344640172025,-0.12580804186988942,0.1451074091597261,0.0061088574891737584,-0.35010128060924584,-0.2593883513032279,-0.07695228332411,0.06702843398256028,-0.33413220356878565,-0.18514139882848094,0.18533184778185918,-0.4121024343693243,-0.2800981757793004,0.07640392730252811,0.050135036648184805,0.06002750438221583,0.08134656836121887,0.1061818838163812,-0.06887774345007225,0.059419119335808845,0.030797267845002956,-0.17490322761892801,-0.02716735532991039,-0.12178068681289884,0.1580761654902858,0.2982680539750822,-0.12571170685265684,0.16541620469683907,0.09637368077604837
2022-12-26,0.17383315229955768,0.07543917205379932,0.17535557408856192,0.13309925221885546,0.06439406917315212,0.08194256919641232,0.028374756768289728,-0.2032425777098045,-0.1232502561010796,-0.16911411702729393,-0.04284286129510789,0.002606790526202674,-0.008841585882926249,-0.08222346486336952,0.09192033180279853,0.03906592168493049,-0.14934819075340228,-0.004428977392579547,0.1727406336648286,0.11366556072701535,-0.06555406311089607,-0.004372429091923793,-0.0633138592905309,0.08644948740488399,0.11574775494515285,0.1415888938020442,0.005006229831855071,-0.012407356567948216,0.1567460293531348,0.10347197491686955,0.1887696416269508
2022-12-27,0.15396726911993883,0.14866390987345351,0.19138261901779938,0.07727261042371857,0.024715375248780994,0.05143667400513795,0.06165066875438377,0.050553247674215575,0.02294200292252884,-0.22115966086678468,0.00687444318820667,0.08828669554668164,-0.017990579111920833,0.0559373487778691,0.10692040687129149,-0.016589407586760776,-0.13534558649795356,-0.08225766081602141,0.10574468013221656,0.048043595930569546,0.0571409592532296,0.006907217900940876,-0.030048784888728308,0.1801293730431362,0.1406286944471273,0.15420959573809834,-0.0696818778434571,-0.11750275763404533,0.1581794674216045,0.051461897964877004,0.1274702762128022
2022-12-28,0.04932298204026138,-0.1330258416887942,-0.052635588448680305,-0.16281561398117458,0.08477734291027764,0.014360915887456688,-0.1618344491551171,0.07722650736872827,0.06613500800611587,-0.08403967039834473,-0.0997761138824442,-0.08417668754542791,0.048240087498648554,-0.0652596746514582,-0.05440939564061726,0.06658152843234491,-0.09553676689416377,-0.06191844099899375,0.09901724224880426,0.14690216332870196,0.22929639812079577,0.031846895452432,0.029935611732769513,-0.09170839568600475,0.09105734754572085,0.030742376203188173,-0.06754612412347447,-0.0623942213904123,-0.010551678072023644,0.09878411003461475,0.10740085282786557
2022-12-29,-0.09327716586518152,0.1227911258078906,-0.04006739805434314,0.06621233801447453,-0.021587311958684307,-0.024735700735891306,0.0976972918492362,0.07287949828678073,0.08784001725852127,-0.024350324074782947,-0.0679378162922733,-0.009897094540143104,0.022148716206215193,-0.13701628126319187,0.015578706455314105,0.08759681379496065,0.05067031416546098,0.05600882362306211,-0.16524220759987185,-0.16623655024795725,-0.07794948960254942,0.08248286603875483,0.08266554463100774,-0.0007111259163625987,-0.03859051986479038,-0.0358212853134412,-0.16954458240080855,-0.11616814580256674,-0.06287828150845634,-0.08874442129607969,-0.12355518362321843
2022-12-30,-0.09922444635060844,-0.10514494976119203,-0.18166922926128556,-0.11518860658907212,0.06706735896568142,0.041953412605165004,-0.39446175267017103,-0.05762942731250992,-0.03268381116277827,0.1794814081624489,-0.2612659586667523,-0.16332525713790574,0.02143040087335453,-0.19172299425835118,-0.33861540553085756,0.04494113977006087,0.06277732766184621,-0.12798516706125007,-0.06739740937643951,0.004686679794006497,0.0685705442635354,0.0021011570297361304,-0.003981902181682622,-0.13147301664821695,-0.10354736477681731,-0.1522178811493332,0.12719061404112963,0.20308806259777604,-0.1461599029347723,0.07994455641272766,-0.06221720422867572
2023-01-03,-0.07013135194423728,0.16079048581398034,0.012467396792167051,0.07808593700725948,-0.11090084920823641,-0.03733273843261019,0.1603285400447672,0.09699185902812744,0.08526661770979356,-0.04257762690177562,-0.004665098745995101,0.0062882336471870946,0.02807573552629215,0.14117357337324646,0.054534599249533765,0.13751975064862718,0.022573015919641157,0.030829049300612612,-0.17452280881331889,-0.178187474532503,-0.0457938829068651,0.0654131621599281,0.06476825926320351,-0.05153123588263201,-0.10185381792302194,0.015171342320451772,-0.14176234543418142,-0.1541909343420081,0.000824425449905518,-0.12429301196936181,-0.12335650286513476
2023-01-04,0.1691122872512993,-0.14079733356996427,0.0451680329085642,-0.0764950456736742,0.12073880709775106,0.1106984382255385,-0.2658997125988246,-0.17759105111914308,-0.17963585953075217,-0.1299458218328168,-0.17800413621039446,-0.23808450920384674,0.06961704032417748,-0.13111199736544504,-0.15468276936268607,-0.002582520292887799,-0.07207565418417394,-0.11102584641604936,0.2743354810909426,0.2561720771276498,0.07343704629900889,0.006673146700064034,-0.02711424620656841,-0.04051080523290586,0.0815046596951629,0.12048245624666198,0.12492118782411786,0.2500271503510859,0.09311471080554858,0.14588039034460024,0.2464064271806008
2023-01-05,0.22117808126690486,-0.04342222987241354,0.12343448967932458,0.05822707550768542,0.1283507073289065,0.1731661098881743,-0.30177505901616114,-0.31265976781394333,-0.2257504349899018,-0.19839300918295277,-0.026599563150681547,-0.08157710884338594,-0.03061614587571298,0.13851066713674579,-0.27646589431313473,0.10304677377640968,-0.019194214402075093,-0.08626982685765665,0.2889690956519788,0.23113414460048837,-0.035642459214992976,-0.042240238213973505,-0.06556136127768059,-0.06951093809809004,0.039200186826461196,0.11459315784189053,0.042383306631265036,0.2983782221279116,0.14879402880396,0.17978245241566843,0.18256729103126387
2023-01-06,0.02177256923788102,-0.04979085208543939,-0.02013374979089055,-0.03407336780682926,0.026191761769314006,0.03698928356994691,-0.07690037751887716,-0.04639157593178961,-0.04956382190158747,0.023309522870312786,-0.08321917252235997,-0.038310990368787906,0.05239573486714723,0.03901964735622403,0.0013776242996443977,0.00804082409674665,-0.02688611257941587,-0.023931643227854318,0.042311759193731265,0.05886650403015158,-0.005211570445622964,-0.018943801058989636,0.0007202282084521142,-0.010457036237223957,0.022891844756855868,0.0014764313260073106,-0.011116826305473105,0.1281960229875678,-0.0006741779404545586,-0.028455385347775784,-0.000331144326279383
2023-01-09,0.05880789005578586,-0.14893263172112456,-0.04720463636129738,-0.10195677605066357,0.049372044364351664,-0.014679230864626075,-0.04605986523424482,0.016619670390056702,0.021419910470280804,-0.05758087555120817,0.16956087895700392,0.15276780148555155,-0.044448210029216215,0.16526460429767834,-0.07032283756487302,0.013732611459624068,-0.14476955089554847,0.010296633024291865,0.14832221316193706,0.16273974667703317,0.1302659757054559,0.057368819639338445,0.019532135929972144,-0.06424796597635728,-0.0751535656670789,0.03425823918829765,0.03959667972680668,0.1263172119351488,-0.005939104576609999,0.1261693431605315,0.17345302397884108
2023-01-10,0.20663853921377523,0.18684707217182311,0.20444350964461955,0.2151145759601111,0.10698077628712459,0.12388181196602056,-0.04586945591683895,-0.11208030147445082,-0.04790771546007509,-0.18188608088584113,-0.09029275826341533,-0.01623315382633968,0.09120404604859647,-0.05245348416284348,0.037258431532756146,-0.03119925014286142,-0.09499366724468442,-0.11095625778687752,0.1571555504360156,0.07011446395860746,-0.038288619922489275,-0.01880150390588983,-0.037044944770894275,0.15451636911688008,0.1329737429240169,0.17661495363418692,-0.009564572891911498,-0.12824484498926245,0.19153734262780236,0.057689995033849126,0.08163563780156236
2023-01-11,0.054203612176188506,0.000987245407612295,-0.02015299259904555,-0.020960540335339218,0.050955451722615376,0.09407158077737249,-0.18435947444444536,-0.13177025797944003,-0.134465959003107,-0.14455056385376105,0.12179489638992182,0.04281209715230697,0.0917556151636777,-0.0002945591237167013,-0.3073245464807208,0.049981584600906626,-0.04159557972304467,-0.015032611032769781,0.04820044668241376,0.06118789768171827,-0.014139035162374754,0.008952572544522992,-0.016372792343153565,-0.03342491135363306,-0.02223481165252737,0.003024748140867451,-0.09508369291406497,0.23367363330274346,0.016938577356157333,0.05269765302336383,0.016653559107641092
2023-01-12,0.1346440763470213,0.19011636377899085,0.17405837901670765,0.11231486033026772,0.005412553890378593,0.11133459649452922,0.07490043768131424,0.046483402378837656,0.009427678971308725,-0.17347487969195316,-0.20103191647385166,-0.08970999177973732,0.0790478993338332,-0.1220020068954929,0.20650796295263837,0.008807162519692985,-0.0410041654593028,-0.03759474404405995,0.06319164460345617,0.020078013967102102,0.05256309770550594,0.03506700594270949,0.025666975289897045,0.17173397810710075,0.12502923365910126,0.14565677072320812,-0.11661761119018679,-0.20484414939736673,0.15814840778742562,-0.06988005708855644,0.021913868167351795
2023-01-13,0.019878411629206803,0.003340119174459792,0.028728081247457047,-0.060459225052904714,-0.002413999207733303,0.22635007953788258,-0.25831937174626374,-0.16591386806234346,-0.1948563823849103,-0.08588738008287981,-0.1523462279107314,-0.14171954537777268,0.11437436932198729,-0.17709911505747897,-0.16848117566768528,0.06844806657306088,-0.009715483609264327,0.0004263495086074432,-0.014777638632566413,0.04619665609310651,0.09121579112043988,-0.06402597965777457,-0.07833064297826536,0.01577045846900181,-0.07181031590029789,0.023513122381092644,-0.09290188230012583,0.12465029507824078,0.04678983770158269,-0.04458856443413949,0.02023491191512188
2023-01-16,0.17502651034346484,0.03792671524044245,0.11854236244705064,0.0014544829939400479,0.031231204010518862,0.08936116038366756,0.0025340257687875567,-0.09316828726083694,-0.1102036216284161,-0.24459968384483116,0.16714017054787828,0.06326052752248566,-0.06748434882059196,0.06901338892285125,-0.18292092151076728,0.04121243338511639,-0.1067339992609779,0.010126435105410343,0.16494060160881027,0.1477274320033574,-0.024415191855138994,-0.005716208351078033,-0.04148979832508691,-0.008329051217626239,-0.004041987289096632,0.13074604288290154,-0.13092266192919166,0.1684753983825413,0.1505555159522201,0.05555724659232252,0.09403679091631444
2023-01-17,-0.04473225087176318,0.12379164510774676,-0.018883643696505,0.05479741763885869,0.012458618120907589,0.13303166767397587,-0.2503124258876943,-0.19015432447846295,-0.11755829873787235,-0.08414968527847419,-0.06603856437218653,-0.0928106095266282,0.14691071593891675,-0.027386252441514006,-0.26755768488287307,0.12921481992343167,0.0666348764448072,0.03218132287518856,-0.13994018655099055,-0.1122775907907185,-0.05170957833507988,-0.051753069391379164,-0.024335971011400247,-0.02441275970670998,-0.014485727768097902,-0.05710444162522259,-0.21030265264229894,0.05467035410075255,-0.017140721726716022,-0.06660555305627272,-0.17546426211394306
2023-01-18,0.07387860214946412,0.04603609621520503,0.07639477275113639,-0.059585212616545376,-0.01417853067319909,0.16307800358047037,-0.1469261361253623,-0.05114001364636996,-0.06774367162124166,-0.20007283418981925,0.14676987007093695,0.18887953932933785,0.04196096975277666,0.2031349044351968,-0.2013189396610137,0.08359846619657925,-0.05791272847693087,0.08299672340743214,0.01134339659665516,0.07711627916645365,0.11289141684601313,-0.07484097503441381,-0.0882898917933413,0.042969321844196426,0.026214622088493584,0.07277954833674723,-0.20697938074257383,0.07428470572759369,0.10900408445133036,-0.04656926354635642,0.030587111187503662
2023-01-19,-0.05326744466029857,0.05385867355779713,-0.020716767623199794,0.14510333699509906,0.13107677908600965,0.06694521946633503,-0.22412196854490882,-0.1427068759848202,-0.13159302124745292,0.10661620231931859,-0.2425085298890863,-0.25887007082666497,0.1716131329587307,-0.13603803123244676,-0.053103821468158674,-0.06413023515410285,0.12064578547132737,-0.021030430569179918,-0.08298438864108221,-0.1231887972005453,-0.1581079292638464,-0.016475419881961478,0.0304771335022918,0.1420767423033369,0.039869207863778386,-0.10381117953557976,0.11126136353326806,0.04967667390524751,-0.07475704091794698,0.036956223135821156,-0.09761280171983289
2023-01-20,-0.20856241725637864,-0.10859216765009208,-0.218672914428837,-0.058487723933030186,0.02169293669039538,-0.020742877923835057,-0.16029708143505153,-0.1661100644309402,-0.16160716451941343,0.17920489814732893,-0.08497001368548887,-0.0492222415473293,0.05213448311735066,-0.0032671142994732086,-0.18640703292565358,0.09710077836552808,0.11203028177866227,0.03589175160079252,-0.1728818071210211,-0.10814455492286953,-0.08805819857412119,0.04626638296159711,0.06473949384923991,-0.18704434660638922,-0.14309017369485216,-0.17685971771058528,0.03811849533459507,0.13547105996214592,-0.20517501847905642,-0.06266353180801981,-0.1570391890893274
2023-01-30,0.023646456182671416,0.10997915617782744,0.03623528381087937,0.14124625589240053,0.03292277420377903,0.05986889516276016,-0.13628570735558548,-0.11039763937539207,-0.1529629089237604,0.004514485624588153,0.07639641142981826,0.03144318815925522,-0.06429577988451272,0.1652867120442002,-0.1498940096810027,0.08273065174928906,0.08489012695764589,0.010567734115349196,-0.00720832772119615,-0.030856190848149213,-0.14644228030819936,-0.027271888481980915,-0.011927444208507212,-0.05577554556963045,-0.08895871909540605,0.006515735505889426,-0.06537016005119461,0.1293270953063324,0.01708556355094586,0.013036576387318201,-0.08280911693729343
2023-01-31,-0.09920357095911522,-0.05148186229362451,-0.09615437391346728,-0.07623675941732758,-0.0232624920234415,0.06828377889382921,0.01442842608471868,-0.09936914620874307,-0.09822772908330887,0.14895787706892583,0.03619413846924137,0.11156653986127062,-0.019205367610307375,-0.028702474133805268,-0.12094393605088909,-0.06472829133146145,0.006400546883768831,0.017979522340806266,-0.1182722044206095,-0.04685321104436993,-0.0018683936304553547,-0.06954999369910987,-0.046032958987223434,-0.0011893231215397706,-0.029144102260265276,-0.1299794120635455,0.019602654349646146,0.20918182317240927,-0.06684446041805202,-0.06460536914796054,-0.08130479979497557
2023-02-01,0.00480685433668693,-0.005159291386361477,0.02005586515481236,-0.007029339965092607,-0.019159783017741874,0.06104814909570402,-0.06009578722139475,-0.03264565313720138,0.03854521660310831,-0.05366087673258276,-0.10099469225929111,-0.1343445608301543,0.08012367223679237,-0.0663962884566905,0.03645215269979972,0.12209620978117998,-0.025230111456221636,-0.0532616612648487,-0.0020028495382952605,0.04711961916690795,0.10040455963862373,0.010844290103908463,0.03216160902352463,-0.12560640133376888,0.03286744319482592,0.06719041427625956,-0.03893049676538458,-0.04737925766701267,0.032917600674508704,-0.030657936352499256,0.03409603751676531
2023-02-02,-0.13676468146176607,-0.050670584358351624,-0.13383690326552558,-0.13301968206471526,-0.0421836706988969,0.008119002583168307,0.05582847223163628,-0.06410313289661168,0.03719989994645758,0.024030581070817188,0.07386065035415372,0.014603503154799741,-0.03493954516929402,0.03958820808437099,-0.18134102709167435,0.09153255062332841,0.02582272353461153,-0.08345312026387233,-0.1627504201336371,-0.06645539946409852,0.07442208777055136,-0.01103510180591304,0.0075875603012325364,-0.10680132713844544,-0.1128967008577468,-0.09326239499925922,-0.15247282476515414,0.01416951210229803,-0.10881771443035995,-0.0710857708389952,-0.11177119525556149
2023-02-03,-0.06602336309867542,0.11598070622418406,-0.0289203893015847,0.06573911691707594,-0.005349636301703476,0.053999025675712735,-0.07317434635650276,-0.10213664646672746,-0.018367670070995615,-0.04429988883950533,0.14367625252898505,0.06518741195224545,0.06741079408099297,0.0421810429255672,-0.22297058413409263,0.1365542819053532,0.09301062588889095,-0.033512113613810374,-0.15414599284087316,-0.12101415030181627,-0.05745742839887139,0.03881597391673899,0.06039621953353736,-0.07783354282916834,-0.025381231361970732,-0.032981420462371326,-0.1988421686898881,-0.052461239206128815,-0.04090087903251354,-0.041621756112415684,-0.15529449806782042
2023-02-06,0.04902652470706731,0.15092008633351664,0.08766104651769888,0.1246890571196574,0.028245812630316117,0.11593689700749704,-0.03931406598956957,-0.060839200896406744,-0.18659558813000712,-0.029936352344866086,0.07171345216873289,0.039242451415266985,0.025138239786897974,-0.037669163598489624,-0.2021465247399356,0.05568415535496228,0.05543309009953232,0.049060077122345454,-0.009916411060436945,-0.023442472513049005,-0.0867848988546295,-0.0019493819713623272,-0.04002565028843737,-0.02140225009382346,-0.04939313394229127,0.01858850132754396,-0.0724459360490747,0.15328933228437502,0.07726049539230787,-0.04739091955940731,-0.10229325964093489
2023-02-07,0.005513440844277639,0.004969978439609221,0.0017383842361432635,0.026529662706293807,0.028547983204363366,0.05216903157032592,-0.1233964226591337,-0.14857973851891504,-0.05892415952387252,-0.14392477285192604,-0.08260668743400694,-0.19495944963290265,0.06785908172071443,-0.1357815099998437,-0.016999819373991056,0.17865452651924038,-0.02864385128121982,-0.08500922021347666,0.017896071800440536,0.0025671012464929346,-0.02176064615643366,0.022974960066379564,0.040851545883469384,-0.11431311769454676,-0.001930313303533446,0.021093213554501694,-0.07761462778777783,0.0011631725631976785,-0.003410235376260141,0.003639481702494138,-0.026033021840613037
2023-02-08,0.08751355389328233,-0.05768007874493025,0.027094342501844452,-0.09064668849466373,-0.007003396787300026,0.08694546843963266,0.041583947577076674,-0.0944728195249587,-0.1745135734043154,0.010216014992994507,-0.054195090802087495,-0.09189741587708136,0.08522357718007628,-0.13797548862262246,-0.07439724016525029,-0.03964105138668099,-0.0735367245931134,0.02995934912903672,0.10076971828418542,0.15170774918032304,0.08831677981550153,-0.048990309089458874,-0.06465002369334644,0.02906723804619254,-0.03968494862973876,0.03935037350809137,-0.036056273542454796,0.2566117360911803,0.0768375395628241,0.032526591184772156,0.11883886966704223
2023-02-09,-0.02896815942971577,0.19039764559028477,0.06171704837268599,0.1046056498507662,-0.012124922169746623,0.07143910392689956,-0.18926229846133508,0.024726919222416457,0.07326937072318583,-0.16373238474566115,-0.01866367029230182,-0.03597527918985281,0.09009309131061931,-0.03275049373176636,-0.11515940940805282,0.15643531967455446,0.110477286955602,-0.14717370299455543,-0.11670146092209682,-0.1279692626503506,-0.03858472804043635,0.01816717212032501,0.012026603362187771,-0.012956574334836334,0.013426421516926471,0.027948916197670124,-0.20248157019543,-0.19767407615377192,0.02236727172344168,-0.11684913105221015,-0.14455410362449345
2023-02-10,0.023703338990537906,-0.06454717750993219,-0.0002232055163643509,-0.039143180359446965,-0.05197920874227485,-0.07069054447996784,-0.03486399598184686,0.06270868524672166,0.09386809749801792,-0.001090192854639099,-0.1052276313621325,-0.09508539358711511,-0.00947252610991805,-0.032755907776118,0.11722265969877538,0.05549776996092291,0.005151435320475454,-0.037773642596758736,0.0512940544412961,0.07749876130627259,0.08055497675504467,0.02036173892272463,0.015231729225877292,-0.08361970956245952,0.01902563864586512,0.043446067044835696,0.015734084312372373,0.001391819987356337,0.02402731045452948,-0.016637617730530806,0.08916024512662721
2023-02-13,0.1722378262354531,0.1423873546434296,0.20854278986767222,0.15637562118867737,-0.01162252405665036,0.1416118334608056,-0.14327988867434205,-0.11018834383790464,-0.09444056223126251,-0.2094920081770484,0.00656932879592169,-0.049031909562007585,0.07767389767544826,0.018504950112381475,-0.013693787871722811,0.07232144546907471,-0.04405674217510082,-0.006997957316702253,0.12282836599975304,0.09979425316874362,0.005113864746584116,-0.05832573020649908,-0.08322765252516001,0.04432041039029214,0.021462877227019225,0.17299296940630576,-0.12450447971650332,-0.006032030590437261,0.20051942118329455,-0.01689346765779282,0.0129356628613573
2023-02-14,-0.124701572183309,-0.05552709851411694,-0.1536590934106607,-0.09874806082627788,-0.04963966431392317,-0.08709047307549057,0.19813621643353393,0.06933995249176206,0.013769698949984296,0.14283033270561765,0.08790775200452948,-0.07476135117149048,0.03282834573935561,-0.07518899529205683,-0.21774086200212853,0.010513320259299304,-0.020197642451462546,-0.06834764635297388,-0.14799643849895935,-0.06202438760938149,0.05717374279661861,0.002025495796871143,0.022200354431949485,-0.11765258796989202,-0.04629961170814345,-0.07599646737448622,-0.1176565896300008,0.1183142021821286,-0.11781016997819165,-0.05508773956757555,-0.09827796909512848
2023-02-15,0.07453966737105833,0.17126140104511436,0.12399189080443976,0.08541123004034344,0.017857781287097595,0.12083786307800344,-0.32323770876957886,-0.15195045856836148,0.10524017221307104,-0.31487774139789937,-0.20022701858739278,-0.15403227521552915,0.08588263078193549,-0.10870260823352322,0.08136493893919015,0.013866233442390791,-0.0694168954721431,-0.12790375974818652,0.01608953609234576,-0.05256852344158504,0.07020620284585578,0.014547330346249606,0.042014327982363486,0.2282825481034428,-0.0059284877721977785,0.1286922856002338,-0.07527911004133285,-0.33680486766007756,0.1085465789502469,0.000961680396292751,0.05744065674337823
2023-02-16,0.06645239467198627,0.18854613590694172,0.1349635182473996,0.17126529390435702,0.0251630262068336,0.13786519718644863,-0.3012232973280746,-0.1516118677305959,-0.035097200315849536,-0.154025257969475,-0.09833548971556004,0.01186513704162259,0.06383814209988917,-0.15789202218570894,-0.08137285120991267,0.17039781144449606,0.14228980762181578,0.03359084996401373,-0.01472341394313647,-0.012374028376924088,-0.03546900656869093,-0.009587254684492735,0.020058148709982477,-0.06170511775301263,0.04674745848996822,0.07960669954195376,-0.1552922577587662,-0.220570335823594,0.09808581857221761,-0.06745634442824973,-0.14306344196223322
2023-02-17,0.24084046181468632,0.17121866255728682,0.2586729033050735,0.15112342345448945,-0.0761234705086585,0.02902726188418066,0.16082852738064046,0.15705320103271847,0.09762666527215566,-0.030809026173458237,-0.12305186361778638,-0.129781792179771,0.0132839583642195,-0.10537023621408133,0.020128291156038144,-0.14760370414490903,-0.11265163974388336,-0.1578463566251661,0.1409781182874544,0.1073400822329497,0.0028258238532150727,-0.015164716928015918,-0.06784206862850656,0.1751471291951704,-0.02561145939707745,0.22845122444720814,0.016414585617152855,0.09018443140843606,0.27625698255806164,-0.025254815219345944,0.13226921254093563
2023-02-20,0.09400226379705284,0.1344138309011884,0.123491068015578,0.17912248448896984,0.07129983782225341,0.10979873630903436,-0.09565621770039656,-0.09301706027707027,-0.1777539910729551,-0.1035866897200488,-0.12089700714831539,-0.0777871649714582,0.039437218715382145,-0.08344525167187056,-0.11893126329054893,-0.03945993877245717,-0.008001562757329397,-0.013434776969108938,0.03357293021264543,-0.010667026628977618,-0.1310043843827338,-0.03763097703152948,-0.022616967176895764,0.13647522382573635,0.05695953609143013,0.07448980048011744,-0.045831577099153094,0.08982706630366073,0.09486901912458154,0.05052437497869234,0.00900142336664015
2023-02-21,-0.02926801565527664,0.021465128479781517,-0.01456318162535238,-0.0214904746216978,-0.05131324287103448,-0.006120778932427641,-0.0017983797222830954,-0.033353583914050425,0.06975904890824229,-0.04716643598705125,0.04767693628013109,-0.013604751997673066,-0.0019830164238446263,-0.04447204270120919,-0.12207134717984558,0.1666312407086059,0.0355638108694315,-0.026081140984126075,-0.06387419735324194,0.011332578704419328,0.08261826813080224,0.025297447039843036,0.021021047456647082,-0.15819605825537877,0.011565274865373797,0.04639116774521901,-0.14110336152711114,-0.09467526980487162,0.00889130744699856,-0.02503204754648223,-0.05088899795552462
2023-02-22,0.11537745636440996,0.055593128974095955,0.09675989336279811,0.07394350353236168,0.04903025876973375,0.10312649420736202,-0.1832044469657359,-0.11821914486653905,-0.21197551272220788,-0.20199373882045463,-0.12645943670903315,-0.02297539798164722,0.04759537608501728,0.07375221846985729,-0.02179497010485134,0.15641143242934177,0.02085690336094853,-0.06320448332589702,0.11132140155396573,0.05376719345690981,-0.1127706300061185,0.012455222196209028,0.011910014437105805,-0.08124775398371077,-0.005274324400890683,0.08891989476917489,-0.09808250724371338,0.032514310867456736,0.08830927940685726,0.06141506543794158,0.02959831755596213
2023-02-23,-0.03140325757543549,0.05975666949675568,-0.03184576081252535,-0.021492318641418207,-0.016873137048525177,-0.03306338387997018,0.054589090872895006,-0.01721699037378199,0.10849917691462073,-0.023326478430701302,0.009668803831391863,-0.11955568929061626,0.10164865631644004,-0.09212579551086925,-0.17978952484893493,0.08609066747270572,0.03393110967652057,-0.002687233588120783,-0.08460285365892106,-0.028743365408589544,0.04266323985189065,0.001446998486253988,0.01380210402664036,-0.06663463770061966,0.017922662235341145,-0.029660386295413874,-0.23586514096975655,-0.10280060314045873,-0.021321342477885533,-0.04189823224426547,-0.09776334832011697
2023-02-24,0.16517508234102166,0.04167426615071563,0.12828585145691085,0.10747902228256544,0.05933340990266912,-0.014990482690711286,-0.07150433000252811,-0.026808382738877288,-0.006145754181807542,-0.22477071453369463,0.0027412465012681955,0.012215099296343044,0.010294618727892398,0.023836197275205816,0.04240785307684496,0.014508462858886545,-0.10008061178045144,-0.09662640414252954,0.17435196252739996,0.11804995397638125,0.005686473663040673,0.026484089738552596,0.007466164839536458,0.05368813669571978,-0.00590725487558752,0.14133769964001555,-0.06923024978488991,-0.06496011324091763,0.11436705805790306,0.12436102057195783,0.135681803786888
2023-02-27,-0.0974209890194885,0.08993569936547019,-0.04956675951594592,-0.01578175069847175,-0.017334423968576734,0.04508814401045053,-0.1634000918707782,-0.10079066641271858,0.09763426597731328,0.07218824005490496,-0.1878608393535928,-0.25162446478825357,0.12260510416367473,-0.2575044095381232,-0.11450077535838014,0.02973860137265005,0.048000488973483565,-0.07706921044853003,-0.17197951764609865,-0.12021414839666948,0.09530282476609164,0.05249833855628514,0.03991722112041365,0.028409221404240285,0.004911859710990209,-0.052524638340156186,-0.028881597967982255,-0.12753312517146861,-0.06432570372494838,-0.08563526334128652,-0.11921807359099308
2023-02-28,-0.04434905338929519,0.06809704883026697,-0.022703924087953412,0.007570484760646361,-0.008774569981767628,0.018459256120000628,0.09250425287398123,0.06297887124868669,0.05698679294878108,0.14051931002940893,-0.143495653536321,-0.1792620377958671,0.1091403207702096,-0.11030032291562049,-0.1075337024326598,-0.08119519458644645,0.04614040564887529,-0.0030708276821561635,-0.12212897016892117,-0.0962447250142317,-0.020547390824964817,-0.025495854568486676,-0.030172275601458874,0.0909876775751684,-0.0515253586192514,-0.023465496514569896,-0.018327754165394165,0.12347484457005624,-0.008470142993697728,-0.06952864751872156,-0.08699354224616955
2023-03-01,0.03847742297012751,0.21968635321341493,0.11488580692826056,0.11476432715651344,-0.06179218653011783,-0.006210149703635429,0.021933647937209,0.04435035889789644,0.0847134421865308,-0.1536057693196158,0.20625107080644509,0.1193388088084989,-0.04643798928255002,0.26240769702278777,-0.18286810468695167,0.028554622662091893,0.012397102466270063,-0.04943943354965619,-0.08578792566923857,-0.1025940545885603,-0.02834537218247377,-0.01289758287136862,-0.024364327722325774,0.1175288644001848,-0.0017154538792369656,0.10772641617407779,-0.18044024277261553,-0.1521275484155234,0.10713096854873567,-0.10459701569556903,-0.04662674541658159
2023-03-02,0.01563362513009579,0.1743814009301919,0.08392215860899896,0.10946398363989007,0.05373342701389689,0.11774465681546269,-0.2836139874600418,-0.2626329300383164,-0.12134103018282803,-0.1489518792746459,-0.09933047212095443,-0.11210534790451057,0.09880236343367745,-0.04855966790089024,-0.09856345194333492,-0.07037265478322369,0.07886903333282681,-0.08224089536384635,-0.061899935796963845,-0.13481584971902486,-0.12220475465109551,-0.03724486997736822,0.001625385340110995,0.22501136078587125,0.029056360513066804,0.01503640278748479,-0.019664430846903874,-0.15271275814644567,0.03582039768636052,-0.014416381378796955,-0.06301114775167155
2023-03-03,-0.0009775629102025578,-0.11376258260305641,-0.0796948651701514,-0.08167543567836426,0.03782308427259709,-0.026828145289856106,-0.1158652344595539,-0.0840433504234775,-7.215244016036922e-05,-0.1031807244967604,-0.10498142317429546,-0.14357344300748237,0.028828406013325,-0.12528468790063763,-0.11488379538283507,0.11127478111014485,-0.09394450642897716,-0.11125596844163733,0.05952135318173081,0.09250435885201626,0.05188387520989624,0.07795677056331088,0.06256895847722471,-0.13023087136814457,0.048717810469399554,-0.015212379005706605,-0.09537698421451028,-0.019968797449034185,-0.06928590931828557,0.1202022868056831,0.06489955447284605
2023-03-06,0.10122642043601766,0.14272441990046297,0.15368603822997573,0.17125966518717503,0.023018137606408966,0.09161340840579227,-0.20504073917807916,-0.15752981894805715,-0.1441676000145404,-0.3136796104247509,0.0728774519023958,0.004747962085352155,0.026496017866625747,0.06162719669197126,0.01225212619335785,0.029926104791487895,0.017911028080633128,-0.1619963623805378,0.052262425222248034,-0.04854659067096029,-0.1233291192922696,-0.007025422219315847,0.036256646238543314,0.1227666585448776,0.019855088521843024,0.09510911365728501,-0.05979254152620568,-0.25875817085087566,0.11583371080678828,0.021130548276173656,-0.001473496150487865
2023-03-07,-0.21613267548115114,-0.049199328046602896,-0.19615883548513927,-0.13470789023863505,-0.04705373181080629,-0.038745340757381876,0.11910148883186912,0.06873701382465991,0.018358486697879418,0.25799807337344133,-0.11318913538722092,-0.05951880801940253,0.026910837221780486,-0.1706028293883024,-0.12506237906875875,0.058242883241774,0.11536321400644085,-0.07388468141379062,-0.24211518518066874,-0.1395055730548737,0.012928731275716778,-0.018793794327194913,-0.023639569573632172,-0.16126422760382159,0.0024119878514437362,-0.180946502997431,-0.09430089471393775,0.112528733751501,-0.16818071152726774,-0.11520235787812266,-0.20492624936356654
2023-03-08,0.025532186161474048,0.02597166845123669,0.016256014710129357,-0.05694964515488438,-0.015048329819075413,0.13482906402123795,0.06906873163962673,0.00440722472473963,-0.08035920906547145,-0.09153524364042659,0.0056313570952284545,-0.04159329860391844,0.09246627867553148,-0.016389316380825112,-0.20974590304006618,0.22763230547432686,0.028564585097736957,-0.028498693147490022,0.0005601899400420104,0.06976074960114488,0.11116023702001748,-0.012353319488962273,-0.03303343990941671,-0.196635056800891,-0.023076220628748267,0.03864354263270893,-0.218349575564577,0.05685374900921333,0.04675218551268021,-0.0034015118482816735,-0.13153322035469922
2023-03-09,-0.060705742594253854,-0.11429115638368847,-0.07385235309411066,-0.1615339978480346,-0.00455303185747933,0.03949284675403862,-0.013119528818761128,-0.007767471714982359,0.014693879708863412,-0.12845767280263956,0.04855586003626523,0.047787559927865035,0.07723608836933603,0.08956039617433838,-0.11310764779953812,0.09754165720322051,0.018690328524860803,-0.017392937670311154,-0.015729761207358854,0.012291955815365256,0.11262934149728368,0.003449954941625382,-0.012967212017014867,-0.040322038652768316,0.025455767108094805,-0.05977651584718749,-0.13768240475278287,-0.0411672431055532,-0.055689090575482006,-0.007613304312273628,-0.03366621083457939
2023-03-10,0.0765173439111381,-0.00929841256914376,0.029288277967116715,-0.009476183337565924,-0.06029722395648745,-0.2177895290286468,0.1919212106905619,0.21851172604062943,0.3281299206261074,0.06753058877318686,0.1100221642170054,-0.13849742487162467,0.05603831621734648,-0.08566573399304075,0.19595022175289295,-0.20167693300358866,-0.1342940183799908,-0.11322823975603015,0.04647706851796288,0.055892725885075344,0.09222483312591451,0.04490584436262979,0.032011019839653286,0.14167451343853438,-0.011755147061448602,0.09065158695317449,0.055004491606146136,-0.018161261458084818,0.045175983311468076,0.032649109838070366,0.1505752095653528
2023-03-13,0.03418747493348575,-0.005476729997755101,0.052403788828545135,0.010174733632369745,-0.025658964198431812,0.05454262601494393,-0.007158787076438464,-0.003936813263796428,-0.06237286709485956,-0.18639224372316793,0.06597664086310573,0.07001724775941255,0.01855779311725475,0.03902368885076943,-0.062371863437497115,-0.06654167876496143,-0.1128133448749219,-0.0333511896097025,0.02827307268314712,0.02795649469758844,-0.03131121816476485,-0.04194352987185062,-0.030038302159446497,0.13832040341635118,0.025209016355761154,0.043365982652699364,-0.0676995443066331,-0.03123438525027912,0.04830750963212038,0.0050807750298899725,0.06352016076559096
2023-03-14,0.11470821659242852,0.33850303127316655,0.21120481744306965,0.2559020248717693,0.005876619011207534,0.1785489888211552,-0.06949926048554612,-0.17562832321721525,-0.18001723211682194,-0.15381121607369705,-0.2571984974900043,-0.19724603367968596,0.1450695938456346,-0.29923565458988094,-0.2545139958540988,0.17918872788887225,-0.010618026312256591,-0.030925706638690285,-0.04522945837018077,-0.08188129654046034,-0.12098666838190016,-0.012070358567023513,-0.023697040588020437,0.043772935957866355,0.027118610218868352,0.12188484460985169,-0.2200030428138913,-0.11716694686016076,0.16455235936744883,-0.08877003404862067,-0.19738864530932726
2023-03-15,0.08801086164144345,0.10638074102116268,0.10107401118618861,0.005796849230655402,-0.06552962685468085,-0.010269115107049495,0.033790928803786625,-0.030468736721837406,0.12726349879069468,-0.16341546697012113,0.12112586429283449,0.1564467177485167,0.007152969638254757,0.12273133746947185,-0.048241740298305184,0.021089086358296427,-0.012376098177991842,-0.022163634281424836,0.024604976485940067,0.021730392464522928,0.14283943890596473,0.022771169105062578,0.022457188127551268,0.052868609613120295,-0.022283024325452015,0.11904878598008914,-0.11852057444612334,-0.24005981465191203,0.11062352257921558,-0.0666147035803059,-0.010175639086973857
2023-03-16,-0.025720116701918178,0.14159102906692364,0.010846857615271845,0.047226731056031895,-0.07466843747725078,-0.0722715612982394,0.21705006555306874,0.21390624311254985,0.1315339327342274,0.1775970961960639,0.09615393916741367,0.06627033765679768,0.04025675236312657,-0.08105002678892635,0.03966252341960636,-0.19315371077338836,0.11270407260852049,-0.020198516869913228,-0.15571400388149678,-0.12370500720022802,-0.04227484483963678,-0.0446730423694856,-0.048482903476322954,0.14790536508347663,-0.018636874697286147,-0.033067793568136175,-0.03770172604837469,0.15947112672500263,0.011495832948783483,-0.11405818126992164,-0.13018120111459733
2023-03-17,0.06326147038134869,0.027452146300019218,0.037943427396782095,0.037300355690709136,0.04666990153625485,0.052831797018333515,-0.06338857235603815,0.0036178064035469527,-0.07473511361727606,-0.07087544781715378,-0.08775183968834938,-0.08389331374669667,0.03395276743367987,-0.01669238016826701,-0.05795134338027028,0.06741521580788691,-0.06018690541560294,-0.03585319318019349,0.058607546762231524,0.05347694756670396,-0.05757192432142177,-0.008528203867039738,-0.05751556971180392,-0.014073166728375037,-0.01217850336984127,0.018668902271531618,-0.08535777540485116,0.2384548054594172,0.05020682666410496,0.005701519583454745,0.04328021714540939
2023-03-20,-0.09906469722806001,-0.13088539748579872,-0.16045261738160074,-0.1192053870102535,0.07068266660179012,0.009701063228009192,-0.1416328880608771,-0.05871155232238146,0.009823543680277054,0.10298179866122184,-0.2772634298196711,-0.2625262278959902,0.05437840180809128,-0.19148223310053153,-0.023931818930146887,0.16503079848467045,-0.019271707066900307,-0.13063895976530407,-0.036314420627594025,0.026610040501785618,0.09055450805613044,0.061418266696122444,0.06890815413719306,-0.21596251760256605,-0.033357956337107905,-0.08281732982115274,0.011509845889252855,0.11837596604358139,-0.12824658186330581,0.017844467654917935,-0.0070063118621469375
2023-03-21,-0.022358749774572934,0.1167708063595177,-0.004508694472258853,0.04029564037807961,-0.02048462687461594,-0.006526027776558495,0.15221339071174783,0.11280076168525079,0.0789378879339218,0.05995334051523574,0.1248945196189766,0.05611868946540181,0.06108385514456879,0.09737012098775699,-0.1406270030934652,0.05521186115479685,0.02891109957480481,-0.10263692435651009,-0.10894656595668988,-0.08250379031106847,0.014072490011570918,0.028874950433008122,0.011630249143636804,-0.04334245824320478,-0.04129614269124766,0.003134175923214135,-0.1275296732842786,0.06612744770369193,0.018706700411465937,-0.05966787307789925,-0.11523894152150495
2023-03-22,0.060686398806556095,-0.002906802684811942,0.04411834744423726,-0.0021220802173253285,-0.04951961534789172,-0.042005253357015014,0.11371784805546165,0.15603987921341778,0.09865495527755079,0.009200629785377999,0.15228998405153787,0.09432873432747994,0.003579232550528614,0.05136668554823984,0.014523518687009624,-0.23087597103818888,-0.0030712510621110876,-0.005061101247011376,0.037179735960279285,0.022620511649908734,0.03284951661179251,-0.07032443743669571,-0.07705884658283371,0.19977759121469837,-0.053514931638628804,0.051814876021051656,0.01049278878726649,0.1143575704721822,0.07004981395225356,0.006354170765640154,0.06519124701832542
2023-03-23,-0.1100958749743742,-0.032768115511795134,-0.11548388741254184,-0.045916571437747335,0.003459550368023967,-0.03488745864821423,0.03744955193967439,0.07759606866001321,0.01864124818897307,0.07307788232262812,0.09116394436389384,0.2469850306160022,0.06446332888493364,0.20754128063582783,-0.07166912261301396,0.025101019080590682,0.0168839649334517,0.04320145752490735,-0.09387387255235555,-0.07510373023631998,-0.039797444488011674,0.010448086362588094,0.01081861001941197,-0.03384472928045374,-0.023475225423128923,-0.09509113135968622,0.0003150998024586799,0.1838012416396833,-0.09864823311563732,-0.06298960901820685,-0.09281559055479079
2023-03-24,-0.05141387450458585,-0.12967552735530813,-0.09358943816257706,-0.12189074340901394,0.007624333910761124,-0.034932130430351524,0.0414493398183208,0.11386860041526714,0.08156227105889868,0.10390595504307572,0.06624084697255031,0.09776586776516265,0.03895087187014884,0.10885323702467732,0.0031822722591174093,-0.07882286926237746,0.013034835762088965,0.07139247952565474,-0.013696442783913508,0.020980058002888807,0.060497035466018124,0.010489169289066482,0.03627562020502931,-0.04399956066809492,0.01620918720655873,-0.056207911694851974,0.05776922482225007,0.12257751471459825,-0.06801338982646302,0.00531742165059958,0.01010106746778151
2023-03-27,0.14642928066737373,0.14686910084525986,0.16237171852608673,0.12263888940027405,0.02500587650864587,0.09357549649303559,-0.12743179423040682,-0.2091800137275313,-0.04487152127099766,-0.2867654279704545,-0.2323560143604598,-0.2572275413044947,0.08520079120484784,-0.23192291126159828,0.07448006395248341,0.1290478981784359,-0.06479184361883511,-0.2139980243261771,0.07351459208038019,0.052186244781197134,0.02618009873656065,0.029092304445911436,0.04854095166350026,0.035911532866001065,0.04452757605133598,0.15989824768155197,-0.13823729293836357,-0.29554194040984766,0.14863878837316943,-0.004207603270638531,0.04144624613773333
2023-03-28,0.051436473780580465,-0.11410643468497741,-0.020882206483916997,-0.08220750981648378,0.03639864540543287,-0.07144632397140745,0.07085782662336355,0.07536500522986468,0.027184154894908056,0.006081015597998317,0.0667629511924018,0.010344216447035589,0.02838076523642953,-0.017941345369662673,-0.012116850413407003,-0.08376573198698523,-0.10778225487318523,-0.04807709628956492,0.1286691008101628,0.1164943204685883,0.07774805559648328,0.05397909869089925,0.014815915120370468,-0.02015414246484565,-0.0324516390549188,0.04273039106316033,0.0190305037267575,0.13933398549377543,0.009838310183196747,0.06654889137421807,0.1467040724404763
2023-03-29,0.2129123250383041,0.04208814419645732,0.19729865622912438,0.07954915441405616,0.09854636607041721,0.19076352099812258,-0.22272264713120227,-0.2363018011425038,-0.2145851321307094,-0.2880031536158917,-0.2003484966874119,-0.10529819506197406,0.0852775712191612,-0.04546382384298337,0.159147175649806,-0.0024400295761087413,-0.15132369593278056,-0.005164283281643688,0.23820019058130512,0.17753356532591438,0.011026805011659044,0.02539592948716238,-0.04106050538722208,0.1048619871639024,-0.04585324834148007,0.18633934667974822,0.02334287730490247,-0.012596628390082725,0.18644854853484238,0.0949135451925495,0.28908275213028556
2023-03-30,-0.14427125623091913,-0.024150133794482307,-0.13880789700884905,-0.01720928767525414,0.016821311490200944,-0.172468442103338,0.06276476903287698,0.10559658093726135,0.20264891918093095,0.20335970821666072,-0.07653347082184836,-0.12820158281433192,0.05819001287832911,-0.18850080460168012,-0.08077093836545458,-0.04848526371777503,-0.04254285770013496,-0.1884268334608173,-0.1473633836119757,-0.11749771886462339,0.024611932853887547,0.04807657726179251,0.0811574260754569,-0.028223648804240147,0.06225414899211505,-0.11517025231624162,0.06129724948928856,-0.004511391020883857,-0.14802281196825062,-0.020143878678685254,-0.07162435298432066
2023-03-31,-0.06612432054921859,0.0017014955394078124,-0.08281496908638876,-0.08934940779570742,-0.02630096439226106,-0.08250891946784834,0.1529455778086811,0.2097884189734412,0.16916478761558315,0.22144658147517363,0.04278006888859383,-0.08428175246063957,0.028627344403848936,-0.14312358883131637,-0.013833234139914106,-0.21429342223636383,-0.003866193734570905,-0.22692739307031032,-0.09668027717160661,-0.07997603095488054,0.035162320801072795,-0.012510363804654395,-0.0067671216550220775,0.10077903236415028,-0.014388389305409801,-0.07342764737542119,0.04471933666896071,0.159830646018021,-0.0540508555184054,-0.06040719503347619,-0.05034967802789739
2023-04-03,0.10269319564244767,0.12524220490382093,0.1178946467195137,0.044252023298785755,-0.06866724691651029,-0.05067387574329177,0.26986294013548345,0.08366702164773088,0.08643522925399752,-0.09571206936381153,0.15703334373812536,0.17599035981294273,-0.04772154387533632,0.14394668546210912,0.16576772808648396,-0.22555484316466862,-0.09491484981065244,0.014938545463637671,0.037086065444271704,-0.005355898344858633,0.0665612552982347,-0.012898885557068345,-0.004359633797647141,0.28643029063752845,-0.052553548791402116,0.1397925535075918,-0.0557307945436121,-0.22329562110994042,0.09975583685949337,0.027870237315439646,0.07859441318722245
2023-04-04,0.1026413507928521,-0.09587438585217829,0.055802532027564584,-0.04448869244095676,0.021455999037187482,0.053846130810639506,-0.036069664002424257,-0.01134700492230962,-0.030443732060144345,-0.016304485346045585,-0.0019265903546544822,0.037490949773391784,-0.08688978863367579,-0.02698576629848056,0.09358511594891437,-0.06764722501396402,-0.07116938055900965,0.07602321051611027,0.1691588878220018,0.15943122592175388,0.07606188725516957,-0.04251856206884944,-0.06767326056022323,-0.006473848847950165,-0.03385561749711627,0.05000604099645925,0.017403534705719113,0.11019248494355677,0.0019900378244484362,0.1279628234496554,0.1251712135861496
2023-04-06,-0.10831813788632938,-0.016722699266875127,-0.08590631921495304,-0.07752176001906151,-0.001983750307738853,0.0480418805173936,-0.11537620731882037,-0.11746846677007391,-0.004002390438963329,-0.009057961141953683,-0.16862337554917542,-0.2363042796678967,0.13420029178990253,-0.20799648501596843,-0.08344824038893606,0.12266969029153532,0.00497582897046989,-0.02071781935038545,-0.11012901396664354,-0.06600219810620189,0.10894046208786538,0.000701835397557005,0.020555590452966434,-0.0966260363733438,0.005774367739025903,-0.07455353963999242,0.07105148284495384,-0.023432890013217633,-0.10340682000780424,-0.012558114482218835,-0.02852108775184609
2023-04-07,0.252349091764559,0.10335777238903539,0.2267326777913654,0.0991446074984678,0.13248040265031194,0.19029806646343772,-0.14025035782353323,-0.17146618544405454,-0.24573562646574915,-0.32247853799536996,-0.0915507828422902,-0.189457301385287,-0.05702664891487376,0.0008329571982774856,0.13111391965164057,-0.00259084144026598,-0.09448156026539906,-0.15943214291767152,0.21483870876789163,0.16209261849092835,-0.013296120040564649,0.01505136360544564,-0.019692977139168778,0.07752151568898855,-0.07451464155014755,0.18817437793578254,-0.09471063174725557,-0.01675453208266036,0.20531405338379266,0.15549365311999722,0.19542979435286673
2023-04-10,-0.011679414635703772,0.08454408108145242,0.03459903715054332,0.05682462404786948,-0.04031029183600076,-0.08868625510213099,0.14818808061669442,0.1343084713478339,0.15007464592454683,0.11355835228341399,0.031671828017224936,-0.044347173637161175,0.07205351413641951,-0.10603990726791683,-0.047089912465847386,-0.14788660843525844,-0.04919523001442756,-0.051216650231971854,-0.08723289463493766,-0.0938851304850431,-0.016318965246014797,-0.002408301917921235,-0.022394105937015477,0.14720346134736942,0.03623532912453267,0.005580830873762883,0.08961957272792766,-0.0017453629787969143,0.010491557735864271,-0.022342681743632437,-0.041989687151717574
2023-04-11,-0.09679767958472474,0.09941220454748975,-0.07364043653441182,-0.010889939115933526,-0.10670239764685702,-0.14622463698961316,0.22632068782528794,0.28508347588101685,0.2322104546657106,0.22860220067764453,0.01311641755755852,-0.10782096248271522,0.04769869464179338,-0.14538582621365242,-0.2561797672860698,-0.005606744926410967,0.03928542063062395,-0.009287173566361955,-0.17111882502256262,-0.12593282394942265,-0.0008762837274841534,-0.03248218556170054,-0.023448798617960787,-0.02822532996116721,-0.025028019281488716,-0.04516333130347286,-0.07908534239558386,0.13118142455394255,-0.060230305900380934,-0.1725979002696679,-0.19781129116059765
2023-04-12,0.032378822752288136,0.16371651018114833,0.09260292093230506,0.08085709995998223,0.03812172659847596,0.1128392709443564,-0.06544681779253064,-0.1501058799421383,-0.10849158245716017,-0.21934229644061817,-0.0865864823125515,-0.05168842732866356,0.019722203937344297,0.05117081884121693,0.14380337252679345,0.18861867725344253,-0.02761907668232176,-0.0459301520552401,-0.035380532857598505,-0.06299811656718932,0.07001722455496542,0.04877489672969846,0.0749615910833891,-0.01059659047765474,0.05596319034770729,0.0759382368221008,-0.012234779884145043,-0.37792436187362555,0.07842753735240092,-0.06867668464754378,-0.03863503584825681
2023-04-13,0.13363127442093742,0.006894802631679021,0.09021958086104591,0.03534292786066812,0.09958387043266234,0.1453251731185458,-0.09704028210912775,-0.051050767666871,-0.13071780556507828,-0.012165535728312402,-0.14776123068544036,-0.16121000888254505,0.05654458916678489,-0.15873114285480322,-0.0233263463057935,-0.038065582501103035,0.0006151325363116838,-0.024236056996898774,0.14423953623691138,0.12870290987365587,-0.03982767228710608,-0.009804339019907212,-0.02923761950060743,-0.0030424569542103963,-0.009308815558886937,0.022099431643752727,-0.030656026741929614,0.14949155522774926,0.11155475851073532,0.007942367340403617,0.04223775142866332
2023-04-14,0.2757148062957778,0.19837557963880578,0.27075687307342133,0.19537028158119535,0.09217007690434309,0.21459477603811994,-0.19670969867741323,-0.20656429738995857,-0.18289326365062983,-0.3545606748805699,-0.14240907086746887,0.0014645564098704706,0.0666017081766361,-0.008586579926359132,0.17643513577413542,0.10180686482630003,-0.004034658538691119,0.07825278277989149,0.19347609369768393,0.1297113727687349,-0.07133496553147492,0.05611849846881922,0.0013102062800093642,0.06238049870142153,-0.011617800391984325,0.21377144870028225,-0.0974932837160618,-0.11197406242087568,0.2790542239554667,0.09759660744773008,0.14510973175441275
2023-04-17,0.22632695029289412,0.060060382226857084,0.17890370467458477,0.11895631700597434,0.08034015780811449,0.036408710717121096,0.014211025400633648,-0.04993764946397592,-0.0053734410802814886,-0.18425656262946377,0.06924144263619374,0.005167756924948857,-0.001899184186462588,0.08052348977534392,0.1654757507070429,-0.03748159034178059,-0.10776236263237253,-0.06089246085584445,0.20750222470969942,0.16269833802199418,0.029332806343291426,0.06224635048621174,-0.00848928675107024,0.06087224459449982,-0.01071847843511077,0.17679969074238508,0.004039011500142925,-0.06867537140956989,0.1934627857098697,0.13574907568349598,0.17158586013952415
2023-04-18,-0.028500638984491188,-0.0023109776039748633,-0.06460363524294786,-0.042040484101920135,0.03322043880793458,-0.17569424531969063,0.2755237584601865,0.2708703663687747,0.2051755730106931,0.13572209257578424,0.03615933319668342,0.005295433690177771,-0.06462632366310242,-0.08647725627785953,-0.04794360007120688,-0.046253307813159755,-0.05170769169202352,-0.04332748141535434,-0.03205848680713006,-0.028287774543643958,0.004306417567992733,0.029400960981045512,0.016566808208123417,-0.04279497999670493,-0.018305011883252145,-0.028690627434670078,-0.08468625323442275,-0.011916461232427554,-0.02115444823384734,-0.05098340718168345,-0.05182395247933349
2023-04-19,0.03118325117376089,0.09383605992391938,0.004913866495037726,0.018580283926344646,-0.10125417822119614,-0.2604242175963237,0.43682303571883224,0.40798978652052503,0.3407578212389437,0.16454678129662825,0.2162651104677647,-0.03480586883415175,-0.06296549783369541,0.14117255693790795,-0.04597266428363782,-0.17588192329472585,-0.1244630244342564,-0.11569230260877203,-0.012145952050240964,-0.045057273860369444,0.013281990845037941,0.07159419827660116,0.01211036871312098,0.09983097241103564,-0.0686652119651563,0.07135927235931487,-0.02421153435433464,0.029162754514656473,0.02370364961008548,0.024653627344353887,0.021345613388279932
2023-04-20,0.18608070494904666,0.10772754742877623,0.18468644600662604,0.11617795331796789,0.1042446581853373,0.17432438717709167,-0.1355507907248225,-0.17804882783943266,-0.16335720513259674,-0.38594769412605545,-0.012239364629107087,0.0720722588159102,-0.006592190224374897,-0.1142920288381119,0.2511091300863983,0.14350119263904937,-0.05173562341188641,0.05677745965410261,0.14647896002364572,0.11484951898593916,0.06337330477132681,0.05217726396095565,0.060407226859504407,0.015478634908437585,0.06567148649047867,0.1480686789271016,-0.07478158522407032,-0.37455183103680806,0.18430804970256087,0.03191590315586537,0.0853976888567254
2023-04-21,-0.017772719829455996,0.08344481087472545,-0.019057250497800337,0.03452955374814149,0.048988363357772485,-0.035829999961079995,0.021912736599889,0.05941108593508788,0.027672174984238285,0.06407796234678216,-0.03437791996148118,-0.004832316345546865,0.06766608209688327,0.004437920025237791,-0.13111333360462055,0.054806419552529594,0.06602287586929863,-0.02269634446646018,-0.04931914622413093,-0.07094150320308401,0.006755170866888541,0.09608083286010452,0.10825326997840493,-0.0338509671541094,-0.005479295057470429,-0.029806235714564616,-0.009024394204893564,-0.053918184203121354,-0.006124420573782834,-0.13528648890779724,-0.15563717874277208
2023-04-24,0.12983189309364535,0.17338665882570495,0.15444541288998198,0.11800190571492455,-0.02986540535272718,-0.09355846511200469,0.16649929460608257,0.12497513786179808,0.1590141008132597,-0.26192201760667855,0.12475321842438274,0.18226346877833877,0.022416552496175805,0.035066586073054476,0.14902746607232026,-0.026210660142091106,-0.09842073937307239,0.10087281374132231,0.08709078194484134,-0.0032824205392304657,-0.014746294788404782,0.10697227822585166,0.07327810711436028,0.14289543845311703,-0.017226583157202713,0.1803709859458553,-0.1149940256254385,-0.2384427183923198,0.11510731326190879,0.10259351200082954,0.10801644926126726
2023-04-25,0.05593570914266626,0.031154156042261377,0.04120626808587033,0.06317126710014083,0.1792591465584708,0.24553743234505312,-0.4000382474993907,-0.3386922390580634,-0.30075482662119374,-0.1540889766798443,-0.22919379795324457,-0.1233486875725226,0.04850652822120056,-0.06623656596760698,-0.051572520828752036,0.23617244824383749,0.012526707299583098,0.06192345471494898,0.06706262853223738,0.06566750524106847,-0.040167394720531234,0.07956795315009439,0.03979012879960529,-0.1768087825307401,0.05192864564269211,-4.642994237769976e-05,-0.09220998539336087,-0.03895669815891637,0.026019064346427853,-0.00890228008858165,-0.033899173006846126
2023-04-26,0.12374261613613298,0.10011931394450845,0.08987955233420918,0.037239530607142704,0.044490095479312444,0.059983565696532556,-0.02920376855266853,-0.024388793422346174,-0.045946047550642063,-0.2897163529126095,0.046528712202386496,0.06898951139046748,0.004297480713216369,0.027652413173110454,0.041721480093926906,0.16056509105163594,-0.13772443194091222,0.0784598310498817,0.14182973285829512,0.06182324491693648,0.08314338080707855,0.15246050848182152,0.1188835924756064,-0.06604441296124694,0.020232609077689784,0.1561817481867395,-0.18864630918108602,-0.20622504217152723,0.08976394053235728,0.05516179338004614,0.05460311912051017
2023-04-27,-0.18332650463498987,0.034406460778352424,-0.20128769895960313,-0.042195209862834496,-0.05895450745751732,-0.13831459393200682,0.032119130554557514,0.09306750602940778,0.1336339683238334,0.28609460638166406,-0.2521240350805029,-0.2629914920257271,0.03029273896955981,-0.27171606912400187,-0.21942196631098368,-0.014408960442169534,0.10098986299261749,-0.18663998231886553,-0.1611017406705749,-0.20509720109730042,-0.030478116642844166,0.16045239708807232,0.14547219108191978,-0.004008284851987847,-0.002421864442281923,-0.11013497272945247,0.0473993547549416,0.08925424533090133,-0.19871393053775277,-0.14523401674394582,-0.23146178579915908
2023-04-28,-0.015789268118024006,0.2263634389786304,-0.028674196269053896,0.0843235662813629,-0.03125043500542185,-0.15682063917609945,0.17895798674937136,0.15582022812070312,0.1560450039796611,-0.09584266707982679,0.34521906566645244,0.3454507007460141,-0.013564838806605917,0.3302557917648048,-0.035182005893974876,0.06620155791218316,0.024353011309882076,0.07511623356353715,0.07760710047764019,-0.1526375393735141,-0.027297071152245285,0.26616702477623155,0.2095494513605932,0.04057944735664643,0.033018250338191064,0.03304469148430742,-0.12173647476886305,-0.1667024147283894,-0.05264235570293075,-0.1449656850100379,-0.1893727794248846
2023-05-04,-0.07484838471499607,0.17914537037174277,-0.03319497398125573,0.053312982049347514,-0.06882998054436706,-0.09404703537131366,0.10690110480635334,0.10538795713575523,0.13909249996720596,-0.13387446025798455,0.18290165036808662,0.18015672781823996,-0.06527030622817843,0.23654346496877315,-0.06423125917560793,0.06101253355799669,0.01667388667158845,0.06989918613898437,-0.10207874759880171,-0.20111490748997363,-0.0394390894530673,0.17109958673378192,0.14144603105318354,0.0560947720862264,0.02387725904067926,0.06605389746483543,-0.08571466619151487,-0.09860339039150418,-0.08710675680490744,-0.05824329459310955,-0.1097502573790594
2023-05-05,0.14668574753859573,0.18285008498693972,0.15349143554158756,0.08253470861235224,-0.041123137506150105,0.046003318546700055,0.04256859487820548,0.06179576085003492,0.0440407180117556,0.00922857860507548,0.0054058677306885764,-0.038328762672417756,0.04952405833866026,0.07415796172448717,-0.03380190561428325,-0.12921931646925694,-0.01503802411500846,0.05861418554576942,-0.00886467441483783,0.030076126174274048,-0.042128275354352665,-0.06489445046358021,-0.04896455643151684,0.17524879258012344,-0.045285092224786876,0.11762653832971175,-0.06712443834193246,0.18417139065034444,0.1616666033733301,-0.000782229518483781,0.014834413634002322
2023-05-08,0.1141735543797459,0.24852317844373523,0.17954292988986512,0.1827066947568059,-0.028485107802090997,0.10283650273557655,0.03566805942300233,0.029974606552575167,0.01216470565926881,-0.27371977998825686,0.09366952841293376,0.0762188918586759,-0.0391743330380965,0.15170714508713154,-0.011486523246330484,0.004117445942985001,-0.006661510879564865,0.02907043196933619,0.005124270486213124,-0.021384961678191622,-0.10745625377133303,-0.027970054567600555,-0.02744771338965676,0.2004383323085489,0.05585288177649779,0.13738872352007725,-0.17716055562961203,-0.08871807478404016,0.13320606802012463,-0.03926251812670392,-0.017261103306937114
2023-05-09,-0.042079239911135075,-0.0781989545144524,-0.06016571309641734,-0.0031605256894936453,0.0716832622574896,0.2200818318757098,-0.28035086333388853,-0.31580904065571497,-0.26922529947731627,-0.009965323998001357,-0.1743375220138773,-0.17014275478828464,0.11665774759603818,-0.23842188200322675,-0.20122222853868682,0.2624565608205337,0.13347380236979248,0.012823668142382292,-0.03661557681540343,0.03537759206905659,-0.03571194268472621,-0.04990775968786025,-0.10060069681664038,-0.22274972419163008,0.06354357591215819,-0.052782936343412364,-0.050307412943505415,0.24007262238566807,-0.0325686055533823,-0.01113470799607135,-0.024770071196668658
2023-05-10,-0.14835877376583345,0.05041724367285677,-0.12516357554031476,-0.01770459401759277,-0.015565439087975143,0.04096053369596655,-0.11185903300417034,-0.13268533108928204,-0.11900708368142908,-0.013493133124457504,0.03565998928905112,0.035797415823284856,0.046943792468480766,-0.024299697961505808,-0.22363489432745906,0.22525255166016017,0.09955592227449081,-0.044038601901452125,-0.15769037907557582,-0.14297326777092326,-0.04727197138454174,0.023635307595667624,0.006318414299259155,-0.16233943234904924,0.08819391451944493,-0.09294116691103031,-0.0802972690938664,0.01557743388729249,-0.13825115120800704,-0.14957892715187338,-0.1859613504295304
2023-05-11,0.062779693537131,0.10568733662756034,0.06327409172429055,0.02658159621837979,0.019698426109591233,0.023876813294673005,0.06785835363738865,0.07224330610159393,0.026914193412104537,-0.22102797829424453,0.08708505728719307,-0.041273516005167904,0.010917814093002081,-0.04858684287166401,0.040197107081716206,0.19615739580303942,0.017775271412720194,-0.0240045746167827,0.06554850675463535,0.03314124842759814,0.08667378428765983,0.0711252395281971,0.06743127619044197,-0.12664859746222207,0.0690267889575939,0.08488842230764626,-0.1606638528936525,-0.27318678007256536,0.0461043119247427,-0.045074184503629704,-0.033516130645200995
2023-05-12,0.14947611645705763,-0.09457582203622909,0.11758515963838222,-0.05003470214533725,0.1284895771937318,0.2687440391723941,-0.19287896013744735,-0.24437098358148204,-0.19474191526339674,-0.037889706331676105,-0.16451683724538857,-0.007233881264574268,0.03748387137388047,-0.07844098361505862,-0.041386409559951036,0.06321779857871793,-0.008766844763801391,-0.0167296090715444,0.15428021358408436,0.20119364172186419,0.012300461884506658,-0.11963126937456765,-0.1257987891501959,-0.053272655348659735,-0.01638864688629798,0.044922372045991955,-0.044802377943847865,0.2249989755272073,0.15937096985618407,0.09873020727676204,0.14190969674633078
2023-05-15,0.1410245350203231,-0.004607611006594678,0.1159552279900833,-0.01813318439507209,0.05192049711633974,0.22518453671251748,-0.09633323153818082,-0.16081575022342343,-0.1777972748329311,-0.23009066529021005,0.07369769161585775,0.2068504629631467,0.06299823994897487,0.29581482011207966,-0.1069143575308037,0.23064909773528142,0.03527392808788587,0.03151125037428858,0.1392522089389138,0.18380512227584167,0.08361606798809457,-0.07351326152952964,-0.06952703104465595,-0.14753055753748312,-0.02263948222996291,0.08966908770852448,-0.18988097589171726,0.007483946673097798,0.1438331957555705,0.0007087308970027874,0.05356075146213886
2023-05-16,-0.17327302254496524,-0.07701287248387967,-0.19161405304209295,-0.08056859483824562,-0.01392118862412499,-0.00570575535960489,-0.13261417252598204,-0.11583770529536316,-0.02858578077236301,0.15512270887708374,-0.046503747630627784,0.02556022624349241,0.08921025094255536,-0.02199515791867789,-0.25184081863921315,0.2077211024166976,0.1432414860236018,0.03456053236027352,-0.2130108697050087,-0.0944282558165253,-0.04238256527642954,0.003250057602186389,-0.00046856182219043985,-0.22704699578729165,0.04933110060567878,-0.1429714718243405,-0.1778353101080786,0.1960750518784373,-0.17202936645122535,-0.12727080504885918,-0.20634179727157753
2023-05-17,-0.06456445378677789,-0.05599337002368666,-0.1229109535164327,-0.08418245398652226,-0.02992383289543363,-0.1479292787324694,0.08853353398052395,0.15240011227075945,0.18260489490685597,0.1688174481037921,-0.08940718296070238,-0.10074368178578966,0.09927335619965169,-0.01037837896019225,-0.09428389390361887,0.02894912362196658,0.0521044460923621,-0.04074308960151317,-0.08818216234060318,-0.032511591528792114,0.039124304339214766,0.015783116356968753,0.027635947283837392,-0.1280654344463412,-0.02801364271806073,-0.03303992992228559,-0.05615766851621298,0.19306801826856543,-0.06741160964579312,-0.039228660944758395,-0.07479788393741474
2023-05-18,0.00295211400961409,-0.20587299192360806,-0.04139479092345658,-0.13558402012332543,0.045939021363893044,0.18296181803039618,-0.19159654070673604,-0.21461232545429196,-0.17861973766451114,-0.10097955484447048,-0.16339674910543947,0.14568167718238254,0.06229247359491893,0.12703955655424126,-0.0750418223893107,0.18960611589344603,-0.005593839702834738,0.07245578640059831,0.05447057500433062,0.1783935833089255,0.13707977107059144,-0.1163140435931818,-0.08296427684022299,-0.20729716575108684,-0.004918308941372703,0.005595566116501705,-0.0979179256459591,-0.004815618717359817,0.01887079252282567,0.06496749542231084,0.09246551142113676
2023-05-19,0.09151725864252583,-0.005413129721742651,0.0909963895971875,0.013459994526452381,0.044565489423318665,0.20716903720031596,-0.14994531483113135,-0.23934332122741095,-0.15212109368532337,-0.22156128100367659,0.03440239037492281,0.11215309840830705,-0.0075666392487559325,0.017177269518763826,-0.10833551278967922,0.17507545418986292,0.027298384176107693,0.028378380674766505,0.09504019626619768,0.12024986301444361,0.00042785548515662775,-0.04489966484586375,-0.06835686363848827,-0.18650216465357286,0.008540002831141006,0.0744753804888669,-0.1242859099784951,-0.07452192273116398,0.09810707854943833,0.029275120133580558,0.03241133274891695
2023-05-22,0.004801745779140573,-0.03677810759605973,-0.004087102922927072,-0.014265351086483616,-0.004289016883342224,0.19239670741708273,-0.19189754706541823,-0.2603181860918383,-0.3075591516533447,-0.21428516816505253,0.022904060702966113,0.11222395045134843,0.04033849482027306,0.13452762263956797,-0.14243503458121826,0.22403000947259263,0.0385057842564518,0.00025688307535144954,0.013734817280497176,0.05493240857625249,0.06193587933091471,-0.07170032369408333,-0.06983317431463315,-0.17939244210067354,0.05736030775999076,0.030681440371465696,-0.0863548173316489,-0.16403519077474177,0.020398797012213317,-0.11616284635896264,-0.05819407034423853
2023-05-23,-0.10033241327024155,-0.17406208329389816,-0.14205142115778646,-0.1603856544273806,-0.021292789158070792,-0.02161553535129461,-0.05032307140307734,0.037045652659337,0.019454658141072563,0.16595177076552675,0.10090764541737486,0.20518644018533824,-0.049367945640415314,0.031153143684973832,-0.16319554472779976,0.07320940598970933,0.11708216376352529,0.05454138370517978,-0.10032703931336612,0.04162404201029258,5.068641995839621e-06,-0.05631636197888663,-0.08043544357251384,-0.23288646445573555,0.0317777752465142,-0.11034415226190175,-0.10323443459140547,0.30820813209325765,-0.0936415709466614,-0.04304829084812225,-0.08452197948123864
2023-05-24,0.05333571739846663,0.029411015148754244,0.05037536788540684,0.018646550890077208,0.033889217809653004,0.022229021819710194,0.0709433259740922,0.03437798440962087,-0.01849378051117068,-0.04424680126234767,0.19530986435496206,-0.03063618404578711,0.04646415973921812,-0.0007190033903197989,-0.08212999066432015,0.07699143661175857,0.02210491324723867,-0.06229187713442342,0.02279822602025378,0.020280989507237102,-0.0663748980023428,-0.008233253502254062,-0.028664081939684616,-0.06554974207832072,-0.015839196103530934,0.02867990134291626,-0.15270255196539345,0.1398597342633038,0.043703308837709724,0.000821200801710202,-0.03742753116678482
2023-05-25,-0.014574434990465712,0.04198944017046836,-0.029837325545504636,-0.011091870078021905,-0.025011130344954863,-0.16746183574332385,0.05207774980204257,0.210347733657627,0.21135878394264687,0.05546550762010313,-0.12158122624858542,-0.1797277202336151,0.12260411526411782,-0.1372848872691785,0.04025131078411731,-0.05275343846387631,-0.09873708365001636,0.08942761422989082,-0.040669571912042,-0.04676895805617972,0.07819231879052894,0.06262542058170004,0.04992436890244836,0.030482532057553444,-0.02254775219921217,0.054100203104461106,-0.008451861962744821,0.019323441188037464,-0.025416814906904096,0.07449876331179309,0.05116018549733495
2023-05-26,0.13466548265432063,0.06133271795969863,0.12100874695804978,-0.014008473310073547,0.031019080489450818,-0.10728027984215065,0.1393781976684763,0.2690894872620424,0.2128414276788776,-0.0005476401453903164,-0.03950546760327577,-0.06740860988297138,0.06646699960462948,0.06901321775276444,0.0813746118883647,-0.10408420585983966,-0.0882501299387997,0.08684517286453304,0.11186298887975653,0.11665238715615607,0.11059976428899257,-0.016751817676353656,-0.01133634751223845,0.06983446876130894,-0.018069822858332626,0.12097962181575608,-0.009772601792498217,-0.012919374708325004,0.12563052274214936,0.07666750852140504,0.10284172152249045
2023-05-29,-0.10146720809353305,0.0227134908318941,-0.09713154969564744,0.005154710553060735,-0.03042665900028651,-0.16243616730256394,0.03267802424901278,0.18800321226767402,0.20207167964154557,0.2289566122434032,-0.03075906653261003,0.00424334406733105,0.08546234922947585,0.10494273657099948,-0.037108180849115775,-0.10769726434128939,0.05402588522431939,0.07400729182954492,-0.14206835375333116,-0.14314994995491054,-0.04506681079377556,0.0671554483305468,0.06409246579017507,0.06302110108191734,-0.00474980581281536,-0.06508681586982194,0.052564303640804576,0.1759472532284192,-0.10925168005468987,-0.002856209076381903,-0.06794201079366856
2023-05-30,-0.16978991554278747,-0.05701535865328817,-0.1864069547082803,-0.07670783462607535,-0.08723589616610448,-0.21014707313672884,-0.010514286002763426,0.14137447109015977,0.15491513015520222,0.13524068023995592,0.026538003669599457,0.12290048374820732,0.05525878096490393,0.15803790470882975,-0.1275401994751705,-0.06453629174477853,0.06097678587822164,0.12007373887972758,-0.133405120083014,-0.1667401327783839,0.005410851656307623,0.10626077277701108,0.11484511484581109,0.05625384818235878,0.02664161197383944,-0.07385952144319688,0.05870273617693475,0.05489234884437937,-0.18259266461050586,0.019988500042696904,-0.0717541067017044
2023-05-31,-0.07037537188170942,-0.03514036549236832,-0.0861029492783569,-0.015730386262504406,0.00890517961679255,0.007748642765022957,-0.12605381539673768,-0.05308268899538024,0.06310872419731428,0.14515768606443333,-0.1598443957991343,-0.057468660604730666,0.07505876189796944,-0.0012837265156181122,0.02387531867200336,-0.04194599656476139,0.016998133571420184,0.1028174771867987,-0.09211683669011785,-0.05584536962822022,-0.027114283428568288,0.0007543363671555092,0.005469353851663949,0.024085958306154974,-0.05283378064850177,-0.06578515281609806,0.0987995834201353,0.16215593635943806,-0.06295335280068297,0.013103497132722554,-0.009482542331809994
2023-06-01,0.0815666969328737,0.12680069792562754,0.1403746369955065,0.19260184323402654,0.07178614407390338,0.3446385377103151,-0.3726149535713821,-0.42276336248317664,-0.37275392270064855,-0.15528140713708383,-0.364829914855059,-0.3394925583217267,0.11829024778936925,-0.25638807683224524,0.12482324744786481,0.08321528041813245,0.02454092100938596,-0.049602894577765094,0.0043461983573931315,0.010150533846455593,-0.13958008670592462,-0.06761331430954678,-0.08701223651917789,0.040550489785391566,-0.014210333525537893,0.03462961400387086,0.08196626878254717,0.05672609346306368,0.1086253050168823,0.013051917432295512,0.05245645589241982
2023-06-02,-0.07252387504534781,0.018482905644315935,-0.1099454733078392,-0.028008390332402516,-0.03741515027875147,-0.2305539757469794,0.1408637516827363,0.22132662696066044,0.21253054650626496,0.20197996444629304,0.029318316219094264,0.06117285343689402,0.025799274193355277,-0.05965432125059648,-0.14910005860973538,-0.02013906912049538,-0.019556221908182007,-0.06256670683588321,-0.04439449597094195,-0.08217054252203462,0.0051162886066302244,0.08619777888457685,0.09855355976301684,-0.10967807877849932,0.022960992814506833,-0.03915518047195008,0.004284354622259662,-0.017848018906783638,-0.09442009624373755,-0.10302595370617948,-0.1497809583386791
2023-06-05,0.09946838972692111,0.13461666025419008,0.12002186852299518,0.13361473748525501,0.036594089519236005,0.04520122989823692,0.014218656574223587,-0.0434180107265878,-0.06742043969468267,-0.1948511060630751,-0.20189611517300698,0.010848317282151163,-0.04319256963613547,0.06844140476027298,0.07376770409528093,0.015391690897731585,0.028817238786686208,0.0929534990579225,0.08802021256176136,-0.006618787553468937,-0.04884938819554274,0.051021403107759156,0.07273542706342367,0.056374527590349666,-0.021125198601457625,0.08570518686933207,0.04026545722866797,-0.25487571513237334,0.09231246008301688,-0.006537556592236326,0.005416495866063506
2023-06-06,-0.17800737386362206,0.0025407949132255467,-0.18538370188899236,-0.08986107842080451,-0.10733073517738656,-0.3300190769417077,0.11881450447423031,0.25555081082102726,0.25799071534501744,0.23925035109927956,0.1732718870313719,0.13734026665298166,0.023159266527658665,0.08268638420504872,-0.1855119958365328,-0.08814102765150043,-0.028551530673357136,-0.026210933912570535,-0.15982021637959382,-0.20343827033474532,0.009480718898787087,0.13878628627131193,0.1694869128540952,-0.015904711225636175,-0.03079400510705686,-0.07491106120986275,0.03309268188981228,-0.02645475823524803,-0.19732044321823886,-0.055109132602448194,-0.15013491604235746
2023-06-07,0.14766635643386838,0.2864753441056764,0.21866889263842273,0.24176825713145925,0.04240159656662437,0.1194552359953242,-0.02564228733925096,-0.08184799155982876,-0.10636717696085539,-0.2831912020527533,-0.11503856989477093,0.041941154376658706,0.013612614521959665,0.10175423729818271,0.034687444812901265,0.02395689082989036,-0.0381270814404522,0.0896643638116796,0.0349319519855692,-0.06271845485664655,-0.13292572117548504,0.0033968387224935924,0.03695839443503672,0.17717471768834317,-0.05599972774313691,0.14203751570266693,-0.0543257993914992,-0.17623305328325867,0.1529201981132406,-0.024007839857992475,-0.010795509134113828
2023-06-08,0.01747127841199627,-0.11255483748231006,-0.025144633009482196,-0.08731231365084342,0.08719037039509187,-0.043104594856529614,0.033390423742670886,0.11108219456938824,0.147904855972444,0.19564293811804226,-0.04378374113390656,-0.23049075279818335,0.02797964123682559,-0.18792484383576324,-0.07761394830503512,-0.18399225779168038,-0.03568832061577175,-0.1911112236400283,0.05492102362269234,0.08982543380239824,0.05954723515736729,-0.022669860648936113,-0.02121659018838232,0.0796026206561692,0.019694818793950013,-0.02836911909081296,0.12274425955583536,0.22263367781189686,0.0002968802650863873,0.06375499575635118,0.0710094433665566
2023-06-09,-0.0334766605203751,-0.08110920564177272,-0.058231404999464526,0.03379308960644994,0.03662830101851543,0.13871256337421314,-0.11687585974730473,-0.16365560928930303,-0.09615832668171913,-0.025054884472454093,-0.11801418169643088,-0.2512466541221478,0.049280220495981776,-0.2205923993348043,-0.018468063388498577,0.17501134070486848,-0.01831280365251538,-0.05886279800699309,-0.018830367909188336,0.056844029794811755,-0.06536757504900857,-0.04335801798734729,-0.05546081520199946,-0.16726694010808688,-0.0014085884065412433,-0.018001477272821177,-0.10644545983891036,0.19065863925908377,-0.022591868466511993,0.010868251110430808,-0.005195458896572242
2023-06-12,-0.13376065824408043,-0.10108022586324668,-0.17528725917648386,-0.1309631231190282,-0.06737169093363331,-0.10499675498392812,-0.03519660778710205,0.0534949532341456,0.12502851767058076,0.1291637330566454,0.13676782219789724,0.012495546821431712,0.06655081269328207,0.09159553788456197,-0.17797643270446425,-0.04262636231123358,0.030198738638609172,-0.008258267037827236,-0.11761510897318306,-0.07307146364481822,0.0016050271743693837,0.038579210765455715,0.021547133813092808,-0.011115806630847857,-0.014940782267533245,-0.08103712347153905,-0.02914865146087019,0.2140313329929172,-0.1398670066265857,-0.03568954114761974,-0.09619081320075108
2023-06-13,-0.05469691464029188,-0.04193459622563886,-0.06039853566654788,0.011775539151028386,-0.0391719941173174,-0.07982116975698139,-0.01633722057440016,0.024781739198617782,0.030420971349314655,-0.07597672664673844,0.034454334089545964,0.0363259297486503,-0.006009211898997622,0.04827377794557599,-0.01670652798147533,0.04301863953823261,-0.08726786377032796,-0.03943938339555725,0.0320370195549209,-0.00287506896851276,0.0424593033184065,0.056518999136472965,0.09017170394661607,-0.0025019346755581406,0.011386080529010538,7.039106760887551e-05,-0.01637863533638028,-0.1086479274482048,-0.06512649936093712,0.030011470752496286,0.01612331243870656
2023-06-14,0.19616792468168479,0.007799878877551541,0.19706988337746129,0.05452892875071623,0.1751791230429544,0.33931217738560576,-0.1915472913447015,-0.22760232559730603,-0.2338355196733959,-0.1399692954607796,-0.3107998635333017,-0.14570490747730247,0.03983918851609364,-0.16821931566927448,0.19869632529648693,-0.020217899796249973,-0.008989928524907532,-0.05269155104893105,0.20960915272527025,0.17681646746246543,-0.0006875354615684202,-0.06975392330121855,-0.10929975376762385,0.10536848782009743,0.03556795708749817,0.10010145278760074,0.08373442708323645,0.10600582238824824,0.20030760684449622,0.11500192761920844,0.19144500507488407
2023-06-15,-0.07241738630225728,-0.10639037001885272,-0.08462184157140688,-0.04824589513094986,-0.002577948399486108,-0.011363859255454377,-0.13852105978616622,-0.0722212450291524,0.03914442805950016,0.14969171896809536,-0.0892017283953519,-0.0470326485591438,0.12473195304584397,-0.07171605558772871,-0.09350767851659317,-0.13654738229545604,0.009951284574761929,-0.019921142473164385,-0.09518616327196691,-0.036393618862198204,-0.02065297993909277,-0.035525011874567566,-0.011277544742302175,0.10416476596181444,-0.02025248473679286,-0.07747851898303203,0.11492868025770821,0.16599568525819078,-0.0756743312649018,0.015486339204636804,0.0026961282051501754
2023-06-16,-0.09625466344758282,-0.1959119441816887,-0.15397764744498946,-0.18539683094844353,-0.056176952927654546,-0.1876263640133002,0.1561903419250706,0.17221361401577667,0.2864703894795882,0.22803334607928824,0.13766857873757907,0.1343032383027757,-0.012048652468026591,0.00014603439644320535,-0.1958019883988326,-0.14024526565038659,-0.029975904009603607,-0.010683425139781303,-0.03815340237076496,0.038601528260763115,0.07746377194413831,-0.01976043341463086,-0.018017322728897976,-0.06135900072961202,0.005527349368592269,-0.05165177471322929,0.0326677984717122,0.25753990071607313,-0.10368385973982817,0.08947687855826278,0.05839466523217008
2023-06-19,0.07812661415398506,-0.10081278750384541,0.024328042948469294,-0.07899603833082323,0.015676505004051332,-0.01476127724493818,0.09021001519180863,0.09223554782186522,0.11867235209609245,-0.034505809039950694,0.1498859560567664,0.1853848150136361,-0.049751279053350896,0.200524037630018,-0.14006233824633096,-0.04517262482408473,-0.07015402119331413,0.047133488654775076,0.12986564927960056,0.1373415587760029,0.09211199556161916,-0.02266326785508751,-0.04483189050895303,-0.021603857271821188,0.028174150723680715,0.07698869883905676,-0.052388608372212944,0.18402893781188354,0.07660570498915645,0.11708073595607583,0.14824011822148817
2023-06-20,0.09892586090207973,0.2455337055645348,0.13847056742961872,0.24553872816481245,0.05716846736410318,0.19788546267765558,0.012025473013892084,-0.07424066359014855,-0.19133501271147213,-0.31236557639053564,-0.16586489854145015,-0.07815885962194508,-0.005444745555367124,-0.14791709325441982,0.028409579700142587,0.23290326427004293,0.060637070809736966,-0.02611642692311457,0.04593539272418464,-0.046469283834726684,-0.15834734042480922,-0.021100980599610176,-0.009217452026406501,-0.024854774372800145,0.005003407067134231,0.10122242526888774,-0.2574779700084064,-0.19738441023916606,0.1005092325381017,-0.10545487282839788,-0.07488929853787278
2023-06-21,0.11497236623434388,0.14925437584419768,0.1591108599812298,0.1626520289966272,0.08845661671953588,0.2708839682511651,-0.12252394947393742,-0.13402171346823705,-0.2713338435891764,-0.2638122136566947,-0.14688470736444556,0.022922541536904022,-0.017855048774444313,0.0303750868781571,0.20863756380893966,0.1333070161523271,0.07348574359031312,0.03354763032948645,0.11152736593799938,0.04456102836794995,-0.10117301866705605,-0.06743268103182153,-0.08188077523652029,0.022550221517478895,0.005998551114218234,0.07636854410079523,-0.08824840760663166,-0.23523043896408205,0.12633746282841432,-0.054116815371879026,0.01441667507307631
2023-06-26,-0.05404134099419538,0.16681448118484837,-0.037374233133858153,0.1519687580283067,-0.005707085424563298,0.04582075927076631,-0.11204731144691099,-0.1444563893681901,-0.12504737589721018,-0.011353233524479556,-0.2756640634986996,-0.2818072721723774,0.0945509290079629,-0.17568417865627506,0.07526153669153358,0.2014731139742074,0.010809621605559873,-0.17078958539974412,-0.1330959091651363,-0.1479887785931619,-0.1272696651860808,0.08889362423257856,0.08618234445306222,-0.10642899206004217,-0.0072957223187099735,-0.026031338114685054,-0.0872216118152191,-0.03719611462398466,-0.05598620036274879,-0.12666690916682127,-0.1731631287294198
2023-06-27,0.16918778278333363,0.2103818471535866,0.18406357630044828,0.15825254874573258,0.06566407958360157,0.15200017447248731,0.05937579648242375,0.08333384881788204,-0.10188833321340533,-0.3146120757688184,0.1342363111798433,0.20578225366201666,0.07927392719897405,0.28729945200932117,0.1586420169881579,0.19698713309428215,-0.023238755022017426,0.08460330458759781,0.13339503798427105,0.055812688466223725,-0.06438720349410139,0.022838385008555537,0.0043276654108571275,-0.03857619347321219,0.014784943964148204,0.1498504092755737,-0.2275773314995043,-0.2351877007339479,0.16127819632069526,-0.04159954634108625,-0.016642238162291816
2023-06-28,-0.0799410232658021,-0.12190422376530363,-0.16143264943046404,-0.12300531401064271,-0.06274541238267785,-0.13194616085813063,0.2025423744781583,0.08276217842390951,0.2149995364638052,0.19316553635652045,-0.059027045232867115,-0.103945879255864,0.03685811496453259,-0.2226056765398169,-0.35393264282242437,0.09686075965543012,-0.04801070304135464,-0.13445189843316255,-0.06886651240445446,0.02622220070326532,0.060400091577949996,0.023813523584276977,0.02963193712876165,-0.27435098730571983,-0.011201921963124382,-0.04333569278013645,-0.22246465921930994,0.24755199419826202,-0.09141509667231909,-0.04098403199630844,-0.09606913244561167
2023-06-29,0.0016754772674688813,0.027008304808730194,0.016844484841273787,0.04191399393220276,0.05493690803974326,0.19197546726715403,-0.17143204770914264,-0.23332530675290933,-0.21842165317140239,-0.056471631846371495,-0.15721523459920617,-0.13312950149079938,0.0857041516286185,-0.09658417223089262,-0.019521141273383797,0.14383772871246114,-0.004149222930170852,-0.08600030007393754,-0.03834517806772353,0.005959970826429753,-0.04039748953573501,-0.06927767296576841,-0.08148538265586588,-0.03529360107464701,0.009157962455848863,-0.0237620569702335,-0.047301108424319956,0.08146284311806702,0.024149731553926097,-0.04947175875939101,-0.02038695906333201
2023-06-30,0.019500838761144522,0.16186238364317493,0.0834133215728161,0.15976245499875866,0.10188109640242807,0.22894680938427148,-0.28583364822565754,-0.2498162009005888,-0.3319599913326983,-0.20847793534020456,-0.14253845958884645,-0.07233549587239925,0.003072890920697749,-0.1114735059655619,0.24161043626087828,-0.01572543310992329,0.026980028195506503,0.018912893884404713,-0.02374078159344779,-0.11433290995469261,-0.14074405181083124,0.010261436527524266,0.020951873917761113,0.21913551977629928,-0.032884984476258886,0.04063485788680545,0.07692480597760082,-0.1416115683657288,0.0265387750653744,0.0018753467800724961,0.005630036614440009
2023-07-03,-0.13820779960785526,-0.1633742609096579,-0.18871146992473883,-0.13393103353124466,-0.05866987183020223,-0.023406567597078567,0.18393073793987752,-0.050322508281947245,0.028534170440666255,0.13454761523376524,0.04304797893866017,-0.004229144168513957,0.03668317070351314,-0.02011314366268991,-0.26858480367682475,0.0857589187164653,0.02806853532939411,-0.07511853154822873,-0.1033068898234246,-0.012652096223732043,-0.018313503888343494,-0.035036730962022956,-0.010424407433951326,-0.2019181326234128,0.0022189191197394906,-0.09498518296503114,-0.11576873498239947,0.18584617005002174,-0.1334591227370883,-0.05119638738564891,-0.09332172358591219
2023-07-04,0.08736770345291575,0.21512622949739826,0.15149333719003485,0.15032288986434836,-0.03532928540701255,0.17872911536855096,-0.14509873716661376,-0.05953429902663854,-0.1746907280866151,-0.28954539363355386,0.06394189314608,0.0014475287699105938,-0.007732880007959436,0.09785166681468194,0.11005443286155835,0.18072320056311378,0.03700268059913086,0.02537979813757993,-0.009956824503304646,-0.02604044858586125,-0.08195288395194969,-0.044546869535181575,-0.05089773727395096,0.04140904367822475,-0.030275561214187237,0.06385441419642525,-0.1846497945654223,-0.15323929899874214,0.1148102880008416,-0.13352487705541208,-0.06648174236038219
2023-07-05,-0.12015307026613001,0.06043893244343077,-0.10825464474941592,0.04801633752676411,-0.037394881489912886,-0.11948866749062687,0.1963633288992263,0.1018693575858993,0.13785969077651833,0.14901621374797416,0.022607632307276686,-0.010983402750021045,0.08141997308708798,-0.05188498538758316,-0.08484135672174337,0.05340213456496405,0.04981251974817221,-0.054770944498555345,-0.14637510957851915,-0.13047980758883335,-0.12492529276751535,0.02819479206822533,0.01325231745643878,-0.07282484167070062,-0.02250653287155313,-0.06968717673949379,-0.1151283867509214,0.10716687505532221,-0.12072436946948774,-0.09713116545390393,-0.17411878719970494
2023-07-06,0.14681503749062086,0.31850550836495567,0.1943872315398437,0.2236851146106924,0.03056284136325059,0.12676276793549335,-0.19479881703659066,0.041350042313713475,-0.129707305443038,-0.3434851818317004,0.04470817017072798,0.02298754301886189,0.02307160083072894,0.032748028540900635,0.23863417168424741,0.16018731912172107,0.04537932564277757,0.07576178480712707,0.08452414464937094,-0.04218446164614048,-0.06863329449973278,0.05580528672575802,0.03653189323252747,0.07045698976516916,-0.0039992499342279214,0.1670004070018736,-0.17157215286107996,-0.3333196719094644,0.1421866285400562,-0.06421787473847021,-0.06092927376687448
2023-07-07,0.10481285583264083,0.08734159593799942,0.11604855401072833,0.03277414837303322,0.11010622376820511,0.2262926707050066,-0.24165580727190739,-0.12170340062368877,-0.21912887974863907,-0.1606494857097175,-0.09077880746289778,-0.027010257206720324,0.0404538399843448,-0.08481841608385958,0.09357930439533964,0.02895275755696653,0.04243783382370049,0.06793646519614903,0.09238755864606202,0.06204804295104532,0.04427586186931904,0.019638339073628643,-0.031866690566422655,0.10522932417821645,-0.00039888885343866075,0.071312698175273,0.007267192540803523,-0.06531007397785012,0.10139012957088446,0.008266239228951462,0.05042179616663418
2023-07-10,-0.01464998423281949,-0.05424105742123421,-0.05118195446259267,-0.04542726443067793,-0.03311872816447503,0.03171917160434018,0.1466066671953154,-0.011988045258332372,0.004200989904897251,0.004763627216182977,-0.01773794874813544,-0.09876726147080672,0.007804019080526293,-0.24639329611653712,-0.22238476412239103,0.08420331361664557,-0.059455000116050746,-0.10099478386406842,-0.01480230322251196,0.038214049814606334,-0.008684959070026678,-0.019465375283456633,-0.03039851936415109,-0.12733464189554553,0.02531131894997134,-0.005891171370069719,-0.16924702883938414,0.16109750267589243,-0.0048875892159846186,-0.010111659233229073,-0.018402416292141534
2023-07-11,0.15681472719683795,0.1007333192533499,0.1731487091165548,0.1213160369775686,0.054021891675952935,0.1903779581239971,0.03204353601357172,0.018830655626547767,-0.18631344295453559,-0.30143732744021046,0.2814758053252974,0.21296986482591201,-0.021203811488608452,0.1957055838545428,0.1380665875498106,0.09244588217284222,0.019999187103233798,0.2033281549094877,0.13679901564262276,0.0836813199860195,-0.07809771742385944,-0.053360670993446935,-0.05393157259847586,-0.000829111554065656,-0.024126267359465,0.1376682723031837,-0.14879863837359159,-0.18908280851870066,0.1688522821221307,-0.06494749074306386,-0.0005003600504435731
2023-07-12,0.060070285209780465,0.007177121696763412,0.0402102836650475,-0.058706992322379484,0.0018738030899560331,0.05951469641343263,-0.20891803411809046,-0.19772026479130278,0.05551442023042118,0.02448891288095304,-0.30444707457977166,-0.1852682178771984,0.10792617150826223,-0.19727517538812184,-0.17414177399120143,-0.02796941841194934,0.0036254942682871394,-0.19936304282030168,0.04347357784882127,0.05440338402194457,0.09769929911781615,0.00903095520387228,0.005669945034402811,0.07289171557227846,-0.031867334599584234,0.058413225876301156,0.03988604044305183,0.18309825123153722,0.05774661521897938,0.05083102943244987,0.05631982251663817
2023-07-13,-0.0891358404339196,0.03976178924730259,-0.09396210099837528,-0.03110549358129864,-0.085671815982208,-0.14288823915066082,-0.0011169068825023114,-0.05008885595254627,0.2123597102114685,0.06947307262918778,-0.1802310538049494,-0.18189080248068476,0.0826331426121003,-0.1314774963091479,-0.17942712512337394,0.01078507276189789,0.07514969917598235,-0.17406976651772776,-0.13598805799327332,-0.10051011797309954,0.011573204404063935,0.03118386097340803,0.05951050262966107,0.005024947729310937,-0.033256523803934894,-0.04760387462410556,-0.029876186969722055,0.12860934936187052,-0.08857903817349864,-0.0758365077983107,-0.10696860910375149
2023-07-14,-0.01651537066342891,0.07522179599627951,-0.026764690649540644,0.029265409248624575,-0.028568010686261195,-0.027154138140141375,-0.023468392298162284,0.039426907687818744,0.015002945028848528,-0.12083325000180989,0.09644717608100231,-0.024059965751670537,0.05467182766544917,-0.027189003019072677,-0.07614545784340379,0.1444506938649241,0.027846600795878144,-0.03382268258561936,-0.07320150135205579,-0.06055979957058285,-0.015543041865309705,0.043936443378077575,0.08866835959109919,-0.04914470809988129,0.018514298375921452,0.005656927994710475,-0.19944860402253808,-0.09529022280595899,-0.02563746087186655,-0.05218270553682901,-0.07914561357296357
2023-07-17,0.0600309813009512,0.18472849154118795,0.10092697426006651,0.1968977049889285,-0.0310799977122189,0.16151147213531902,0.001268943749914099,-0.04695635982020567,-0.23327034725477144,-0.23051054783681962,0.17172057834118346,-0.049851551246025694,0.0888755308696308,-0.1603461859041734,0.043164055946290136,0.22137712184359198,0.03150400083030339,0.06029789571264172,-0.03492337576441804,-0.03363640441172564,-0.17393137565786498,-0.07565327504397965,-0.04988800140457791,-0.03104267348633687,0.027628121214909124,0.0636290966509169,-0.2559824235147495,-0.10243737804803082,0.085327074194076,-0.0985770267318125,-0.06915746819475349
2023-07-18,0.039285084887385927,0.23989462882810106,0.089971235874343,0.1597965109090892,-0.036597282937952925,0.004295809402098541,-0.15753669589635338,-0.09176561725080229,-0.0448996368037166,-0.19752841357343265,0.05885055759238337,0.10333451382667037,0.04823583763311869,0.0924275358994109,0.049678929389939494,0.12579404761548152,0.03156082651601608,0.022313892323037196,-0.03433570674626496,-0.0931901081651526,-0.014656656967980863,0.08109689840162737,0.07697813645681717,0.10483662838097052,-0.02815723072293935,0.059340209029276836,-0.07525133086383676,-0.10417428820516166,0.04116205846196657,-0.054298992776050055,-0.063614456055434
2023-07-19,0.052436026074258645,0.15600223265464327,0.11800479866491348,0.15608454033711727,0.06273636999180844,0.24086395524780854,-0.24706029531181153,-0.22092476525993562,-0.3604744519126708,-0.3488824430604402,0.13951608700737855,0.04572541140405769,0.08473499653081495,0.1341150349134539,0.08477850016950776,0.19555186637280714,0.0561850233837337,0.09723736155674782,0.047501743157993985,-0.03915807860578946,-0.003651742983175772,0.019158603956659654,0.0021132666430106434,0.09673787475546332,0.007191953368958733,0.04822761482122417,-0.08017934109804699,-0.2868232909652847,0.07074647052067447,-0.057938514024483835,-0.01359910588537696
2023-07-20,0.007861541215130437,0.1707637605881803,0.07924098920872957,0.0908276159925811,0.0029407469359818317,0.15015254344546106,-0.2236651084947283,-0.16958859261312595,-0.24369868992670365,-0.3490349329857496,0.1875364566837836,0.18674874874333655,0.04631504539787369,0.2532916090358075,0.00043096484969201276,0.18092273166323597,0.01272298277129045,0.06899935887671896,-0.005656177271441504,-0.0778223738373844,0.009390701402845036,0.042535367979017455,0.05061342966189032,0.17388393877398178,-0.01385814506314624,0.024451516929005122,-0.1224226311496975,-0.29361087292129806,0.01421050690272723,-0.03079164226525909,-0.007721516887571159
2023-07-21,-0.015923010121056503,0.06662024584318976,-0.03739958114401227,-0.012305173101993742,-0.02848712434410404,-0.11888294196494117,-0.03531955325052127,0.07821706879228768,0.2045539477294507,-0.012826121113977353,-0.1426653875938956,-0.14668329086651485,0.1393383714880725,-0.19318849437497596,-0.21015961425581745,0.11967493298519315,-0.009915183043803745,-0.08478849916669898,-0.06360934965186316,-0.048261659313514164,0.06608520169419418,0.06665089525831293,0.09146003854031086,-0.09153514869411816,0.012482886309644399,0.017393171118593474,-0.1306772862137862,-0.008653631707406394,-0.032168233858683046,-0.015295375063130017,-0.05592227582690547
2023-07-24,0.0442468120132404,0.08757035558470881,0.056462264670155735,0.06375999215862138,0.0441102907724863,0.1869702036946125,-0.14780451159606423,-0.18427977296144488,-0.21431151576260096,0.0062328775688065795,-0.17491986636060605,-0.0824724824731166,0.019045508938175533,-0.18648634755710156,0.010620235155166444,-0.04443673973989552,0.01901827004501802,-0.07451154571019941,-0.0524656969217442,-0.030154001360643203,-0.06671802958871442,-0.009065822197584443,-0.031925975940193994,0.11134768717496299,-0.034202408800163106,0.010608385448441785,0.009776798663624794,0.24635643724311854,0.05688144190772379,-0.00014858708444215142,0.022640842020838974
2023-07-25,0.07026666130809649,0.22702321940708411,0.15350696865519695,0.16651966186904826,-0.04195690698051906,0.17251863005145832,-0.03668326205589964,-0.1397635886680128,-0.2844640085976852,-0.4282102360579427,0.42960823203258464,0.3627046012544349,-0.11284977009715756,0.2692652617008824,-0.0812848137811467,0.2256644641956923,-0.0014982106660303693,0.19815000167047944,-0.013962536285205617,-0.04279445431211992,-0.04150397895928557,-0.002288116423137779,-0.006969751706272323,0.0696080074245861,-0.021898097539107823,0.06680754479020656,-0.2382044260127963,-0.34037941776273345,0.09287230098236467,-0.1261995497734928,-0.06413798068367466
2023-07-26,0.003496552369865419,0.14565956580988765,0.04592581839521687,0.12433049307371995,0.008073898650433372,0.06986264035295812,0.008067993218241382,-0.008164575122547498,-0.09268512370593308,-0.20406228034044474,0.07494805693754084,0.04289194082647464,0.014031391693931283,0.10745988514253813,-0.02188001739978323,0.10901015263191224,0.0006688229997920455,0.04937442499327886,-0.02301839886664309,-0.08563824173916564,-0.12092181434316394,-0.007753144009380862,0.008650969877870764,0.09236268536643785,-0.018074238387378903,0.020338387441192485,-0.13629360998655857,-0.18177366979858534,0.011091107552100224,-0.039667133912244315,-0.04879800578082278
2023-07-27,0.11863884825239994,0.21175898648388955,0.14059376057245945,0.1556253761618497,0.024895020670508795,0.12216150872490333,-0.015805079794002166,-0.16697941200075894,-0.17921465183323526,-0.2736354545618026,0.17681449211475384,0.13249106099902017,-0.04504741703050942,0.12897279399676959,0.04434309360601642,-0.04252540313533435,-0.08661278696117988,0.011056085785279399,0.0498336568918737,-0.033879703730602666,-0.019477693046413988,0.04641960875633412,0.0069087775790093375,0.2409435160776328,-0.046131995436208516,0.11543367041524441,-0.1040412530115641,-0.0010608307802558309,0.12213075178304927,0.012020111026274443,0.05501360471877298
2023-07-28,-0.10082057745022416,0.09283365673502465,-0.045187919131694454,0.12572833875278844,0.02247733917774007,-0.02444716972085553,0.03838227801709436,-0.08143324272568199,-0.07134395852850141,0.06574169613583296,0.08478158801847654,0.04247845600799657,-0.013736973532743507,0.05364770730993248,0.10381291052827794,-0.11762847439811375,0.009228666212294323,-0.053696433628159526,-0.13127966442063854,-0.19464693170864455,-0.15029730134347286,0.0588723309723822,0.05027467698504614,0.21168410611178284,-0.02813810594036904,-0.11054345051488713,0.07155188369383415,0.0786931989372209,-0.10377906083641747,-0.004970364541103141,-0.032635469693005424
2023-07-31,0.008818185370616459,0.1344871187748581,0.05551540429357648,0.10920814383219635,-0.013758241793724158,0.03297900218593133,-0.030062388033841293,-0.056874553268255953,-0.0035291217481191674,-0.1894514475592784,0.009416363705803506,-0.05571964168193745,0.08831341093238065,0.04117469249097644,-0.11416795606176991,0.04289155098824841,-0.02622827153118226,0.004054003038002654,-0.03604353947527807,-0.05723451571106495,-0.12859723320987068,-0.03288402008536447,-0.022762617837215917,0.15672646928436115,0.004280043873176892,0.004439381334425857,-0.08723016826238249,-0.03995109492474419,0.014506106947614133,-0.006119803574851442,-0.013783430542953912
2023-08-01,-0.09379613960414006,-0.020864143969630357,-0.09336163444371448,-0.03113402271408043,-0.08064606724515933,-0.05944696392753855,0.05665662076412199,0.1711157460081255,0.012008965072377585,0.06554494262884822,-0.08577498358041795,-0.09598276539452433,0.11311232317941301,-0.04315030734289411,0.0012712331976115205,0.11790818917000555,0.01190531269743691,-0.08045393206751117,-0.11933013780514756,-0.07394579539729858,-0.03703004041652285,0.008653911801875408,-0.004472109149165718,-0.09636673566555919,0.03105851843553756,-0.06688776768228555,-0.09387035432438394,0.17341904691205964,-0.08574951245385812,-0.045165671827940505,-0.0933993260472075
2023-08-02,0.0963563269269949,0.06518220474362023,0.12222953911117741,0.019334824434650465,0.0829341667886706,0.11738675196108306,-0.06924874660766508,-0.23349658901441822,-0.11159278781376149,-0.2005822881830196,0.0915562833739293,-0.07129056953990727,-0.017319055197365613,-0.11492858474522055,0.11280760578004141,-0.14895349168951647,-0.14028904160528916,-0.08568701231696227,0.11715325998728486,0.012441438112051183,0.09871380462585869,0.039851294331054166,0.03398288875577432,0.22235469428229493,-0.025763885534403994,0.0691427688229029,0.06146880267813877,-0.15743319969700698,0.0845373858456711,0.06822318620455878,0.11856891964016993
2023-08-03,-0.02279792616223488,-0.11930616419912514,-0.07564549169270508,-0.12239183358624696,0.026240087528718224,0.00017000082229248273,-0.24625364605641895,-0.13138553738699132,0.08159875191589763,0.16881505923060894,-0.2877670528958184,-0.03659712101333313,0.09391122898025588,0.0012763130571943236,0.006162205489294078,-0.18361900875698228,-0.016712498346163476,-0.008380545527629252,-0.02003957325946532,0.001845210966060584,0.06643686550378379,-0.0027336789813790906,-0.0004892106001857972,0.09032416584251929,-0.01696498520247962,-0.027890971608420863,0.22524556052968617,0.3413782938127944,-0.03465982650168069,0.11536913117381405,0.07591825652329204
2023-08-04,-0.11939981997417405,-0.17968194020444742,-0.1661818862389269,-0.11811007994265982,-0.005845267579431205,-0.1029070554334846,-0.09952321270416264,0.06395038011929739,0.11912677307338465,0.17039142637731264,-0.1697386928259972,0.12345984493372439,-0.04949159026728644,0.02517431717399278,-0.08019346343397814,-0.034715968748798676,0.12855835197963034,0.09548578065706718,-0.06703633265725238,-0.02899408627285792,-0.08681440214955777,0.01896673894889317,0.016154545471152887,-0.028176625902323418,0.018588030273807205,-0.11502698611475912,0.10967659833485126,0.14730163145463823,-0.13599910591904524,0.053229460952458056,0.0004535270575137623
2023-08-07,0.05014127517072075,-0.005487959828547373,0.029503749475861256,-0.013620996130280288,0.03949414874082001,0.06663761395868566,-0.12677836440842,-0.11060798531834459,-0.029456325653134472,-0.09986436213228427,-0.16697474261609144,-0.19061750307243921,0.031497024737057185,-0.1622810025430401,0.014794764472882544,0.16694409079480546,0.006147329580286322,-0.0784886068541321,0.073402349568888,0.07608024170193164,0.0450438253316225,-0.0056554973535843,0.03301127185482989,-0.13072903082073306,0.01193611072184987,0.04190019802799309,-0.09871546610334754,-0.18270852915494043,0.05268768928324822,-0.06280692510223354,-0.030132821552490176
2023-08-08,0.10370397080310365,0.05326520451291871,0.11707258855097136,-0.005372459813815312,0.05601966104941998,0.20194283020668705,-0.027619103298546076,-0.18482530691130217,-0.22331275293049,-0.22328786313323062,0.029787015120607864,-0.12294969258518423,-0.0073705128959210085,-0.22546514831140854,0.0830952086668962,0.0062118314950524245,-0.06040450210822581,-0.07408718038207289,0.0817890541560333,0.059353575352888197,0.1421844107308337,-0.04216847098658177,-0.024414317465119698,0.07674995745163493,-0.02697082944211061,0.08617051544924403,-0.05070970268765634,-0.17266561025601315,0.11172648830945993,-0.027414199116569078,0.03345744560629329
2023-08-09,0.04762287600916594,0.07400009939707425,0.04713432746312527,0.0011116685308300233,0.022212170346285906,0.11461775820100084,-0.012934083174785796,-0.0997614977609854,-0.11638490563488196,-0.11496473731028949,-0.14121156621166717,-0.0920746113635178,0.05019451902146022,-0.09021013289356022,-0.11384895976852594,0.1355121712084282,0.08487805175370015,-0.10737534875695545,0.006386631488756092,0.014328496570445938,-0.0451765495769389,-0.006048257228760821,0.0010515546767493344,-0.0528613372023882,-0.00015177491178651372,0.00882243819497425,-0.173715208163873,-0.04960459926327082,0.04523543231186928,-0.0712555919253191,-0.07418477024426588
2023-08-10,0.015018933244277175,0.03301620161452189,0.014768029145347918,-0.022905357912516227,0.018406453132187788,0.05487525656446226,-0.032137285912082314,-0.02919212292189007,-0.04249599030244674,-0.08543676697732439,-0.08638223628715094,-0.03767163062718642,0.003960294968301829,0.09129058258125745,0.03759013907103258,0.17073621176066883,-0.020171618325422292,0.007153730305075185,0.023946866836564516,0.04562326861754405,0.09236860088901756,-0.0033035144749359487,0.02959641712443815,-0.19308468322321784,0.03252465485035046,0.03207075730744645,-0.0989642660488959,-0.24724098149847692,0.01667813825082999,-0.0901061296099859,-0.07930634401116826
2023-08-11,-0.15124726581612655,-0.06681880172510797,-0.1828639225318973,-0.06429613866207037,-0.043416872357365494,-0.2125089250096949,-0.240684199022951,-0.0050007719884299735,0.19415643674151323,0.18419489864497504,-0.16015969131670812,-0.08970287816343023,0.018661790224304496,-0.055955898922464324,-0.14489606116876969,0.02609901564901261,0.04319506343189656,-0.09140734609250191,-0.11203275799867418,-0.08376210095833762,0.019981227747946514,0.10117707366144649,0.1047327319991332,-0.07586666361687427,0.014064815237262513,-0.1261365204043748,0.06490965435164903,0.04773437226240767,-0.17197368083835918,0.012893609638588696,-0.0568115144855311
2023-08-14,0.1541078691176992,0.24171123334333522,0.16511214810749344,0.14280406475329827,-0.024180058821716297,-0.01311658025913302,0.23723806087147706,0.09698215035854736,0.0530740611593017,-0.2222231425411975,0.09126063486925927,0.18976372701453542,0.0712158299503774,0.09339880570235813,0.07358636506611944,0.09747472867215014,-0.03425695446461964,-0.11254991969528634,0.10001325428327107,0.006414205117887985,0.024277352417431824,0.03598074489110149,0.039943171878209845,-0.0025928164617700527,-0.025510536112794115,0.16943368529880776,-0.21037048424971502,-0.2954045795708299,0.14895882631432986,-0.08474841508924343,-0.06864870621492622
2023-08-15,0.06213151834131291,0.23083821671468507,0.1162837668962282,0.1533066098536544,-0.030068190491566112,0.020916297878008628,0.3016459147860713,0.11219373283418604,-0.06586692808945868,-0.10481808390549058,0.16422438421143773,0.08907689318552851,0.018184809897577658,-0.045271386614285244,0.22939368168184684,0.03635327790376473,0.016618920144124753,-0.12597893062627058,0.009592830462995633,-0.08796328847863946,-0.0769148742407496,0.06190502750314265,0.04047434945988176,0.09846937938138386,-0.013484805287971826,0.07859099420014148,-0.1700307278739218,-0.17577747697821117,0.06579011812574885,-0.09828246880584225,-0.07914500618202717
2023-08-16,-0.13002947765193512,-0.15448011900170186,-0.17470757439249018,-0.10359623735112622,-0.01144355593414951,-0.002447111392734885,-0.2175070168347708,-0.07753630835701296,0.01361221959653185,0.09895238184170317,-0.3884929855751476,-0.21001400276861545,0.11998236795386177,-0.30339402561674156,-0.2718443302399436,0.2081039877921059,0.09915768002513596,0.010835545727520116,-0.09457483506543916,-0.0010554273373967315,-0.03358910041882407,0.025407060013574793,0.02177560988433905,-0.2588652132703176,0.02533155306372045,-0.1043447014584522,-0.10211872153506309,0.19810713537673127,-0.13787248590636345,-0.016244859138723384,-0.09151333610592711
2023-08-17,0.10560495024965116,0.14204223923665016,0.107564664742091,0.08675043241443503,-0.0315716161774104,0.08992229557055503,0.18037055290363246,0.03242472892726205,-0.03403906349511616,-0.2689952229226156,0.03609061849500973,0.07419312030622213,-0.028117658921866205,0.1352732393374716,-0.13919504157211807,0.2639820989210238,0.016646668644324954,-0.0679403154045537,0.019508009738255425,0.03254336083636995,-0.1398608925896367,-0.011132270533729675,-0.006741825891015318,-0.17405574293922094,0.0004179278114219872,0.10505107422430658,-0.2994048350823927,-0.15894650975691654,0.11776799728171879,-0.1000640160129125,-0.10641657583962007
2023-08-18,-0.04478432247613903,0.001867725882341168,-0.05855311444520777,-0.051124598294242395,-0.053875353126073375,-0.10881446525103247,-0.012671538266910478,0.032019612810111106,0.15102461437720455,0.11309350398946479,-0.03750038936070389,0.10154068800950493,0.02142627948712344,-0.00431513123294336,-0.0969510145754668,0.09151782584114858,0.0764554979502708,0.07711411113875075,-0.05201162038184255,-0.0018560057256270296,0.04717432111381786,0.056691231661847516,0.04456635584252974,-0.12723164254776131,-0.017124703985544585,-0.018020990714512082,-0.06003891047050337,0.012805402005379515,-0.045876406903240276,-0.07711781278370895,-0.10418414608756571
2023-08-21,-0.026545732733761856,-0.06621395602861581,-0.06835016982366895,-0.07159714699866151,0.0128981935143656,-0.2008704265929217,-0.2198971919869184,0.0377144579253586,0.28153003163857543,0.16471608774336605,-0.14450790284182524,-0.2761432129388004,0.14993148777267207,-0.14315141163862888,-0.08824805244605792,-0.24707658481655861,-0.07148997615604126,-0.11882352403713865,-0.03915217117462316,-0.043379565336423995,0.0520731397300099,0.07346460156048024,0.07719311893455898,0.16517725429933147,-0.03780595058032699,-0.022516672881995065,0.2627287986452052,0.36702208283092336,-0.06106613565252398,0.1294957379687912,0.10456598652668529
2023-08-22,0.10808971572627572,0.22298878099864675,0.12142136432288676,0.12496339217394202,-0.0322583870692638,-0.05833735063893476,0.20237303183049457,0.14733607267970777,0.16430090778472345,-0.13288463711597115,0.0718605249112946,0.12885672364356848,0.001663711182823636,0.05211592688735117,0.013637647893309967,0.12827318326545367,-0.05258058450380886,-0.0852634030585076,0.02718316935985695,-0.01933944351131516,-0.011430849141054415,0.04644319744036523,0.06235667115068998,-0.03521712190865529,0.004995962325780141,0.14285078431247145,-0.20832348701375397,-0.209112835747165,0.10328599573558021,-0.11281839348650208,-0.09856048398337822
2023-08-23,0.026754729090953375,-0.13988871399580352,-0.02520990046999244,-0.0647561961719299,0.12598210339264923,0.10377320157508958,-0.1692361954175835,-0.16392788601246291,-0.10026630226090963,-0.062000986603857645,-0.1782802938188205,-0.15580858248935345,0.033921492954840184,-0.08577152426907925,-0.032022770304570194,-0.03701308117420225,-0.04939454125762254,-0.0284682457830007,0.13786879911132463,0.10560014087885755,0.08716702312676552,0.0304417688901085,0.03844915494101939,0.03526412728229163,-0.0020469262087445873,0.019446840375823882,0.08250261062284633,0.07001674445745026,-0.00020892735517598351,0.15129353643452353,0.19258025548769991
2023-08-24,0.1807613976557453,0.3381206575686382,0.25206194554636013,0.24278540852011923,0.04482370261769661,0.08758613418091757,0.2819359135656033,0.16352665982059478,-0.0043089809975757135,-0.28001147851234603,-0.14665302608826378,-0.07315781462227136,0.04890744685002102,-0.1447470571421569,0.17438133008752724,0.0060543794741820395,-0.0509908124504146,-0.1453891039189326,0.0724342296901845,-0.042337872077400626,-0.0980642114853797,0.03405676422727545,-0.00010493914500323387,0.17934571375424294,-0.02083288672317547,0.16206168530984483,-0.19785593644621782,-0.35669098936795635,0.18221678202611422,-0.03031487629958753,0.023942090720797355
2023-08-25,0.06094031703148108,0.31128562723858,0.09700722053422245,0.22435915651702232,-0.009792659230286533,-0.012447267262543475,0.17271695183023955,0.1254462133460845,0.025803963479740354,-0.008091402679786884,-0.06626347264512128,-0.02388957052267386,0.13415693855352734,0.016311270234569793,-0.03011758457275692,0.014479810340818076,-0.054020768404019925,-0.20901870787528945,-0.028248220543008653,-0.09777027710236205,-0.1065184868649635,0.0730633611204891,0.06088796913868515,0.21027041419083434,-0.019653520958928656,0.0502685763254588,-0.1644981783860729,0.02758554208913759,0.06367758134491064,-0.09811861066791942,-0.10677693773360335
2023-08-28,-0.12077210079938376,-0.3073047927160408,-0.2077333462647796,-0.26173137403856456,0.0721581089060164,0.07716923509278574,-0.3679300618372389,-0.26919865709024404,-0.06462162824235863,0.30261023488533856,-0.37207785713023667,-0.39133777895038846,0.2810023597910694,-0.5138673079467986,-0.288454645480299,0.17655136187420775,0.16357721986987064,-0.036433615359113,-0.008190351691181723,0.11123419385749936,0.12698903577038506,0.053039195912070854,0.10245671418812091,-0.3974393931169115,0.0252885144465042,-0.13218824054450923,0.1776490404559117,0.2536672486409424,-0.1321370911509215,0.03487370777383158,-0.05184917776185248
2023-08-29,-0.12230831117708225,-0.3012308701691366,-0.20332812627823732,-0.20679570549760262,-0.029223644557384028,0.029171696255383902,-0.3698569456833921,-0.2628745964671446,-0.0608659060815182,0.061856307390976306,0.025802036043476733,-0.21418169780969576,0.1764343949509502,-0.060560496503759983,-0.41150499225394077,0.17347697513060814,-0.02796021796845736,-0.19306758857578687,-0.018532758364400763,0.08388452699207882,0.12899305502273886,0.05077021313714773,0.08981357058186105,-0.27238491590231245,-0.06180563767515893,-0.07512065427640058,0.058743590010476784,0.345139110969877,-0.12007003506823705,0.054509057325238586,0.006121248029915149
2023-09-01,-0.07290597037399578,0.13430991969608355,0.033031850549274044,0.1887616888373305,-0.08756874561940446,0.1053367606511527,-0.09240486187791015,-0.06993665406504145,-0.19007516074355615,-0.05394021589164732,-0.20938619507956183,-0.11345629520904299,0.04432623249527254,-0.12475629705145079,-0.04705094930674864,-0.04942064508331504,-0.0045294238065112565,-0.09762407341384596,-0.14382592568425429,-0.17676950743045777,-0.19678661234595443,-0.022278137859639204,-0.03989853930407743,0.20717243199587076,0.013994575817546468,-0.04922908879998948,-0.019559132973817547,0.06607893684112945,-0.010208715306950012,-0.09658850595533229,-0.05609586025458666
2023-09-04,0.008056759827997868,-0.0828980591781975,0.00652834177049389,-0.04961268498787864,-0.02497424887899896,0.15052666725834704,-0.27372397370974344,-0.1363859313543691,-0.16083668175552437,-0.1764269943820079,0.10786917109479832,0.22948328727424186,-0.010157161888550972,0.08410134858381609,-0.2691948782358559,0.1705777936245018,-0.03325558929163079,0.12082275356336183,0.03508697541953326,0.06695189602996075,0.02313530435807329,0.03458574891039323,0.030343776826028526,-0.14299396275952622,0.0012725859349844478,0.0356553194959092,-0.14585820340704314,0.05222861961648076,0.03535001337103434,0.017769930651033335,0.0766334719000548
2023-09-05,-0.12407822357706084,-0.03673264831118056,-0.09164406152792809,-0.08410940260286448,-0.12699212016785635,0.02960989397137801,-0.16438412549929696,-0.048555881621960936,-0.08793471964807394,-0.014557257273107329,0.12486759379091808,0.11077003091038064,0.0493513820592039,0.06411376682326884,-0.2853837868117461,0.17071234866018467,-0.0030124159939564532,0.13418486693463041,-0.16126633616963212,-0.07246833211455891,-0.04643535159946035,-0.030114110621296195,0.015098186589803582,-0.10032910458304427,0.03376571204984885,-0.0905889647494228,-0.14377331403138693,0.2539523712063449,-0.07675590910379904,-0.09946237737838207,-0.0917137520199542
2023-09-06,0.04631461942492423,0.15053845238117997,0.057580158760782235,0.06792246135206204,-0.021675070938869223,-0.12753268053989059,0.27563464984572966,0.08599827810023777,0.12113942191668049,-0.16321353728395968,-0.056799948623255804,-0.12726639366457562,0.021356503135672805,-0.11429430803098005,0.21255829578104404,-0.015643942653221714,-0.09658018206274853,-0.14229663248662314,-0.0022898916959838383,-0.08574215341387464,0.0158011641566997,0.026813474553142955,0.009226577367057126,0.027647510717081873,-0.0021268110558310543,0.11516442565811706,-0.1445013613059185,-0.15782712652494027,0.03851898689031323,0.006713592720034804,-0.007340726475707467
2023-09-07,-0.09610078939744217,-0.08247374607169758,-0.12090609199769722,-0.12928595988316585,-0.0349571624290126,-0.01621471364621235,-0.09634105262012023,0.012511028314608466,-0.0053209199869199,0.01488449560942664,0.14879964708461416,0.07819534547002481,0.015398753417977522,0.1428051360047786,-0.19514878923433132,0.06253271696440033,0.07547806912710206,0.096997924161683,-0.07255247593200666,-0.032399398741749456,-0.009604690330642053,0.029824148075942112,0.05401416219725256,-0.06295598605647375,-0.009256755362757527,-0.08574176835035245,-0.08489987758739091,0.08737169246232332,-0.10387513405760901,-0.0005107795736900588,-0.06313095111186215
2023-09-08,0.11776318432494225,0.104195863499842,0.08257256167331291,0.06005554284992427,0.1025453401883863,0.17103777747668242,-0.2626496220521394,-0.25452527499302735,-0.10331620264948038,-0.07472561105932533,-0.2988737623503777,-0.2631194333833738,0.10089505766200371,-0.3284147376000886,-0.05041724921898243,0.009307200831338057,-0.07913308480478813,-0.10138202894778219,0.08817687736179651,0.07440157120859786,0.09649135129776075,-0.0476841468036143,-0.023115126980971665,0.1083040537800733,-0.05223032309680205,0.11025637424446588,0.051898283117331794,-0.04739335143484025,0.10481809761746393,0.07903869800289169,0.10796504941113387
2023-09-11,0.06724816893238575,0.1286520218563344,0.11237559457793604,0.17225119074784004,0.044060561203762234,0.18439657950609853,-0.12657870816099476,-0.0775060076735633,-0.1252651039997973,-0.16610180469038513,-0.034297698671862886,0.026080405179318474,-0.0416303193495589,0.0521655079368497,-0.04082083424829592,0.09490255833735774,-0.008658274728056716,-0.046136306772342504,0.008976343816405326,0.008156113816835689,-0.057780577676139984,0.011374670452841868,-0.022501020232436785,0.06697144780488316,-0.003343131268881649,0.07323779577432801,-0.07433161649870106,-0.13957358202098813,0.09286232248973807,-0.04675439831536912,0.017194220102716692
2023-09-12,0.11038580223214957,0.23525596222087208,0.19064063268734777,0.18794987994364348,-0.03278383615204818,-0.0037663768147997005,0.27071126070092394,0.2763286258941544,0.08239203435092125,-0.17835029980229972,-0.19856288636754124,-0.23543954679389187,0.07300327342058127,-0.16051378294230106,0.436239463985459,0.03484513599859103,0.03297827065203526,-0.006855474995922306,0.07818720819569451,-0.03564598721544158,-0.10651100183913803,0.0107244018223885,-0.048857493741097616,0.06753068470557315,0.04889145997217427,0.14420205712303455,-0.0856337762175101,-0.4071844610384383,0.1241716560060964,-0.06275755332336777,-0.022468166173943833
2023-09-13,0.14342149240393656,0.2517377224452681,0.18945562963268264,0.16565571632810164,-0.036283399417799414,0.01708702043264164,0.18237116715713703,0.15290539314120485,0.06323520436887864,-0.27729465234752926,0.08140440585043304,0.1565281553131814,0.011115869389620208,0.19176114474896738,0.2145221998060807,-0.0937537311316415,-0.13847696892676728,-0.05264335935353231,0.06615854500371694,-0.020960975599576364,-0.016878013971319696,0.005503319597024946,-0.06717221566714093,0.25066520154841626,-0.05604565577538573,0.15773680985178712,-0.08705239049869717,-0.19472645350984052,0.15850198609321908,-0.02377788797608891,0.05204869680101807
2023-09-14,-0.043808867406801164,0.08684791627004185,-0.014418123727532242,0.05599343807898885,0.013867611378174228,0.09424767665966928,0.04534787031448611,0.11117827018758085,-0.10843741116081246,-0.1315598602669706,-0.028806375913941914,0.07982475615234925,0.041094881996039404,0.10915906504394447,2.1811381571364544e-05,0.18284827611144988,-0.013769223165267188,-0.02254159133138493,-0.03493607131466125,-0.07425027207151663,0.01206588335061832,0.033552880194420306,0.0003110662332520733,-0.018408897422136715,0.07640005200375222,-0.01711783601890389,-0.1307511693181223,-0.20832521251704939,-0.03361214450196231,-0.05673053184206035,-0.06287229786270271
2023-09-15,-0.011654389530405542,-0.059411312635142335,-0.06258663101710499,-0.022010904667376725,0.0779850098881124,0.05865194665916456,-0.14491102308939302,-0.0408229059006047,-0.04051130637438679,0.04021797875389985,-0.1317988841189842,-0.15409674962543432,0.1514411026608732,-0.24229373594099154,-0.23962312767893473,0.24062286965984156,-0.05688079727270272,0.012034487987132438,0.013661738198607377,0.04962922157901672,0.02872761213991548,0.025053045320616293,0.09243664772066458,-0.2722699799462621,0.08806555667110265,-0.01780264503194472,-0.14891737093578536,-0.00099629363994526,-0.02940519936437788,-0.07448781009280511,-0.09280757573320447
2023-09-18,0.15690753992534695,0.27271952590059545,0.21988250563143957,0.2156468209058241,-0.020835221523067007,0.008591147976918522,0.2099671329003895,0.25040537936892454,0.10013553069958528,-0.29478303530549416,0.05335288083064723,0.2612517860655479,0.012343580691922205,0.10129464449830697,0.3201080878133229,-0.05591398577787028,0.0009385005675308225,-0.017238963314804536,0.1023974008995883,-0.022849461580714898,-0.08033253976132022,0.018808155794172877,-0.07329288715251066,0.199413052952749,-0.044792375762379454,0.1610709413841497,-0.08464826427147436,-0.33700481076092914,0.17291743892483497,-0.05792933388655447,0.03605154203938598
2023-09-19,0.0696679240775686,0.11275645707836883,0.07485474042080424,0.07769160051828088,-0.04032933085514255,-0.06762148171638134,0.11822553816488363,0.12607646663697053,0.08688831236888266,-0.10294580766163165,0.014042557647118774,0.05943460280200798,0.06428865892846417,0.07933795869407266,0.13157954829497606,0.03022026162359848,-0.016330857509682998,-0.054629684354957825,0.03356672862943646,-0.005766540487647706,0.002512927431894508,-0.009542548932180152,-0.029146364520961993,-0.02305882064585298,-0.006343605759676957,0.10471179702889641,-0.08923175494664351,-0.15087044990068524,0.07925912820647014,-0.0571623353185461,-0.04045485553029811
2023-09-20,-0.08999764640537128,0.05626082943654862,-0.08734689935910339,-0.02166733432564704,-0.06404219089779442,-0.07672201835821175,0.019841164657402495,-0.0034544722184489487,0.010219913759786143,0.08464548032202376,-0.06646572826685457,-0.21122165201820114,0.10658247401889694,-0.19122972710727493,-0.02972516530561044,-0.026411342238145993,0.013222667226228125,-0.11354671284135606,-0.13528433021883918,-0.12232260908897855,-0.03521305795656894,0.034087249081912616,0.04177621714827224,0.04942042692284952,-0.025501545034898782,-0.06689621838882034,-0.019423811773574984,0.1583630902614339,-0.0854563530454724,-0.024030998262659913,-0.07271315798815055
2023-09-21,-0.06394126089484414,-0.1744095727977592,-0.141872801353847,-0.19646325363068898,0.020204607095587655,0.0791487760095111,-0.307061015889255,-0.40858491492735927,-0.17217724086646263,0.21576848909555504,-0.345019928073547,-0.38684965195423915,0.12879163322527068,-0.136826802544343,-0.35010063989435974,0.06800716859646722,0.037228798138792506,-0.2095450431940167,-0.05144656252708436,0.04516510536339718,0.10452791323604174,-0.06035674655643797,0.017110581999314374,-0.10566625417989453,-0.04765086570791461,-0.07411357793707256,0.12944524073410218,0.43407317807953694,-0.08007691836959396,0.05042548371841988,-0.008830867082185685
2023-09-22,0.14043752427895811,-0.028855922431918223,0.07485165965807954,-0.02281122729883877,0.04072060092703559,-0.05605977948828562,0.23622127088323241,0.09186819409278914,0.12435338601683364,0.008093539332340307,0.24972002926474232,0.03079867245337478,-0.04179898617653255,-0.13086731125158624,-0.043508065348529724,-0.010439640098712857,-0.04296082219014172,0.0959820418753483,0.17716950521721167,0.17675280504316007,0.1564009158293222,0.07517925756037946,0.04994198527900851,-0.12931380212520957,-0.013738778312763171,0.14089212039148472,-0.02690967388353915,-0.17055187795503304,0.1170370022892939,0.02011623155207047,0.08218461607768553
2023-09-25,0.02556150126734485,0.014742709593963566,-0.03623608047982413,-0.06067860204390802,0.05047457703320261,-0.1426202941563617,-0.04660354365600089,-0.08385805128096123,0.1216298427732401,0.03466920475269581,-0.09131082680494625,-0.009494967239711475,-0.050029596593586495,0.11186201796755897,0.037538198385147145,0.00890663291840019,-0.03493342411748608,-0.02878157871012829,0.040358838439585404,0.02012968973465314,0.10971291790727007,-0.0013589638038246392,0.03145930717777556,-0.01540665339122188,-0.021543750508980997,-0.004881802102879327,0.03789918565025188,0.04049371376299923,-0.037248342145139085,0.09112249392891142,-0.0038870108955837675
2023-09-26,0.12596018646324933,-0.011823644019432245,0.0985908246618038,0.005020442061553552,0.1127573546870167,0.22388600450640525,-0.1392731535231121,-0.13181591842476387,-0.1636726602721846,-0.16120281832908873,-0.060006485542313075,-0.06395072038007536,0.04719806227312792,0.029155579771275583,-0.187821030994483,0.13049327656683607,-0.08422352939923426,-0.036468099655823205,0.137452887554725,0.1484688023800349,0.10597622610947591,-0.016681755870250434,-0.03527435187803892,-0.08404412433590143,0.020268239111692267,0.055773046280416995,-0.10785238449006936,-0.05338100541848671,0.11415740583005267,0.04470024680388199,0.09604696917582677
2023-09-27,-0.18440479504839008,-0.0608191819127324,-0.2072694417336655,-0.01442237384445271,-0.00798716309982903,-0.08865256027299562,-0.02963729208437499,-0.14381186850386243,0.016551299039497078,0.2636152257973828,-0.2471467865458618,-0.09959518410761771,0.10313420636570478,-0.20952308793375057,0.008262497730307506,0.06432072252102532,0.11238684462600156,-0.04686287422634572,-0.19012205619559408,-0.13637562582012863,-0.13369303216553025,0.05349735612215659,0.09463870317870031,-0.11093499831182696,0.09230276963162316,-0.1864022226083795,-0.021650875967661347,0.17822796672345778,-0.19912859054779214,-0.047119138178469536,-0.16606596130503426
2023-09-28,0.022946485483803087,-0.10422882929428724,-0.03451581097137435,-0.04616325439113842,0.012735412852291263,-0.059056790382135904,0.19113727987412235,-0.055056007274190924,0.037487846350969564,0.07188896909346981,0.12133933936438875,0.09243643687703297,-0.03560447464208549,0.048298447713733414,-0.07247714959498554,-0.1856643872535161,-0.04904471735113334,-0.018623496728650362,0.031172820464938918,0.05266367228476598,-0.013934739709199185,0.052033465857242535,0.05894703538213523,0.07203696554532445,-0.09000811690297912,-0.003474221380392367,0.08399901859546695,0.15275222668715902,0.001322292933344435,0.05565105049826843,0.06537362515722699
2023-10-09,-0.29247211728743217,-0.13541512428037875,-0.25580065813901776,-0.1418612402062092,-0.09947023255382798,-0.05972873490292053,-0.025398407281215892,-0.04281905765788041,-0.12262284228786648,0.17895684082559216,-0.03878832731296128,-0.04303091130408008,-0.004930689243446512,0.1287745539988885,-0.01146799745514187,-0.08179125659226923,0.12594847950085333,-0.05781366084010284,-0.3023286937980183,-0.23899287263275398,-0.09534978413727997,0.007521759557675328,0.041748088066790506,0.06720220783371633,0.03342790728946089,-0.23338165003190123,0.03243653922526091,0.22968349872270702,-0.253611458419686,-0.08343995515312527,-0.14238766609333153
2023-10-10,0.013091848986978702,-0.11618738014560348,-0.021537501209865827,-0.15427244521813085,-0.035343652675534576,0.05725869309975538,-0.025736460776016375,-0.1296605328958898,-0.15920277406969705,0.04587474699501446,0.01658244277659087,-0.053322281495694214,0.0743642110118439,-0.049188998201567705,-0.06494049503604563,0.010077716429104685,0.0034363969241049818,-0.02680768020096865,0.042244560730485055,0.12455026006559602,0.21791222388368808,-0.010402064239073968,-0.005499502126059283,-0.08011132328678848,-0.021942103728350086,0.03898986381751177,0.05309871973000212,0.14807443598367281,0.029256141845659424,0.0050469750096643244,0.05964916178981778
2023-10-11,0.1054466240224617,0.2415208082024115,0.18244220010526052,0.23876495107983206,0.029074790704439517,0.24218202981396197,-0.15294499683685378,-0.07679548704146845,-0.1268054309193239,-0.21564095362189686,-0.1575059087533772,-0.08443169567281575,0.0563091765316951,-0.12589409859274367,-0.15748857295640792,0.020638075899012728,-0.08395756730119171,-0.06617941817041943,-0.0016321463474775163,-0.0672866736991669,-0.18355487003292378,-0.0008228760523700275,-0.026721949165119677,0.2236361678310498,0.004812576540260118,0.08250971613605716,-0.10799923640301955,-0.04493161766804442,0.14825567412910276,-0.06584612198017276,0.03689071966774926
2023-10-12,-0.032349286531300696,0.020009495687904208,-0.03671199076819421,-0.02340137243272437,-0.07360761989111307,-0.14731193508998275,0.3090458998281228,0.21964144268503735,0.09560722729551564,0.02818175540223022,0.388250827387867,0.2939676862950836,-0.051184974528449764,0.28101608486580626,0.024792895108528442,-0.14299502339321177,-0.06778829912788194,0.03915238941982053,-0.03570740980279181,-0.06172540730073085,0.03718685185244887,0.04250305542259783,0.022988072852603528,0.07085384205209286,-0.05974587029105879,-0.0013091743955715425,0.002253855154941307,-0.06015485865266537,-0.0293802188772875,-0.038721721413142965,0.0030172628089107155
2023-10-13,-0.030041109759769338,0.1922031656117235,-0.012474966979950841,0.14194077475471417,-0.017630875056996894,-0.12182432343248806,0.0833239942391613,0.25226051776311076,0.2234689049152811,-0.05963723931649625,-0.1751775897325371,-0.17401393987761707,-0.02289345167830371,-0.12650991799121522,0.004587862709909517,0.10578493001208401,0.019926662438886113,-0.09091808961252228,-0.09725290581266356,-0.15842400793231098,-0.1388044097981139,0.030620188259317803,-0.005078119324767216,-0.004136668050002272,0.08415146910935538,-0.006760391222972993,-0.19787569972912536,-0.2921791262828862,-0.05170821506498802,-0.08470567565625564,-0.1699598501526155
2023-10-16,0.10157688494452681,0.10997205597360869,0.0961540140302628,0.0194736831856123,0.003960512354875806,0.06984395895203699,-0.10102373999535515,-0.026814522410493848,-0.051561986957757225,-0.1807659115718717,-0.16804800217856763,-0.06605327990136275,0.07300103519220867,-0.11852371848809615,0.004459473579357917,0.05363054427909993,-0.04429788087305934,-0.008689801163176988,0.042441940534763994,0.0362996796093509,0.054354408618974615,-0.017659725468592964,-0.021372981032963555,0.01889951325545087,-0.05564214427518204,0.11582023821358643,-0.11484418469683227,0.009191721658078352,0.10009589456102802,0.044589001391026485,0.09247675066650418
2023-10-17,0.10926552754190692,0.11769404375457254,0.09329353136067074,0.1263708068080741,0.03262090921682818,-0.04454567526254312,0.10997932158951353,0.16751457491246263,0.14940735565823848,-0.17093125461590405,0.05509808632491167,0.06205245078632794,0.02585202533004286,0.15644313518075795,0.05410383017741402,-0.035838643705884896,-0.0461376284688721,-0.07059523723021496,0.06018865377899173,0.005006611946306321,-0.10635639389813573,0.02924718056740818,0.042711116769294497,0.103979143888659,-0.04096354657498577,0.10538383720299413,-0.09443905257408171,-0.03518125093331528,0.08522451078471047,0.03770673000394109,0.07799760539287846
2023-10-18,-0.10914386835309457,0.005712134756903667,-0.098140598790425,-0.08979630529826217,-0.054029353467742965,0.06840358203313095,-0.13893860730511431,-0.1700412523174404,-0.05344137760908348,0.013450974592187016,-0.24614320647597462,-0.2373749819356483,0.10028982614318711,-0.1381009614608355,-0.20558808672682094,0.26746127009559245,0.025517091499499673,-0.07988240288040667,-0.10447797468351103,-0.05478528560642891,-1.568272411767714e-05,0.032131844021635075,0.04179181176003027,-0.19865896018760643,0.08723522010301324,-0.08597388552245021,-0.16059395704052445,0.07720727762799408,-0.10038650086542611,-0.02168341079453102,-0.12223140740489445
2023-10-19,0.08964669282099721,0.2659486650564311,0.17706525120698935,0.2550683777342124,0.052967569981475754,0.2234668510769906,-0.24881583672889837,-0.07160641100686982,-0.06248428402659764,-0.21208659367968163,-0.24203438535134125,0.005817225966225761,0.05628301827665646,-0.16260674812633524,-0.15394032588116283,0.15218094411907046,0.02298646495228233,-0.05962001756157573,0.01024115712723563,-0.07982234017261686,-0.19540266007615145,-0.01244225576089724,-0.02488750139299687,0.08445824876329079,0.04759225454872182,0.05450104973248631,-0.1271511655497293,-0.1781733857764556,0.10763141120089827,-0.10429938187271913,-0.08116844657702069
2023-10-20,0.06358226652448237,0.02254180316776472,0.025865870939055385,0.03185389166124331,0.0716803346316528,-0.11824071559278539,0.15511238713121572,0.1982117476599698,0.17200297759823371,-0.09143710868064171,0.039382747164147025,0.10422556204201305,-0.04504147946269374,-0.08276294689192541,0.049750656240123786,-0.0521479056989893,-0.0601719817389982,0.012422782560244707,0.0784534502085045,0.030309109411428392,0.0413029101466167,0.0650664563032053,0.055146131933890424,0.04412171109264424,-0.02684380964056418,0.09227016482122485,-0.018987529860798893,-0.17363610253825937,0.02096162575407206,0.05283785883714338,0.06857946571509044
2023-10-23,-0.12011899294433688,-0.009976722578974728,-0.12422536103974234,-0.07573902117692431,-0.0779147382409649,-0.02491260737242739,-0.11715272767365564,-0.05501564659032354,0.11037378207000478,0.1397600100130167,-0.17211634585047722,-0.09162490925091893,0.051548810073770025,-0.1475651962148037,-0.20278028384528618,0.3427240201748211,0.002576562416676358,-0.06601177219626904,-0.13867358859337545,-0.06638647299638072,-0.026756977288335593,0.006782463469206288,0.025272924244789843,-0.348206029256676,0.16963245164430224,-0.08656483727331946,-0.14227762227825005,0.022063837345534333,-0.11482219157099034,-0.14282702928435742,-0.25293191560131134
2023-10-24,-0.19001286430922454,0.04501581896127908,-0.1480399090220538,0.039472620296272645,-0.07160807058694713,-0.03654745280274562,-0.006555758204193003,0.033448756468505536,0.06388873760218444,0.09108248314468174,0.01211416064171242,-0.0568059016215813,0.04894127246886933,-0.059745896727103835,-0.10526136063528145,0.05904717984938044,0.011689342614776029,-0.10724268716972249,-0.22969267433768556,-0.2225117016110244,-0.15584453400643067,0.054674888311241565,0.07042535734740911,-0.0037741230718643377,0.07499054357307341,-0.15853725176395964,-0.09115742702273825,0.050102370922456785,-0.1796009478335288,-0.07760514588075722,-0.15760920934713285
2023-10-27,-0.17605916185295603,-0.19414009882208183,-0.16821221924755672,-0.14445705716605295,-0.023984072509647902,0.029274854962757033,0.002053612931677968,-0.015342794071787175,-0.058095232110657855,0.16005373676502416,-0.09642385332210059,-0.006892295151043981,0.03922053163030555,-0.1093195886028664,0.02763811407678948,0.00518797405839386,0.0011547615172450031,0.09203243084504707,-0.09768888151939849,-0.04298592128323525,0.0534320531824322,0.08779498182784778,0.10190903468532125,-0.027207641060628292,0.04521391913277053,-0.15824348772755265,0.07244535552782949,0.14025650153530836,-0.14614450030991216,-0.0571685054486335,-0.02524098510649472
2023-10-30,-0.02547440247686904,0.10429529536516736,0.028068041542885776,0.022069748518958536,-0.04031778745912548,0.011676678470616571,-0.03548816157219933,-0.01629665209433743,-0.05749473433558932,-0.17281016779897568,0.08599398709632909,-0.014268120833781497,-0.009808132336598814,0.07701555882979579,-0.09598733747801545,0.12311421424646567,-0.03373038274459772,-0.11315016245117844,-0.04174864344119765,-0.07700697489636618,0.03058319098053628,0.1184813657736145,0.09284791473826676,0.02049930065468766,-0.03524888685308179,0.019061472672276116,-0.16757537560685346,-0.15905089382676163,0.009405260456845248,-0.11815049459325583,-0.07866244207051892
2023-10-31,-0.0465674505616487,0.05843883851465203,-0.026598414144762904,0.058124394345302824,-0.03908497801197941,-0.009309731567058836,-0.015827695367939366,-0.04234748675343904,0.02810004058403622,-0.07463840344120376,0.07402272822386334,-0.03284844330685835,0.06124002960372678,0.010338867555037904,-0.20778001904775223,0.24783239416657707,0.023124967079310183,0.01113643786752979,-0.07951521714575067,-0.059874995696770184,-0.08589648839254553,0.04764764084416231,0.0700710249683237,-0.19657778120042796,-0.06685295756237311,-0.02338120496087436,-0.2576681548045054,-0.000756349251128882,-0.02658014455383759,-0.07726258173763866,-0.15053833052272397
2023-11-01,0.030097788112735262,0.21204333235551034,0.07101700883015737,0.12843747955579746,-0.014562013108670635,-0.041286518455449554,-0.07519171004103752,-0.01875457320377172,-0.06467593195458762,-0.18260840628626626,0.027161597914717926,-0.11341216838035821,0.0679222632043612,0.01174469834356389,-0.0038911902923419303,0.053677200896058354,-0.021041661682246787,-0.13948073777551454,-0.04500436604298949,-0.10155051414777175,-0.053773654370677375,-1.2256661368738245e-05,-0.02899542414127518,0.0738185773038432,-0.023005954786455,0.04897966313717115,-0.09577167033984871,-0.1711815738336039,0.040771934447247186,-0.07227652548510742,-0.09669995248649164
2023-11-02,-0.03930281650174528,-0.21825071757680578,-0.08915444941042217,-0.17567506238361769,-0.005802263935807215,0.15359061294339502,-0.22105515846797852,-0.176954355612669,-0.060513154294007485,0.1555654244634209,-0.351566659902289,-0.2828806815739,0.012329556756676286,-0.2899129726692372,-0.11026159675384685,-0.04467382359592411,0.07812492498290585,-0.04818094407866828,0.009365767902302459,0.09333843971491537,0.05275740052116798,-0.08356314472974938,-0.013140329544328717,-0.12136574206012125,0.008454199909347855,-0.03954669168025378,0.10727642904158505,0.28698067272413813,-0.023908294556006963,0.05435617821978923,0.09187643663743385
2023-11-03,-0.11426763393875967,-0.1775775623033078,-0.13042629967597816,-0.19965785732575478,-0.03223851716683436,0.049862476519582165,-0.17517201234598043,-0.11367520978527189,-0.09266473501753476,0.33820799359739595,-0.22002991333538094,-0.08472201609643815,-0.001479495431313327,-0.10188468861163268,0.008951980657407932,-0.17132016269918365,0.12128208344526828,-0.02866971620871202,-0.07508648369779657,-0.009964455568808402,0.09797556299676057,-0.10099243973982829,-0.07472119124039658,0.025069012784450347,0.011275017815739322,-0.1253870225262807,0.3391338380262252,0.32921803843617276,-0.10165061560596411,0.03145611670677412,0.01825812733107442
2023-11-06,-0.18636532725710134,-0.16059945203262038,-0.19139119338842003,-0.14546914575457096,-0.11253023635169283,-0.2598970845917196,0.15397591630559754,0.19550133657521232,0.21295035508140273,0.28537199840010224,0.07191367084190865,0.030651749136997374,-0.019901760413448683,0.09621674443391534,0.030290587091638985,-0.06398642136058785,0.11129001156762558,-0.0004706895050664591,-0.17096467149859462,-0.11364255184797113,-0.022901755853919813,-0.02357285970643446,0.010521744529466638,-0.0827401400573632,-0.028070745996597198,-0.1395821008250885,0.03917027246710742,0.08245107112107754,-0.16809298413955506,-0.07196772479823396,-0.15939149286590065
2023-11-07,-0.0906903522757865,-0.12048976274321187,-0.12137994004962248,-0.12848858554231282,0.01806952432977663,-0.03726896185391144,0.02667709000140503,0.010299949159519907,-0.0897420847315135,0.13014038763582617,0.0026191562447380923,0.01302094528219238,0.04158821564615916,0.06871123393109604,-0.03500526648253756,0.001726325238586165,-0.029528799645751332,-0.0488199276469422,-0.04348791759737211,-0.014843609908188116,0.19090118550804835,-0.07075522103521456,-0.08047543850717734,-0.04158258946048017,0.008953710246714628,-0.07590313129538265,0.10263299401011322,0.05232212136510636,-0.11259672757537896,0.0411768082638388,-0.03038051521109176
2023-11-08,0.23066879375681382,0.1961228449275026,0.26191252381688573,0.1811519982482805,0.04556204138213551,0.2952904826630726,-0.3315148616671193,-0.2694704455370739,-0.20609995147086269,-0.32661324303711003,-0.20874881980203297,-0.22218493864019873,0.07867944567114735,-0.20374254903050337,-0.07168847073663105,0.11065709288910716,-0.08030340154229303,-0.07978940611298659,0.1539477828902286,0.12032863494048673,-0.04839045790329856,0.037157748700201776,0.0016012329864674665,0.0397477279069816,-0.0378837259667755,0.22005767415754274,-0.06132189768036214,-0.06318875494087231,0.2471468476663376,0.03718116229537839,0.14364977796182138
2023-11-09,-0.00788463338480769,0.08784318995999639,0.013208530795833324,0.06102056076476304,-0.03967985366654467,-0.07452720528105722,0.1367082230977304,0.17081358852717934,0.12488867870664797,-0.08533415115089812,0.0669511889233087,-0.2109854322963676,0.10196945722528207,-0.15739534728862883,-0.03842135102813395,0.2074558129865978,0.021875259223937068,-0.06448992883767406,-0.026046535926158156,-0.016118884628721786,-0.04712744601439163,0.053377190242146745,0.046569545191600156,-0.0877632351881199,-0.030991725348657764,0.002546734402567352,-0.28071201386066014,-0.19190587805511383,0.0022622763987786973,-0.11920159293787265,-0.12123354073055236
2023-11-10,-0.20459253776281458,-0.08267462251927993,-0.20664790950260606,-0.07865819077562199,-0.03944584868707577,-0.11028109036079442,-0.08686794790030117,0.0063097111521837595,0.07328955309185413,0.21287078611846943,-0.0005197537621591925,0.04348074824215735,0.1057302749428665,-0.017110282262870244,-0.09132741330425288,0.0474644265370911,0.15863402959382833,0.10544365497080786,-0.22122308716918604,-0.14526531765736728,-0.06775186758265671,-0.011938332435690953,0.014483939024537444,-0.06510446198387738,-0.033027029519440004,-0.19696930899998782,-0.011765141937190266,0.14896727285424063,-0.19815143757531029,-0.021109426165747798,-0.18502786407002064
2023-11-13,-0.1347116516024632,-0.10628761427108967,-0.13842651592254734,-0.1192190404541526,-0.02060768239134607,-0.030092306437073255,-0.09293366555506125,-0.06003821471192084,0.030603120279524644,0.13976225706998374,-0.11858867195095216,-0.1083283879485049,9.66325520592209e-05,-0.19605909511277458,0.02356243459814321,-0.17225619642858878,0.026530892477103482,-0.005627036610857966,-0.1223379856314933,-0.11065263503896361,0.051623692458542744,-0.059710984117985866,-0.031098599373596436,0.06232056102896566,0.015497445020806827,-0.10264276247495124,0.18528607538564937,0.2004798519083562,-0.12811714656906206,0.08132951829276629,0.04993130228115771
2023-11-14,0.14575496149722603,0.04239956027551535,0.14709821000344722,0.10069219966122774,0.03153388150899396,0.1857342128672818,-0.13270519417305252,-0.08046393197594374,-0.06721349456928502,-0.10801288305594942,-0.17319112774188053,-0.1760095589531074,0.0884206924290016,-0.11875091119063777,0.018745556318657677,0.06216787563049785,-0.0182299459417234,-0.0100815800496011,0.14354040142665037,0.14371495156126632,-0.0485983124768155,0.030595964546282686,0.026715476032861382,-0.061309534776888205,0.01425153498385847,0.13056754124811845,-0.04251865181949543,0.02242880124108988,0.16980110904446,-0.004640296888273716,0.1113866163576042
2023-11-15,-0.037954027826371264,0.12306925137883627,-0.05747680728574428,0.06213901953772107,0.03399901013743707,-0.15371735154293675,0.10829442851210107,0.12730246489559233,0.15261171070293034,-0.02944537386319074,-0.08658264606692541,-0.10843143010661883,0.0828107006538361,-0.14486183526146423,0.04459866892524452,0.06548097582134324,-0.0026399238155190696,-0.023627676978733487,-0.0827286334745584,-0.1198441101292924,-0.050312665238720106,0.04250326483048806,0.032734194875593585,-0.022413509898539564,-0.04274396195743487,-0.015299513461372306,-0.12172084310758632,-0.16517735252613958,-0.08314022078012194,0.008954485662415435,-0.10385386223988326
2023-11-16,-0.01924283612976832,-0.07756750656481955,-0.07674889516070782,-0.06312955664455092,-0.021965883686671503,-0.052117129895991404,0.09544410844999741,0.10999069227185841,0.002342275891162233,0.06513714685071616,0.08203187603877078,-0.0066028026902641675,0.02387763924745153,0.00704479275230127,-0.16395501853514058,0.12321984710947805,-0.029236251547197643,0.009923492082431727,0.011227992059791796,0.06815030554883476,0.04680563723797315,-0.011887503828661928,-0.005800939662673427,-0.19460943586936097,-0.01329866779356925,-0.021844566682621278,-0.12843935128104972,0.13516122888102286,-0.03219660643477759,-0.015109653149406405,-0.05583955295347032
2023-11-17,-0.13460522782096368,-0.12908352470980866,-0.14239936080193608,-0.11902307246400695,0.01207395895555943,-0.02045957489026812,-0.009507205157293043,-0.028722770987878215,-0.044528456663881326,0.0753464518116589,0.07141928928868528,-0.011429705550757485,0.07049143456530481,-0.019268628070446568,-0.13290886383727837,0.11824870273215685,0.009314509238154372,-0.04619174226864785,-0.10194864379967387,-0.041221263430309234,0.0740590608615851,-0.017920039137487083,-0.03548423368731038,-0.12393113500569934,-0.002912721194184726,-0.09176956888522514,-0.05706121017636725,0.011566183889805967,-0.12810026369821778,-0.029365553232861417,-0.0826355000013883
2023-11-20,0.10564253632712185,0.27434255288438875,0.1604881301390818,0.21227209821368062,0.10094412048299937,0.1841943608734315,-0.27294779736356894,-0.2650476235866637,-0.10726727469624565,-0.26686360024559536,-0.1925620371969513,-0.20842368953061577,0.12478003994033945,-0.10554948661991047,0.16590053068349275,0.11426089255227731,-0.03518175131320955,-0.10140407386945159,0.018326748475627964,-0.048418663732014304,-0.021841597539245465,0.007130180544111766,-0.03149321039796303,0.16810386238532724,-0.0014274494903644107,0.1095285145218362,-0.03195617631973352,-0.22786203144686365,0.09670725202429714,-0.03676608391358274,-0.0423335673333038
2023-11-21,-0.0005230731363072817,0.17423403536632104,0.03203235217259483,0.06119042511738753,0.0027884488664402297,-0.009773425690874962,-0.0675183800840584,-0.07510381558346316,0.011713539373215209,-0.21884802448640303,0.2102811731038654,0.07674484654224563,0.03794603254013861,0.2698001870834595,0.12157662998236697,0.22182057384626314,-0.02200942939449772,-0.05627910911517958,-0.07022919537774654,-0.10160779986979006,0.021895224405216303,0.012133862008139418,-0.042844376704096514,0.00840319578101095,-0.051099027067291546,0.03587421917366655,-0.18808645528357068,-0.3324082063564558,-0.007330851865460805,-0.054009793489691774,-0.13865186586339753
2023-11-22,0.056265572193476485,0.06758109964136998,0.041352042688566265,0.09210257014286731,-0.021610269867799865,-0.015744636515103872,0.000955068670764652,0.08871592972350716,0.06460752729731735,0.02860656590845331,-0.1835514880021063,-0.22241329553124747,0.06244853012211517,-0.2370918030847664,-0.14012964835928657,0.06010162250473717,-0.029189077764745424,-0.023633754527598576,0.04911657273713241,0.06504650300500385,-0.012110615690464812,0.014353048969294367,0.030936223759177157,-0.09837989622091771,0.016495589624079654,0.07052224082159615,-0.06227028014076807,0.09463118814826994,0.0570270412772955,-0.007486788785953474,0.013454640291718296
2023-11-23,0.13270466786601717,0.2444526716803215,0.18183222942332136,0.20267123658271832,0.04827025192098158,0.08613482700473687,-0.1923808342080987,-0.04007456546448263,-0.023138929631215596,-0.3574262841063011,0.23505392177506867,0.24911815102369075,0.02103188253705021,0.4130262549753663,0.24824491825570028,0.1688825149129248,-0.08546607126583243,-0.003693368963722795,0.07731744367874237,-0.015727489587580183,0.005709962599437313,0.03397080308832017,-0.022007584444597838,0.1032308619605558,0.00038890004019875266,0.14675036324265708,-0.21334472349928,-0.44109118940422704,0.12279695459452585,-0.03473857474730677,-0.004094160069934328
2023-11-24,-0.03901630333947311,-0.11004926173196945,-0.1090546964845,-0.06868851890491844,-0.019046806889223337,-0.11993075432462567,0.08506520219058392,0.11961516614145526,0.09783320322877424,0.08011448974926563,-0.13666368916836047,-0.30034803586889774,0.05501669335760796,-0.2250136756150974,-0.18690320171144886,0.06235102097230315,-0.01219273187370988,-0.08145292591484332,-0.005144612653406408,0.032349197754105705,-0.05009344055807868,0.04672078392012908,0.08464553915589006,-0.14454602703679026,0.031168263426701964,-0.052883018396311925,-0.0907845768670142,0.11533649517436903,-0.07528368003901335,0.04532752601319731,0.016172988707125642
2023-11-27,-0.008231289690447278,-0.040773842554464264,-0.03438791652541239,-0.05752620117797119,-0.04382554682694456,-0.028428591907511097,0.09176146809386353,0.1358017703648696,0.0009152506382877852,0.013457905516995501,-0.025489536464233575,-0.1862109311040947,0.08082089902976773,-0.08778532131440311,-0.2037612075257658,0.222119119822706,0.010865510018152157,-0.09332291529409041,0.004151031494665394,0.07759535567864462,0.04081193674425019,0.0174277914685227,0.057806544584582335,-0.27309364863952307,-0.015047113234571632,0.01980677058602999,-0.1870075746707096,0.10162467164641484,0.012734876321613799,-0.07707778736397333,-0.06708850355294158
2023-11-28,0.013908987477020646,-0.10341242823235572,-0.009638828887031485,-0.04398701950526201,-0.06309916716720464,-0.09879639820627939,0.12661509888247935,0.18016227392877365,0.11686697685522753,-0.07435330042030337,0.1277944966652947,0.0529858053683746,0.05613125963494072,0.19904196934575866,-0.0830946202883048,0.12113294964851748,-0.03841908814544025,-0.07265759078558409,0.07228644090523047,0.09439461703129143,-0.00388830626205464,0.06596685997713833,0.08368956698618212,-0.14242712717819353,-0.0077642955560725336,0.04072964090454009,-0.16345546776615463,-0.005746223053850531,0.008650392519409952,0.012327940720610905,0.06536068254807409
2023-11-29,0.10269269520951728,0.1316808936661003,0.08622122175328388,0.07543414619354318,0.12549523624356254,0.05388989596206442,-0.09114716778761377,-0.0990283006860661,0.011051308462035496,-0.20499580225008474,-0.023905770057518348,-0.08601531498834318,-0.011534231958307809,-0.18156799164583504,0.3020900196622831,-0.018430241934530855,-0.033572532194234374,0.04186293314081843,0.07752016670412752,0.00720247193281693,0.08018766153365292,0.049877674080063106,-0.06588760621201946,0.11749208032935997,-0.011363585316759715,0.0881786352688148,0.004995895663539372,-0.301515767945131,0.04116746414802061,0.05449654442409825,0.031209222817458956
2023-11-30,-0.14512862591324374,0.029212365159572085,-0.10671158051324048,-0.05130976344518324,-0.06085538771734128,-0.06472888845415681,0.02646179247200609,-0.04803758276899472,-0.09583791574550686,0.21564079923764773,-0.18392832880693655,-0.3130939076374352,0.023460287829163113,-0.2004840181164267,0.03289526397999478,-0.09057835000860764,0.036224421628803356,-0.06563994254943703,-0.20642209701502706,-0.18228890857802796,0.014124961192147652,-0.03457555990951103,-0.029032847852087745,0.14890468734426943,-0.025172457545920787,-0.13299207082325998,0.17570486618668585,0.07718083365557828,-0.12664137259697422,-0.043189930071134607,-0.12218357333259794
2023-12-01,-0.10020787890738066,0.010948432329351354,-0.09586674946613737,0.0030697943317154154,-0.03773390042688953,-0.1577107400022562,0.10411125445591005,0.09146033906526956,0.10832988820632976,0.09833553716988148,0.13805477906904368,0.039034494506614226,0.019895574197283133,0.08264013988494237,-0.0675033720830348,0.02480056177454709,-0.01835602226867081,0.03244666350908545,-0.14328596791661877,-0.12872905437413942,-0.10783499334523372,0.04398735513016494,0.014159120992731611,-0.003874921186648365,-0.02832379408107098,-0.09398149320184844,-0.09478353066784345,-0.06936853069643627,-0.10913604615229415,-0.07995677876665114,-0.1644032645526422
2023-12-04,0.12545196553911633,0.20843030090141104,0.1581599948368166,0.14893873029746268,0.04922706076396868,0.0514749997519715,0.02960148064806217,-0.02080102669071496,0.037924258322792864,-0.2989106360767456,0.10461083531522634,0.01831199221734692,0.037288263782979135,-0.08326408660324536,0.13816609871111857,0.18741289338797332,-0.08025944609515494,-0.20950695988032733,0.052735631491590905,0.0172127311088078,-0.025917993946577643,0.0531529078052177,-0.0011675527018225787,-0.05714499065471086,0.005506086298717128,0.13440079796460322,-0.264687032867885,-0.3420978322591559,0.12596306396279194,-0.04319579522905427,-0.0232894430432028
2023-12-05,-0.07277607956128258,0.07961877430212695,-0.0014185892623564565,0.07794078509244579,-0.05301384735494463,0.05504458394322622,0.008234325827363095,-0.12199261164035012,-0.13000683411209563,-0.06034447157407844,-0.014400949177863734,-0.014309771546938783,0.02716583931439782,0.04546024426009225,-0.09844615362326663,0.16097401964341532,-0.04663740426337527,-0.0626841179781284,-0.09960237079845793,-0.0805485539170056,-0.08795832503560948,0.013254919794541622,0.03644187126784585,-0.026632437195426642,-0.021506374575531957,-0.047781418186303326,-0.16178270161786865,0.04450817289784836,-0.019190792474485834,-0.08483423590752792,-0.08746797127573065
2023-12-06,0.013387234323438918,0.06780825273066787,0.007357812041946068,0.0044799232651404584,0.006077919059842935,-0.006959114115208417,-0.04740545047315636,-0.048504000820114204,-0.12261618639856131,-0.048859592695685995,-0.03377257538734868,0.11532015232200725,0.008275162773989564,-0.078817310381775,0.012311723853838746,-0.07643489202455205,-0.04033234004750989,0.03447094748338515,-0.0287120973691949,-0.051899074724571885,0.03652824621629223,-0.002229876319261589,-0.009645882548683732,0.12969768644324903,-0.007252471951063859,0.038746556042531764,0.03763923182679654,0.13179673150340826,-0.0011436883113508317,0.06327887238072405,0.0621184132623319
2023-12-07,0.15070427121952337,-0.059057520803711135,0.12687034422627722,-0.06344673196723716,0.05956106745026519,0.19998832838449165,-0.268507822588588,-0.12822681806456843,-0.21131238435455443,-0.1389772943392317,-0.18190211930326236,-0.16770701288155476,0.004592871573866773,-0.13116884317240354,0.14456210469351347,-0.20278746072730336,-0.05132541978897836,-0.10211703637754332,0.20140609937797402,0.1711923674406731,0.1256651916642587,0.015462362176052959,0.032079344849349906,0.2222162493384632,0.041080895247269406,0.1060661409713376,0.23365280387091802,0.14575686685469572,0.14798779756530894,0.10931639464871884,0.2742276315074555
2023-12-08,0.023081182369513217,-0.07313771970371814,-0.0593159257890234,-0.09262541371442345,0.03118815634428328,-0.12659162303918875,0.111202081319577,0.11798364421835307,0.09620264450114688,0.10717082871438563,-0.010788815809224351,-0.06322480983410392,0.0672796351287149,-0.02228911488599576,-0.08968744532911833,-0.03664622646059675,-0.034529802665962256,-0.06402553851173685,0.048519669831302674,0.08066326932198607,0.05862277805118496,0.010457824200188178,0.03732728952426728,-0.03714175546269067,0.0199414560556158,0.005140322725045742,0.011586001932309516,0.13616306110798684,-0.022692729887676566,0.05777996222159281,0.021161063972307645
2023-12-11,-0.04591342703983855,0.11533094511563634,-0.03594572475731511,0.10456539401332285,0.03401511852244296,-0.08036312403029229,0.059168934885620306,0.004942019101539542,0.08064249942433346,0.0640763353560604,-0.024156839682119603,-0.11571177481698416,0.022499364012175678,-0.2238990838166971,0.07129399155789166,0.0020896489462987433,0.006346200813821582,-0.04900512006756567,-0.09586496310328531,-0.13040653759341014,-0.04484143081230596,0.00579434237611815,-0.03515790093033255,0.004547270510993145,-0.042192331075142614,-0.03847176941167236,-0.04955646589627197,-0.19237345051191013,-0.08554946308581475,-0.005371993920246281,-0.1555970253835135
2023-12-12,-0.003116406578150855,0.0683753878878546,-0.014957599564088087,-0.014933501282528693,-0.03822222261898042,-0.14543891724266045,0.1350494597449733,0.18108674365563016,0.23051457476467227,-0.04509048515576475,0.04918625386184096,-0.16713027965419094,0.07420130513772374,-0.08415891850264895,-0.19259834551023963,0.2663002650713039,-0.12472922264401731,-0.2289627999148853,-0.03524492921296329,-0.010558192462193437,0.022787161683208282,0.026504996395488437,0.024658523554691145,-0.15216446260132532,-0.031539477466528146,0.00714917036081478,-0.3205222115164093,-0.17963074663291587,-0.019041713438199742,-0.07683849035139134,-0.2106458214425852
2023-12-13,0.06668409894559664,0.2157046924396645,0.11579669063791906,0.1918694648936333,0.04172144906238522,0.07240138920308442,-0.005197266382722477,-0.06893980392056998,-0.023225949573750484,-0.21278222709207095,0.06891843328395057,-0.03966581487291209,0.010527790058608223,0.057917608936133146,-0.08275274516001807,0.19490421417307552,-0.09374543472339492,-0.018139077300794258,-0.012056028136592917,-0.04350204279713487,-0.11387356865976228,0.018742708459492365,0.02317381858183217,-0.021590778218145444,-0.04144657398734305,0.05287593380269457,-0.22361045627576806,-0.1752397952198159,0.06826220652950306,-0.0570398293430717,-0.09034235665990017
2023-12-14,-0.02157586087228419,0.09598998410453831,0.020027881594397737,0.09396716146564309,0.036557990944064894,0.0918686323766782,-0.03721968303310035,-0.12039746230538378,-0.043088393173260284,-0.04270779263315723,-0.05517783410010443,-0.1645371977581843,0.02419288520424488,-0.0340267958038786,0.01739519148631782,0.12082251587712277,0.003627684449115817,-0.07162975337795918,-0.059552769079936896,-0.08165228772291083,-0.11125389533427954,0.01680065209482871,0.04044637882528681,-0.049823129352886526,-0.017159724062435672,-0.02436326146251975,-0.08123048646508194,0.015470898162416624,0.0033607043381525684,-0.03993643257969342,-0.06816526715643352
2023-12-15,0.17156939275204366,0.07624645668894312,0.1260170096088122,0.05122725305533225,0.020900600969143736,-0.10534023941583393,0.09236040310607804,0.1535253406540525,0.22424569362002605,-0.12486895002908902,0.007233065952361253,0.016912727128520946,-0.014250140454857663,-0.04275551018246898,0.004193807197767416,0.04058369469012958,-0.08181286484338803,-0.03895125396865253,0.14646940273546968,0.1205089323531541,0.054934183019850424,0.043865309726187234,0.00856060660565872,-0.055938576265206305,-0.03191130915766692,0.18358336125390745,-0.07954904112485571,-0.1848378852598472,0.13655431522341696,0.04258373786994274,0.07636707169147955
2023-12-18,-0.07142883350058872,-0.21173230565072015,-0.13866017970420852,-0.18574473886592788,-0.04542838525039053,-0.02709189835078081,0.009387086806152401,0.014553682062324848,-0.12525955192977228,0.07413592866984904,-0.1487366972708999,-0.21596316788769557,0.05416793969486166,-0.1398688032100535,-0.16114843260801995,0.09523220950275589,-0.003277064787866531,-0.12706059548580703,0.012404271333152925,0.060924686320088926,0.08056750585183939,0.028733243923866617,0.10884109560675836,-0.20906069165959523,-0.011523316446656552,-0.03557540232109677,-0.05364674709824668,0.2590939721841208,-0.06310556835978814,0.018736119798724644,0.03978053946816937
2023-12-19,0.11947614477886888,0.1117642222195889,0.1344721194171383,0.05717128326942829,-0.045121711771330626,0.0016710062914739355,-0.048760943623121646,-0.01986129649765348,0.1245273994666623,-0.18825530529643003,0.009571511544099966,0.23450846285507693,0.053299545041253046,0.00012316881951979203,-0.14315141503516116,0.3045873499356458,-0.04594652120278945,0.0369357902977933,0.06597304841807923,0.08628220976058616,-0.03614159500774074,0.04428245751982692,0.0777315571231641,-0.23842450692427916,-0.07212492679946293,0.13664181519544186,-0.25210255110000024,-0.23933588455453286,0.1552868034548511,-0.1271574542174754,-0.10679874701762139
2023-12-20,0.03578623976067766,-0.016986827592620164,0.023288401265963144,0.07455043399234201,0.10019967780501715,0.1330362440695972,-0.0757732172964774,-0.11083071548263936,-0.1820893281210995,-0.01605394991042518,-0.05852284175148163,0.04396000148598473,0.033530616027183525,-0.06525657113963775,0.02166056707664646,0.07050048084395896,-0.002940164266765788,0.011667008568878999,0.06567258943748533,0.05516889000525741,-0.009249324360956908,0.0032451702656425443,0.0005684849101705273,-0.025770603983585102,0.01882440038399176,-0.003061177574111489,-0.01682173298904485,0.10335945960608446,0.019895388210213843,0.05378681776920572,0.054809281693161245
2023-12-21,0.3084988407546838,0.21488160855666205,0.34587604874813455,0.21935030039892023,0.11337042467955656,0.3414288440422029,-0.29421084493916716,-0.28060740565559555,-0.17965025606089316,-0.4574364912003347,-0.09236451336105446,0.03926369260227503,0.026675727378684382,0.01021038235524555,-0.02239290141786644,0.014385505896415175,-0.1356516802064052,-0.025958928840670126,0.2521540374550663,0.18229132281443983,-0.07024735973540522,0.036191675744535606,0.009978515671346517,0.16631506047749062,-0.004700897818108767,0.26552462306724217,-0.0988543285984015,-0.08676190187393092,0.342522375764606,0.03731596579017638,0.2410833626914374
2023-12-22,0.13249814420050648,-0.09432680264092114,0.063899753602959,-0.01994883904042985,0.07518330538938696,0.0016408602575955105,-0.06351272378987322,0.04287534045374267,-0.030988430476251296,-0.05890182604942729,0.028320276677271387,0.09912416439533565,-0.01037616254179084,0.09733886280799586,0.08694294410965885,-0.14598202592903953,-0.05044058178459405,-0.07000818195322361,0.2034494010509927,0.17577553720254127,0.06858475367631232,0.02606947484092843,0.013630485417529177,0.08767087907620455,0.07160720945417492,0.08977671555103942,0.12256584793055429,0.086245832938184,0.1015242636733127,0.1258538761637134,0.2301360682887232
2023-12-25,0.16312039206419182,0.21449110098184884,0.2233341322735687,0.1758733693389223,0.03650101833086834,0.1415489379418001,-0.06207884054939935,-0.11778684662912962,0.04473239366711715,-0.3034301770049625,0.031113502815300623,0.0871727634871368,0.008771306347696097,0.11073689011665462,0.005460223023589306,0.050150318215578825,-0.1243332292832924,0.06376307084275147,0.1027334977381496,0.03515031333376902,-0.0664063128101838,0.051980472287777975,0.004586547212615071,0.08949109312503445,-0.034451692407234544,0.17383982585535554,-0.08367544678909201,-0.34914422700113434,0.19036188880130916,-0.03887980078746133,0.021206389154136942
2023-12-26,-0.03657462398817536,-0.06273479918627749,-0.09189872819898749,-0.04857999604753342,0.006308886708795739,-0.12740022717371927,0.006186530734559236,0.08664730751121036,0.16565901356888993,0.08706886420421214,-0.2213571659212275,-0.20396114585890393,0.13781773217030197,-0.2662213933362772,-0.0809900318776228,0.0598949959710532,-0.04970261601029521,-0.13078946249232049,-0.012838904391242701,-0.013402950513843704,0.013232751925229472,0.05288056901614189,0.05703003480260293,-0.10909925375230069,-0.004610130329537004,-0.03275246745220486,-0.09099766778273526,0.014836560478362576,-0.07616727922586648,0.012221359411806626,-0.031859002888232575
2023-12-27,-0.0046062404666907105,0.0005240536464922786,0.03853133136635143,-0.003546840517345415,0.06508960841645925,0.40729481743194595,-0.35136830597466767,-0.3812597360503133,-0.4638894491746748,-0.10328564079943242,-0.25810637984363693,0.004049642104452968,0.011426375138166488,-0.29390474614716267,-0.05245879756025468,0.09825966579680494,0.03630546977856702,-0.14367719334251555,-0.004481649469677375,0.020776127968669792,-0.03861096862310904,-0.006852706059714685,0.02348566823423752,0.00693140953719327,-0.021024772541111268,-0.011592199969322732,-0.005262482021734432,0.2793426506503849,0.058486770502390775,-0.024647925504648227,0.018189223640330106
2023-12-28,-0.17062739059291662,-0.2727554900960848,-0.25863385969840347,-0.18813520760158112,-0.059640579640456486,-0.26634817428938407,0.13506674097788077,0.23344303025202787,0.09459466863717214,0.29041065798810334,-0.08590235392866909,-0.1931508774298298,0.06751574134045318,-0.1357907596087673,-0.027864032429110258,0.019128548203645443,0.03848060057678516,-0.11032542574191338,-0.07561164984164073,-0.01536506057787375,0.05731517083043852,0.015488104394502976,0.08097597893627619,-0.26657614175953603,0.019124504131383113,-0.13964976650719965,0.0028563623610408004,0.2206401626418562,-0.1991665372261757,0.019837306987020367,-0.050017219622763794
2023-12-29,0.062107696220542255,0.2205101408406918,0.059790569233595416,0.15980124377727062,0.010285685507448291,-0.06193090204684738,0.1116901268155433,0.06736963567383694,0.15053230468499373,-0.07429819270109034,-0.02194021920083311,-0.18042408086697226,0.18033273844155132,-0.12268752957941872,-0.16934876879537983,0.24962786270387885,-0.10274542977671808,0.018776589517337357,-0.024312559061788776,-0.03224765701298617,-0.0933382032596447,0.04931360338451345,0.01899199734558997,-0.12880252590115732,-0.07301347875944554,0.05200146436931345,-0.3919733370730375,-0.3546827036098689,0.030680899595886706,-0.06780300008161852,-0.19912787007630273
2024-01-02,0.15221110300712845,0.32972002955514434,0.20355297265270964,0.2040066804092344,0.0731646768952558,0.13730484413178232,0.012632235792625575,-0.0707488543257492,-0.04339077496608831,-0.19247534157161347,-0.009331420207033243,-0.05198052913347621,0.01211978886595763,0.01401919255937246,-0.05356105755142364,-0.018423274474406556,-0.06738711735222189,0.017564040258406237,0.04477891969117965,-0.03720827766413985,-0.021223184504463127,0.02133871007880859,-0.02219225574676348,0.2245383056992513,-0.04618384051294345,0.1427803803164456,-0.04520208064590962,-0.24487209560062256,0.14619991586045203,0.0006517894542343729,-0.0239747491832707
2024-01-03,0.018352751092297354,0.08641987148513673,-0.01813225290528188,0.03907452790496845,-0.035472447155431575,-0.19739549110216636,0.17199225923116296,0.1273786603773932,0.21071273516295366,0.00040338185442942225,0.12251027530197955,0.12810525948245868,0.08780057951595646,0.2683111892158343,-0.09858184181280269,0.21901735311578094,-5.1813357686563514e-05,0.005832239713830295,-0.015305102524558137,-0.032015262827297844,-0.0008983050020292512,0.04098594095727684,0.023031983656714175,-0.17909923795594573,-0.035043001467609296,0.014633481024118393,-0.1917359723477121,-0.24602817028869,-0.0167176121765791,-0.03133726283911544,-0.15859566091768304
2024-01-04,0.25910204970545503,0.3000276878152535,0.292478118700298,0.21949473919261234,0.06533722472475584,0.14996582499065456,0.03254207024145951,-0.07339031282940264,-0.016186803090322163,-0.4124469366365431,0.1231264650150549,-0.0022916317594905335,0.10781036349095452,0.1249440034172996,-0.023069302915341462,0.14900821952126891,-0.11963543319069493,-0.0214983186729209,0.1459081481284814,0.07675966502692512,-0.035779326365516846,0.035170448030598905,0.029265387013569916,0.07933541942233968,-0.04005180287915772,0.24010336264222845,-0.1738729299533585,-0.17212458489712615,0.26242860073186663,0.012196947041395123,0.08737162927475157
2024-01-05,0.07277597948106851,0.1083750647696903,0.036852029856413795,0.09800817169876781,0.012751358605161153,-0.17811371560745679,0.24667639794262924,0.23771825377195643,0.19560345456342465,0.052390811537558736,0.19019961302064473,0.17023478958107746,0.0236556424495672,0.17673768278611654,0.15140511211271315,-0.022537615339693718,-0.0002045306039683459,0.09955074003633038,0.03241315431630221,-0.026939108272788816,-0.04584974583457658,0.036546739151589916,0.006918840413097274,-0.004364339972994075,-0.05858197384956744,0.04822742220144491,-0.008830477216292558,-0.18805927049406265,0.01774494917279111,0.005386354018728233,-0.07248548715015635
2024-01-08,0.05052992993073895,0.05461697038183114,0.011946733619513166,0.0594415330824836,0.03578360184825185,-0.08048929147153756,0.134949910812909,0.12415493615598626,0.04976975718013654,0.05881192732589616,0.10860402448592342,0.049343963140611694,-0.006376530920535938,0.08008191966630422,-0.006474777599999479,0.13084908940135395,-0.017984364938152222,0.06681724140920525,0.026841599509594374,0.026869659392626075,0.006723591301589176,-0.000832486547777127,-0.01854300740973325,-0.16241744668558158,-0.006264295206272656,0.035369799138591736,-0.11339626095480108,-0.05768372032408663,0.006710648711050715,-0.01276066874176556,-0.05572025470601254
2024-01-09,0.16145882645206974,0.1918666269774359,0.21460123930017813,0.2274662300967585,0.11507957649895159,0.23958066634160355,0.014888682032748485,-0.09789245446407298,-0.14011368076553696,-0.3909561686207638,0.09837920984716196,0.14583073148067302,0.14246910912510002,-0.031214019419067315,0.014785179361293477,0.11856462921837352,-0.15510384539550504,-0.006656033379811736,0.1479039667466779,0.07197395273910671,-0.050039729147726454,0.04740166041426353,0.022018620369566057,0.08412358043299137,-0.009122081193230415,0.15221923354553973,-0.1829257930428578,-0.18759759475093798,0.16859709400689812,0.026163636808873257,0.1069425192795047
2024-01-10,-0.2075059101241229,-0.2266782725412344,-0.22354569230181878,-0.20592362556706562,-0.042433573701509394,0.06326273496940531,-0.3593749501433711,-0.18645280895846358,-0.17957897506993947,0.3244183925285936,-0.36322042356964307,-0.41965946420705025,0.04637010649820661,-0.30194491794652684,-0.06575992635779968,-0.01681265047075924,0.19313517047492637,-0.30937454977670403,-0.17129204534638826,-0.06828987417398896,0.015362422855523096,-0.07256175089525702,-0.02958651327700007,-0.020496996334298963,0.03960430203723382,-0.2046811588949173,0.20670253774555403,0.38083742961490674,-0.17958394145930234,-0.028001829131784117,-0.05115118674969849
2024-01-11,0.2461586301301426,0.2736983267162922,0.28453914231429767,0.27513543304744575,0.08079163322638798,0.15518857517070125,0.10531570998055045,-0.045929544376657604,-0.08767554146312731,-0.4019981037017691,0.19387472991594398,0.20691099654197473,0.03992315692088684,0.045673517499920636,0.07031177832191252,0.13245403700916575,-0.1804238628411386,0.11045948344503827,0.1605183186415461,0.08115688272287531,-0.1469562256795729,0.05739529091980444,0.01567961023222951,0.05147312772929077,-0.0038254864709841257,0.2088693244356679,-0.2126235767612799,-0.23626599463558687,0.24374378360417506,0.04254536553887306,0.11453035829213122
2024-01-12,0.07358810935338368,0.10696240931075893,0.008470817952884818,0.09798659687093769,0.053133284622415886,-0.13390682692261496,0.19703803761445027,0.1419173127691746,0.19967345558236857,-0.05405995408919193,0.027827454173490303,0.0036850457618298085,0.025739626283664892,-0.07639504366829514,0.09557805087139006,-0.03887312199420931,-0.03951321764715344,0.10771345953887468,0.07614922743586534,-0.005447623655971112,0.03215633229027455,0.05917851849990278,0.030558358308180062,0.027759168191096088,-0.017117966500887653,0.08170011722177653,-0.047320196906172826,-0.18736343269764488,-0.005448430569731698,0.08362433413883331,-0.002077519357662713
2024-01-15,0.2052660111218822,0.07913148530769507,0.13346337108558312,0.0918537484187224,0.10255629998598705,0.05329608790330486,0.08549342413810591,-0.006925252186677867,-0.017321720454370294,-0.21029534703041988,0.19975190591224107,0.15282043505656406,0.03801141652045907,0.1733553129651338,0.09923178923859648,-0.061582062451904104,-0.1316448915487301,-0.02013188854866614,0.1919794017512424,0.11540088167540943,0.00490950280736449,0.05745564970985278,-0.03122316225451591,0.08869886688523185,0.024819145772204208,0.1562252667889662,-0.03765079599082667,0.056604453929911494,0.15841357480000487,0.11664173815205411,0.18338461462246777
2024-01-16,0.1974214284020727,0.22492860619602734,0.16599725527162157,0.15992639892625748,0.029019456638301466,-0.09470627210369267,0.24837957394355067,0.11741436754751346,0.1595668380696053,-0.2574391885748697,0.2044769254950174,0.11714002854598016,0.07541160118419825,0.12232260300723258,0.07747500836592155,0.09332458109153657,-0.09513191326071606,0.007767526203671519,0.10126520220332186,0.047365064109679715,-0.03002734841036785,0.0173626452509954,0.019158084637754372,0.028748643282623172,-0.04872863756176292,0.19693170268936008,-0.2293407853056968,-0.2414362899348833,0.16064731632210455,0.005437052225195973,-0.013911757441751016
2024-01-17,0.05267880757792322,-0.17084162773745415,-0.02360595393038875,-0.10884740662967801,0.10298629119505127,0.0610724301553472,-0.2238100298484161,-0.1798711764334002,-0.13785004806928935,0.05846948022965415,-0.01641954249825023,0.11326625824439338,-0.1671033379094974,0.13581673400575192,0.1328945704012217,-0.2936096540978092,0.06931778150634939,0.058803609280587525,0.13245679732355448,0.09795906637393975,0.09752356037619103,-0.0635076636632041,-0.06199036232382061,0.20700270480880612,0.04081357171835394,-0.00940480237992944,0.38280993567116484,0.2632401527873846,0.004713372571454802,0.15391551103674814,0.25963762915371186
2024-01-18,0.13534261195962882,0.1665967415425258,0.15935225905864567,0.14026715453891792,0.06961206061994536,0.13797485930709055,-0.004830440537806056,-0.03921253694217483,-0.0924084173070502,-0.3200514769002977,-0.0639233958056858,0.08561313545087956,-0.029608762402256895,-0.11014358715626445,0.03972074365113052,0.0015816204963561172,-0.11399535755961296,-0.16759172324330637,0.10466507871971949,0.03601748852797338,0.0006420345228986235,0.06425562054748109,0.03736692578465462,0.13412916805322084,0.022297865181259056,0.14347139450332294,-0.046900219378834034,-0.2103521252137674,0.14182698243320638,0.0035332348087832675,0.09765251075346883
2024-01-19,0.19256914238994244,0.10485831646641984,0.1673999283937673,0.10586548241014375,0.09361701680223618,-0.016975604270571855,0.10620495915213767,-0.021141408798743207,0.00809102657573597,-0.30012748506496695,0.21582257566680044,0.32972016470047777,-0.11803132479432943,0.19813077668021764,0.28943179185607326,-0.21077895777356467,-0.035504585400011855,-0.10376076245346993,0.1672401639315598,0.06853553689817664,-0.04284325646506044,-0.004165012857034584,-0.03874982081587576,0.28602273064729994,0.003931461707139148,0.15123390118401997,0.15514170444045222,-0.17401615402872153,0.1517004973512497,0.07669964494826004,0.15040233695988778
2024-01-22,0.17946680967768464,0.01627433450067263,0.15341011437792357,0.030482806502773768,0.11565254951122016,0.04964856221543623,-0.09649866701933814,-0.13485233331594806,-0.1566792934676529,-0.14408674923069423,0.061017584545719976,0.2924178867801998,-0.0768079343297132,0.11740659343542292,0.10675748518511677,-0.2758167052346039,0.1103501327120459,-0.0634561307133333,0.1812785619725842,0.1370584663775141,0.05094317170469138,-0.03645672722403753,-0.04772192090249675,0.34696802749645855,0.06682376238377037,0.08228954441112808,0.3000678187493325,0.10643994958445424,0.1370080161526387,0.13104060144615054,0.23960486471898712
2024-03-14,-0.14851215220704767,0.058268810621453636,-0.09376205757915372,0.03602628052962219,-0.08934070897158025,-0.04905708023501304,-0.2645011928724524,-0.21251424315871217,-0.14964189299986255,0.06322515315669071,0.11869852964550007,-0.024625627930638355,0.1656034444274439,0.06468810618707309,-0.03525742885850342,0.2096850788684458,0.07165460311800653,0.05394529837416824,-0.1615690494956934,-0.12474624300038596,-0.17387486985453418,0.025414892354086064,0.07778900221072563,-0.1308146337992323,-0.04575539694226702,-0.10295078805553276,-0.0018082456435894467,0.009241955261155274,-0.09961202664286836,-0.07936133002135783,-0.1687427110989548
2024-03-15,-0.14548112820815623,-0.10267544586476975,-0.18018451237910432,-0.14321874552419794,-0.034212791570627316,-0.1190171913971589,-0.24226460559922983,-0.28274529632910245,-0.1440499388640756,0.32249447206831866,0.06687677105795982,0.10208699746599485,0.08890716148167599,-0.07824421128727845,-0.15953018419447942,0.03222955221422249,0.03401514170870534,0.11942865926294884,-0.13427615237845603,-0.06069180603036707,0.026781394720776043,-0.02400021077705218,0.018809196790060337,-0.1792305838244835,0.0007326397542861792,-0.13087439963330522,0.18813302394738057,0.13225683012731126,-0.13600085626635547,-0.03878054432090182,-0.08921816525359612
2024-03-18,-0.09010186199875686,-0.0005920933622791667,-0.05567689571245958,0.02313409292523022,-0.021569129074375654,0.04500507958395143,-0.27479815482562037,-0.2503575602279222,-0.18701288717510248,0.009347544315402351,0.05810556243286743,0.007517043222747901,0.13187315347936254,0.03586744623702897,-0.0706946026047225,0.16626477043073304,0.07204769078102252,0.025013491780653978,-0.10495413887828882,-0.05211615849808267,-0.03893884543578086,0.029474198018620248,0.0582802499286861,-0.11983057869789761,-0.021934447580349684,-0.032270385469331135,-0.011109508491543005,-0.06055197544155478,-0.04724507096872628,-0.11870003306787946,-0.13141938320850682
2024-03-19,-0.18251415009098884,0.030669455614326786,-0.14851506296285127,-0.0283611781168436,0.005084945919233919,-0.012366691597018345,-0.30196080265790126,-0.3714971582658988,-0.2209500677598576,0.2107773509778248,0.18557388605055491,0.11023191787561415,0.07601047458144346,0.21408922622457016,-0.14874692839651504,0.10342110023815916,0.05045843821599102,0.04592628176701979,-0.24193926542550998,-0.18763097566186113,-0.02106680602383563,-0.05696607925546929,-0.019439900071364064,-0.09973217672420298,-0.05626346058744937,-0.14219090886135569,0.19437909728502198,-0.012140746467593435,-0.1489585606928703,-0.10158205922513118,-0.21710458467817917
2024-03-20,-0.08504834114860019,0.1072190116084516,-0.07779363566002778,0.07285826761367811,0.008485152251451978,-0.05103071932729202,-0.1041551122856779,-0.11705578537676133,0.0024207291651098793,0.04901122675459895,0.14988061167240885,0.07640350358616428,0.06833522745137313,0.12640623565668146,0.0029797706977522866,0.04913117909943659,0.04184421810202367,-0.02100713992809981,-0.13368939485519743,-0.16793326406974557,-0.12939634996040228,0.031408089014466956,0.0027807233238246517,0.03569685039115281,-0.044783249471935266,-0.0648722523829778,-0.05326335513711085,-0.14295757161872036,-0.10080641746542932,-0.0007309171310168963,-0.12802651827173311
2024-03-21,0.05153656065977637,0.01816172836915579,0.008096856894415584,0.012909885359388853,0.004569786626540483,-0.12160446007261982,0.19296929141098318,0.1391931915451826,0.24291074653968817,-0.0934252890206086,0.019655515470147225,-0.055013709451838554,-0.027421787521239742,0.06294536772348924,0.04598829945587099,-0.054616640465545076,-0.05682492442474486,-0.0876768196172932,0.07197194877746997,0.021858885426203834,-0.018407074035396976,0.05004562803032733,0.04690291097982165,0.07478820281892921,-0.004907010992452183,0.052615344288528834,-0.07572740331725498,-0.02215557353178261,-0.005335210171809734,0.08532458811215285,0.04736566376155749
2024-03-22,0.2831057687926135,0.23149625907454013,0.27492443860929533,0.2621477117917106,0.11438484208916641,0.15574749724293832,0.06808202536576474,0.21016981006100677,0.04370500971631075,-0.4173813486648869,-0.20611122177670071,-0.2197200142000322,0.07877205101648008,-0.18020934591348786,0.20610690253907712,0.0702099019350182,-0.15560738961207823,0.03555420175421618,0.2113167105620971,0.11550994927402973,-0.062046549372046185,0.0969566106245307,0.032509196448939445,0.12985441745586904,-0.01719920412525392,0.22546383511385976,-0.2874546855793962,-0.19492575540783813,0.2352163235551675,0.13504810415942142,0.16239915985938455
2024-03-25,0.1362514532636818,0.19182631062034478,0.1668558303009153,0.16395329720199575,0.05545972182939806,0.11931961827371075,-0.14666444635107273,-0.02041840544792252,-0.114367070568381,-0.15914794667503485,-0.01563530406419523,0.007245292559468393,0.06240757551727267,-0.06412297002269984,0.021243515077155706,0.16774590452843346,0.06551349007198876,0.13702787614159587,0.06724628104745586,0.028765658577944712,-0.09401167348973964,0.00270623053851961,-0.017074976507977988,-0.037255497858856006,-0.01832920076562037,0.11383035579398507,-0.0807002731565547,-0.16078852890309558,0.13530018175312217,0.007749136593167045,-0.020972204130159825
2024-03-26,0.30620907722973584,0.23754043033507444,0.2885915664107153,0.17175243745833266,0.08963422156488157,0.11726081612848674,0.008780951188408727,0.16852306695176028,0.07315461045352549,-0.4839516810545836,-0.031699470191769545,0.13658400072272336,0.08510403840943692,0.10519700827687735,0.22317523238959464,0.17257854005674234,-0.1741698173299979,0.2478357357603938,0.25415219667271094,0.17400359539884463,0.07887309116242935,0.06651620579889261,0.0005115650386087723,0.02655131720004593,-0.046533158843686084,0.2828475230195869,-0.38778225743759526,-0.3210218655421439,0.2613626400913617,0.11087809468246775,0.16067134974782754
2024-03-27,-0.24820614654002515,-0.18179101831568387,-0.28418963316225104,-0.17424163817012267,-0.05328616505480175,-0.18943383552898027,-0.09740081306272053,-0.264057327755605,-0.13287345370914677,0.4649351530115721,-0.022316758447364898,-0.3951900701379411,-0.044943665162312275,-0.40396074541468335,-0.3230717659724148,-0.06968004851767765,0.1395663667740137,-0.48308650421873306,-0.20992935934346507,-0.1146770232917137,-0.005221824118657839,-0.013745920303565796,0.05028476986790247,-0.12878856376147274,0.01624978955263591,-0.22348683466194694,0.32049185817047926,0.2993827089738277,-0.22942857393036623,-0.0647388393573065,-0.177556334226328
2024-04-08,-0.05979603314926758,0.037239874425021045,-0.025021731246293984,-0.018006684092523796,0.04190207460364647,0.23783376354352007,-0.2457016896397595,-0.4080348869226548,-0.33804919456258475,0.04632909335722665,-0.21767032891541066,-0.15998967241825657,0.0887503554631626,-0.22463320361653757,-0.2768082648452001,0.24005064144245797,0.11365612830914044,-0.016673215909976294,-0.07516814901258985,-0.008372483520152995,0.06718441652809443,-0.021877975577012418,-0.005349058693504097,-0.16441601577836548,0.031747451408177224,-0.02092926776535862,-0.0036302075939968954,0.1124303190805897,-0.1088697990994598,-0.06722344481781754,-0.10664783131778502
2024-04-12,0.5000557082052696,0.07801947133363774,0.41073968092325824,0.11230777193817454,0.1239299130825701,0.15543230165060629,-0.40381890201474613,0.5365780110166372,0.3099326971060927,-0.47023089641200894,0.125518929684677,0.2627828174183987,0.07221601860476064,0.057185658379623,0.20453980524501755,-0.29723091519016537,-0.35545850679507457,0.04918277472480968,0.5007776875556978,0.40398654779030424,0.1411605923882956,0.004557670883084872,-0.022636511609265365,0.3661462177755167,-0.06010470929304357,0.36678666277440997,-0.3738067792798063,0.13492995666875227,0.4487451288797336,0.36772205997539775,0.4597965835864304
2024-04-15,0.45850909584251437,0.10837724309487828,0.3989915270575762,0.13339383820809333,0.05986060042994207,0.01140450767990439,-0.47209258033009965,0.5614624474633354,0.40675876367412195,-0.5493588779844121,0.4662129247866276,0.5463007255278607,0.08430819088619157,0.4439398387948737,0.19821593070281038,-0.24887318266560116,-0.343455675867665,0.06244821997998944,0.44032793285341815,0.341100784929622,0.12134324783843763,0.029945747469010336,-0.02391770942651071,0.2979232906445084,-0.022246986307004887,0.3904307201296623,-0.430823957197721,0.001502391311111238,0.44334147958647235,0.354098654812539,0.44871521944481857
2024-05-09,0.2893530581806769,0.2576679479596627,0.3298154304729962,0.21742119415062564,0.04340173248974234,-0.005240906334626421,0.15925918663302308,0.05657906692291315,0.3150285991504075,-0.2507285600761203,0.10341163825081146,0.06966326147819336,-0.07523836044230553,0.04077798627687364,0.0633611376431717,-0.08527206586274179,-0.13184210412066993,0.026484275962666972,0.20192167937330757,0.1211424291485388,-0.033195926430801125,0.001322324213411053,-0.04169294901354759,0.16623379568313157,-0.03486192139560737,0.2026836973401732,-0.2912062117521777,-0.1899662591436373,0.2827860468287395,0.050925346446654904,0.12050993015838378
2024-05-10,0.3838272693099556,0.14144556539001885,0.37287127927806657,0.15059479901244735,0.035137301495153615,-0.06547742276714695,0.2465914234197109,0.24054500563500877,0.4276201279504407,-0.3116805274878227,0.2645120271178348,0.1797056857414291,-0.09251527355390514,0.2537934834074092,0.12480576191119437,-0.16511392056865054,-0.22166310172704018,0.031564876992446755,0.3768205028020485,0.26650477989361326,0.05359923091343867,0.03638458684716426,0.0245266098208023,0.17347608265383385,-0.04944512834106815,0.2732409690511317,-0.3437667349477569,-0.10166158661352144,0.36500545171372406,0.17642312499337337,0.2663779875030522
2024-05-13,-0.13834097423191744,-0.09316664540058837,-0.17390501450466622,-0.04266160428559005,0.11423559671883354,0.08335388078194135,-0.17332526595467077,-0.20614276057024727,-0.22903562861945273,0.11427500908355043,-0.15363433846797964,-0.31876289666391605,0.15978586693173918,-0.31219770636324184,-0.0858399208982927,0.2632094194787625,0.10231650794159916,-0.12715190272071147,-0.07298644071526608,-0.06648539400934102,0.03706883774424153,0.015885988757805967,0.03768331565401802,-0.1969880049873926,0.01229642255892629,-0.12646222072931892,0.16162387493267655,-0.012171076100836129,-0.15375607857729467,-0.0917749789816681,-0.14156870836461088
2024-05-14,-0.06306858689662816,0.06064260628440785,-0.04359404398722146,0.10072635871839997,0.013037750231641998,-0.00771162482768932,-0.03178323420206731,-0.13329184880089318,-0.06824055738590624,-0.01081001117837892,-0.12226604012114783,-0.16065224014304963,0.05822490059691459,-0.16180636245618624,0.02808954303155097,0.16262567479557308,-0.027145886312476608,-0.11749873585785042,-0.07038171431223596,-0.09571292143904987,-0.10067963742675214,0.04589948555469411,0.02410776563937859,-0.10394833624746345,0.008972720749867014,-0.016200967868895803,0.08226772528845476,-0.1445610136511901,-0.06637261597151903,-0.07902560116199518,-0.09251096662593343
2024-05-15,-0.22167893510693393,0.08225218929429115,-0.19027610182875543,0.01942916087792878,-0.017644378098497837,0.09973621396981137,-0.22360320378368465,-0.08898084542219822,-0.2975276647472909,0.12577085542904778,-0.044864312604860956,-0.14934807903945133,0.11503548363834588,-0.020430298557056813,-0.11376507552492374,0.24002049163987715,0.1257146918175531,-0.12745717302884066,-0.2526379244155319,-0.2516517885799162,-0.06551226247315399,0.01013586224269791,0.011195654279749334,-0.058180786290350665,0.01162184159792196,-0.11640630020597693,0.27856531789915506,-0.03421204619731912,-0.21280654181816916,-0.16011681249399787,-0.20853150029069595
2024-05-16,-0.12909844227462877,0.07581768769718984,-0.07640563697477087,-0.0003181897492730832,-0.05446540885365143,0.07376473620852887,-0.1102684925722392,-0.03204897535167215,-0.1877317713600881,0.015460739821966565,0.03424592131408103,-0.0936256687689369,0.045994865610145944,0.0808039961362436,-0.14214464085544218,0.03678920120034155,-0.008183145146009567,-0.09940168440152397,-0.20154467033755294,-0.15534821017272188,-0.06271013411492894,0.019884700274802408,0.014453006074856185,0.07482215192360409,-0.03177359487968905,-0.04108986763192331,0.0345049062955306,0.21765852939688682,-0.11763044468681395,0.033074769238043054,-0.029117176103281635
2024-05-17,0.15938015190936505,-0.07808774538436197,0.12733528488167659,-0.030741391057910558,0.040666639561940277,-0.0410599930745746,0.1350700590280941,0.06538121034216304,0.17519479724288875,0.019294756838244137,-0.13453892785040858,-0.19185068111405823,0.06218063471647521,-0.22074124084195068,0.05077098972922619,-0.12773181402358794,-0.04930046847329623,-0.0859130763414432,0.1728308947370138,0.19712653183852696,0.0339359687558768,0.01740699102808181,-0.005932089918798767,0.0026187765054670607,-0.03767101414446684,0.09661448647400192,-0.08339923172385777,0.024354391182827995,0.1483511772028459,0.11811728535757113,0.13229608581214147
2024-05-20,0.172904698510537,0.06348987864918022,0.15146444714747784,0.04693650268576999,0.03720782611372044,-0.027302333856405545,0.12019750371384658,-0.02039232168751468,0.17042329844071383,-0.18377086468266374,0.08016737356835833,-0.020867617326905837,-0.018693215040418494,-0.03860817929824114,0.12646078533952668,-0.04554060962041125,-0.11882622015600498,0.018072508517135186,0.16896355677222924,0.11559908789197229,0.052167595162702494,0.026382799312257635,0.0581018961163929,0.029034257155465513,-0.032292259440834234,0.1428895035183344,-0.10417464423034219,-0.05302755088467538,0.1583318401934556,0.08876174284501523,0.13926704209570967
2024-05-21,-0.18429450443052142,0.028912960280816913,-0.14746629928425684,-0.05655296776750133,-0.022549699878154254,0.19686671945407008,-0.3277766407831589,-0.1816652795203704,-0.35606471273872514,0.06532974439493763,-0.05744746769648698,0.06113898781474517,0.03956974730886898,-0.05526424111125445,-0.16806380345057442,0.13949783685063305,0.138501437023922,0.019433235452740436,-0.239736933736488,-0.20120612685637215,-0.04335850085789656,-0.024650733567811882,-0.016942772399130897,-0.033796135459552415,0.00970684369296312,-0.12455015028617737,0.19538473728248032,0.16814589380096662,-0.1572536833726038,-0.10060014698086688,-0.13547270664231673
2024-05-22,0.15590425008188516,-0.031410109617307454,0.10961302149847618,-0.04355289402554308,-0.01903429389174673,-0.03518769355227248,0.09901592540006253,0.02783790513807769,0.138153982293708,-0.2278649585279912,-0.010933058320503177,-0.047030815148412355,0.02902147148207643,-0.01707958073830224,0.1405978851437781,0.006758862896489648,-0.09355164195216793,-0.05152999308068037,0.18241631839176797,0.14743386550855528,0.0664872409913198,0.05466907208825187,0.05999734759237276,-0.04447686150341856,-0.05325936710838423,0.13517512104894944,-0.1428444471056074,-0.009768120978550449,0.14477762711400358,0.075708653363767,0.12688583121784625
2024-05-23,0.160737565176026,0.18960996232367602,0.1763848659905626,0.180683002823702,0.04468625728322736,-0.052394642886767616,0.1808002083748293,0.08453028964264848,0.17048708440402552,-0.18599245648020526,-0.07234879295253513,-0.22579530681764445,0.0734342212289602,-0.20745971456572815,0.10197736149585299,0.08052638060964727,-0.08748050962847022,-0.10902405225577048,0.1273236388391832,0.044464053739405804,-0.07744369344975262,0.03650245073413164,-0.0007804511109085606,-0.006922587327046268,-0.019546121423534228,0.09954488783935003,-0.20758554537543425,-0.25433936290760195,0.1513630826156095,-0.05523173533161257,-0.016839433241733127
2024-05-24,0.2388408620313012,0.008978300334978777,0.17398382243674437,0.0048481733936989275,0.07360973978182955,-0.09706759689904464,0.1550498651234071,0.15032566257475877,0.20006792225854594,-0.04377699935962636,-0.05472831125395007,-0.02311964162361793,0.13649933297431208,-0.15444981208811473,-0.017066986597670294,-0.07350388680229664,-0.026442897401072984,-0.05028876351082381,0.24971967822465868,0.22283123937995072,0.09294551735824913,0.05546690336087423,0.09531874204034797,0.03162914883178331,-0.030699159935399768,0.15606118444414033,-0.10013561849607285,0.10794499229505836,0.20855784438447364,0.10471895089455845,0.14205028401649533
2024-05-27,0.10403116099029674,-0.020041649868726936,0.09835569962649796,-0.04777375133035361,0.02077424634539908,-0.01761985791069985,0.10952399154827165,0.09305419972998216,0.1392653650368685,-0.1961636529980067,0.06902866169891284,0.10356802392471422,-0.007670174789116011,0.12458302609430856,-0.003029630639835033,-0.03286242651261016,-0.08472159370088438,-0.0734140467082375,0.0801391649996418,0.08335249220610855,0.023254768533121938,-0.018757862455801327,-0.022651082419286116,0.04359586247395618,-0.031641501659940896,0.056476123185519346,-0.19507529624495215,0.027003532832666596,0.1013768879835545,0.06634921825972637,0.08140175645366368
2024-05-28,0.05785221551769499,0.03354661588674938,0.05524616610917085,0.037068126160442805,0.02444132838932673,0.018063318341500666,-0.043804102942644044,-0.018371596110070342,-0.05020738021567025,0.03528583664222586,-0.07689059597430592,-0.09114210871189181,-0.004322935848490259,-0.0841358467415685,-0.10359055488000503,0.09966923090416556,0.036290113835008374,0.030467983752047182,0.009385571967679607,0.07302514811522098,-0.05796284492387178,-0.013993002944872051,-0.012460195314033255,-0.13013882301111684,0.011642816323775035,0.0459470046526544,0.039448878712825,0.11018840460564172,0.06507912865651592,-0.03853319406789653,-0.027307757327657514
2024-05-29,0.08577258553265753,-0.03606689836751347,0.027303735328778316,-0.06976453213829187,0.04844549427126672,0.150560686082752,-0.10584764348961266,-0.15144547182468318,-0.04096557796277578,-0.22693735046196659,-0.21046004241442495,-0.04297617524885738,0.10429937116458399,-0.037657999141730576,-0.15557388434056968,0.04911412928268744,-0.09689184627951146,-0.021889330548103197,0.08522068174725064,0.10594613272624552,0.08737885974158467,0.009225751802606872,0.050195429500848474,0.0559835325168313,0.013249657544283457,0.07279725292719141,-0.19983501228708267,0.21992527296659753,0.0836888758232723,0.16683835616078932,0.1733941175517207
2024-05-30,-0.10574915733845468,-0.10775322664445669,-0.16552820503955612,-0.16525031347449085,0.04096404987446539,0.0817367578840882,-0.26689803119930566,-0.17492096600460788,-0.2642762241772611,0.0672266676653183,-0.17351877123137327,-0.13148871262815987,0.040770823694386595,-0.08155735346839581,-0.042037181488645554,0.19176640374410064,0.1278000782637324,-0.009615616190538951,-0.0966057892151544,-0.024106571094470213,0.11505546553025266,0.004950059991304238,0.05804990302501053,-0.16471234672860902,0.020056913885462418,-0.08762580237391358,0.1247871097558928,0.19913638824629892,-0.11363391580140571,-0.04128302193814962,-0.1012486341509793
2024-05-31,0.3099460747854812,-0.0921851567689641,0.23590229676515784,-0.0385891388729826,0.04504546230236572,-0.08489942008086937,0.24844606571943503,0.1899385371186818,0.3722053221885889,-0.12835567757704117,0.1057512289136642,0.06504641158352123,-0.02055095996093889,0.05945446025101848,0.09019870030149708,-0.2365319521456995,-0.02361874604033124,-0.05157505547749727,0.3433799954100267,0.32727934580517604,0.13021583607020076,0.037379437663324425,0.05665151130344675,0.0723442809388027,-0.0701428922135662,0.24243420258554982,-0.10861657410204446,0.09403156983516865,0.2916283859838885,0.2712359783196714,0.36512692616654413
2024-06-03,0.37090278216443845,0.07551842225523153,0.38963404679146263,0.13806478352813606,0.09780517959898316,0.0026613168057000062,0.37371547395268534,0.24247159763254614,0.45900430602703207,-0.20594424676069542,0.06069201052130406,0.003054348935988425,0.045267351054543374,-0.08060357038662179,0.04543254244733911,-0.3067493522154638,-0.0757118792012962,-0.049748216599593574,0.34788528758345405,0.2952033173084856,0.07204334229336562,-0.05264904532734733,-0.08317147736470586,0.26716256818002776,-0.06194847599796135,0.23800751716644503,-0.2928103379917699,-0.0758801004327434,0.37157015272423094,0.22199889680046386,0.33421532474321686
2024-06-04,0.04441015799247474,-0.05136227483317221,0.031804787662762964,-0.10277366521051422,0.0071870708105870925,0.07900592218472115,0.07714735800152983,-0.10424328158749868,0.06928284927764225,-0.2714767587468769,0.16070457902676372,0.2185117310570457,0.04953982863989804,0.17551656507012678,-0.0786111893608658,-0.16745654835751828,-0.05666810643631103,-0.12506679203491813,0.06328198611493088,0.04316244914141085,0.09502064942744062,-0.00459606305150384,-0.01426431357272183,0.21381667264507082,-0.04823125649109422,0.02208100494082801,-0.19721997149539264,0.049640139771855836,0.05124517505949728,0.14369785431721732,0.19212699418806362
2024-06-05,0.43487157631208845,0.03905290434200292,0.42388690959847414,0.09299834282396502,0.04873172321361841,-0.13698723688287737,0.45537430946428814,0.3351123606529799,0.568882523091141,-0.310116700258253,0.31793880535667657,0.38686545707004566,0.05092827179332659,0.3795542886303635,0.01180544684792708,-0.35586330544830447,-0.08603345730410297,0.044977493601677805,0.4224718878629965,0.3720105602506697,0.07825566656461737,-0.017298371560903934,0.011492128164961611,0.2633927621417925,-0.09384957004805511,0.3006013274814297,-0.3199034582857359,0.02334697084676838,0.42642497073206115,0.27323399598574183,0.41326620028881456
2024-06-06,-0.20168793006497554,0.21825972903614885,-0.15854119355223148,0.10658160807297266,0.03221112746782486,0.19708700298238638,-0.43839927228564435,-0.3159894476647076,-0.4634485469782241,0.12251061671072998,-0.3836737754912758,-0.6028502946001736,-0.07148208223719342,-0.2623624137007084,-0.07678363795401284,0.4214199906826935,-0.04717314600093927,0.13458948413954866,-0.2712115512378617,-0.2702903331493486,-0.12412826539665546,0.017028533377583113,0.019972098225244386,-0.23194431419753836,0.04502584656317105,-0.12014349213046085,0.15463774303440317,-0.14665497648238662,-0.20201895807853992,-0.2993695285877667,-0.38481700378152345
2024-06-14,0.030171661555395853,-0.1671182590313439,-0.028510521229540394,-0.1552678230073189,-0.013296192393927545,-0.09948713301710244,0.15530687733374493,0.09998302412844551,0.15120280087214144,-0.002313692295718959,0.1706847236879234,0.02810147325720639,0.10256245993872692,0.08011370910880493,-0.05210125832308846,-0.19007524955855445,0.0042096852056723874,-0.014701024530548366,0.09594239220717574,0.10189198350065533,0.07544289048779676,0.016075982781430968,0.05081737904449615,0.06796642495474686,-0.019607618502897006,0.04548496292338248,-0.10601122090812895,0.1974963676633896,0.025463386956725738,0.13403560130943695,0.1419981821797799
2024-06-17,-0.20243044006640062,-0.0013396794072231895,-0.23068822111874263,-0.04490869255918535,-0.03157252218680426,-0.039223327468105064,-0.0010132772325935852,-0.2097814211365781,-0.25181919514495416,0.2528273277971843,0.06723136734017185,0.10152487876185225,0.11170321098542924,0.096158108673583,-0.021482846342617632,0.1386052670297465,0.03488140472232753,-0.008016873181346734,-0.21605387939965048,-0.18749963855079596,-0.08478019727495585,0.04200803023949977,0.04314399252347765,-0.07419460292231987,-0.009933951555439866,-0.1401317460257176,0.24911054165580862,0.18646920815199922,-0.21390965817073215,-0.09581342681266976,-0.20137850985622496
2024-06-18,-0.08390916031514306,0.10393263445709877,-0.08075934900817146,0.036233117208389586,0.0016060364706268876,-0.06544271433639741,-0.010844249708586922,-0.026131580456455264,-0.1210216831375108,0.05962938167278423,0.01172889125051304,0.05403549744966454,0.06963465861495366,-0.005213305707752611,0.0650537141581372,0.15726135131404292,0.019333188791389257,0.038892411118567484,-0.11140002444854354,-0.14533429928270591,-0.045978177976399394,0.045912032497127206,0.056697923612902726,-0.10438096281855956,-0.015786534279738886,-0.02857414402630068,0.12559547718126898,-0.07884213293219522,-0.09005401043360989,-0.1363222202192119,-0.17245162569315065
2024-06-19,0.28791572267117393,0.09850003236126205,0.26323516183255363,0.035602312640466725,0.04803427010206917,-0.025991710138860872,0.05383024592409443,0.25834310629476326,0.29052756168170746,-0.4012582832074227,-0.0887446801669467,-0.09375160919910203,-0.028261774418134124,-0.1542131187610865,0.007128629444412101,-0.022284860957834593,-0.1949130588144357,0.11235357004555617,0.26396948366696144,0.21077773386552504,0.08668792738854456,-0.0059443701935592685,0.024700119472897217,0.03921819003133963,-0.042449436025593604,0.21796578039240147,-0.33090175556816454,-0.15956872113481027,0.2800057673833194,0.10909488532173436,0.2117450247604545
2024-06-20,0.16633514906232455,0.09754654607994089,0.1547456816113212,0.09453804804886677,0.09291016322148028,0.00376819439959592,0.003858159102399876,0.14232940943608202,0.12313768584648382,-0.14224656661966176,-0.10958208386236773,-0.020883656390161764,-0.02346981487689238,-0.042259022677891986,-0.07294601740342486,-0.025783453507283515,-0.11068848542884106,0.003369366263022742,0.10737546264820595,0.08365033297254278,0.007868054741776511,0.004094069338272935,-0.023187807222942648,0.0034531524063102234,0.016560573490244267,0.10421640883424924,-0.19108622519856738,-0.05660308835310967,0.15642082404900956,0.04709992751736561,0.0758083666528408
2024-06-21,0.26699501172966517,0.08059223282565997,0.27250071064495635,0.0959781315962032,0.039359784299923595,-0.06812554977513373,0.05434447582360802,0.35178998860205646,0.4096801485687922,-0.31514186805909367,-0.041522300267968784,0.06774081158634562,-0.015907027711647176,0.20401112331358373,0.014116393753546974,-0.2621762847294171,-0.1844736148710991,0.17335333514652015,0.2593070034270996,0.1583599388185303,0.014547798100704066,0.015369770651010962,-0.037555009950742534,0.26286325843940644,-0.08524473709183543,0.18478095798702904,-0.2783019232282148,-0.17607455682824746,0.2590449150386913,0.1452319440293182,0.2417789205130048
2024-06-24,0.09109371417009758,0.21647525326528397,0.11454230275276457,0.16737583900014522,0.09384289860974555,0.08372564148860524,-0.11893794328999056,-0.014622224667191947,-0.10989612627665221,-0.10265083544909955,-0.1952007209232913,0.0003319341536926093,0.02087275931595122,-0.23832134247766648,-0.03171691833157156,0.34550553246451915,0.012181715950798184,-0.01092996571092022,-0.0003275217654368752,0.0012594458406558291,-0.049931505301529316,-0.011623586426412957,-0.014532462049037746,-0.19538192912611646,0.0128713610222162,0.08024629122163693,-0.04400914419121935,-0.14508107931455327,0.08443142045620403,-0.12472266997394915,-0.1405992774804461
2024-07-02,-0.08268865094535935,0.225511506425574,0.024987338651423146,0.21004578441680427,-0.009480929577494588,0.2194626517858641,-0.19228950491401633,-0.17717271044255017,-0.17643860613584758,-0.2336168584360871,-0.06669145086277153,-0.026869911531496815,0.10624000141699246,0.1698624629423669,0.018705693551901468,0.11952668511978812,-0.07609943949487138,-0.12355117797152582,-0.10794366892063527,-0.21336444092943552,-0.1543361918631346,-0.02858039833821401,-0.07169254493886187,0.24543359448061483,-0.015333051303285957,-0.11517940302583697,-0.12661193888247693,-0.17407502589194118,-0.06220189413379845,-0.06184181754066922,-0.037609481763621465
2024-07-03,0.33906685397258235,0.011496542842371454,0.2771512430542566,0.055811953222692647,0.061831828645593515,-0.1187778405187607,0.23206226130476867,0.3362512949616368,0.4566984482483531,-0.23570120798730648,-0.12892808042374979,-0.05129605733015336,0.022435932840691394,-0.187311163631871,-0.06485641154434668,-0.3153119918597256,-0.22018251644666237,0.28354584314072445,0.3408872828640836,0.28326568924981116,0.013629637504401082,0.04155088671548323,0.04433860485522545,0.19421467599651226,-0.08946947864549558,0.23603032286199183,-0.2368693802497039,0.0064782350894427064,0.3151472360866864,0.17937513455225781,0.2844585840058246
2024-07-04,-0.17478171185688646,-0.050297955908369926,-0.17085592717828774,-0.04406542018154835,0.009120611069899412,0.09372767904892601,-0.3126808724669746,-0.26744823011745883,-0.2800641096266073,0.01576918397533063,-0.047167909714435956,-0.06110032503583022,0.054719071960659914,-0.10026533103716832,-0.08251481385876401,0.25587883902675346,0.007923999768637526,-0.090347338075942,-0.11557086390071122,-0.09274136181968923,0.06255594432807772,-0.004610917210253379,-0.03683085456110116,-0.10605610308942584,0.08068403379265406,-0.11436671896224217,0.014898012565070985,-0.01494149694636395,-0.16783083277963604,-0.09932555044784941,-0.14918179851321495
2024-07-08,0.10281788195031638,-0.13068033114425756,0.00428955375870849,-0.11221719917378774,0.09884037715989574,-0.20928475263679738,0.24307477617794487,0.2450383381505617,0.2173434331545851,0.2743188593495217,-0.057475879132790335,-0.3009263600362592,0.07190436030703538,0.0032843320920437507,-0.058779444890790254,-0.1850496664315279,0.11069378545063009,-0.16660722694596666,0.14128755119303443,0.17430524613895595,0.015262370778210976,0.1228047525017571,0.1718104672762469,-0.04794375959361726,-0.032708842588992225,0.07995603885036733,0.08392899064252086,0.36839324465183004,0.05946605676335148,0.11216199326815882,0.06422106196969146
2024-07-17,0.18427759317973616,0.013631214805562826,0.2083196487764936,0.019759180705121667,0.05744847651910113,0.020480275720311397,0.0495681238933165,0.005577796924941433,0.18235069843396998,-0.21238770551113192,0.06070323428991273,0.10335856277467229,0.06932404369025667,0.0633276298583645,0.017839738421377465,-0.08779028493278349,-0.16620596095796122,0.08960831280121255,0.18064841886869634,0.12896316159883603,0.1150465535826938,-0.05035131870096093,-0.06261102179816043,0.12755758875762924,-0.003614198808578449,0.13040626048074247,-0.18192748920710047,-0.18125405236202466,0.19111140802634402,0.09169480978144677,0.16785016699062372
2024-07-18,-0.16565121099903954,-0.15758216343974457,-0.2206798854423772,-0.21376271801789481,-0.020593937548757123,0.06863929043958085,-0.09037505720552533,-0.03455964350208897,-0.20745802969170168,0.1129641475756673,-0.23241603235748912,-0.20615973953263325,0.07892424413362369,-0.19996215981831367,-0.10550597585038472,0.07973151885885375,0.10465858120854417,-0.26386026811649654,-0.14340888974495297,-0.054619891006037216,0.08670876256616042,-0.019517588591298568,-0.00788134183696086,-0.15902494382513768,0.01118827198908254,-0.09474461215389883,0.10770642009823866,0.13326852108919182,-0.15626047244036725,-0.04229674506746893,-0.09361572818684315
2024-07-19,-0.2968888480894545,-0.13010978754795774,-0.30899701033921034,-0.17265934064060853,-0.12250007512991837,-0.005191163338157508,-0.13708823383447574,-0.04925249510138254,-0.28220154958354177,0.27326987295401034,-0.141922151376006,-0.16030848021101277,0.02323690281075571,-0.04559858112190517,0.01503042558150536,0.14871457582432154,0.1795390980927377,-0.22366296651277207,-0.26506657893478497,-0.19140915374794268,0.05001994110151034,-0.017166630060228866,0.002489581996821035,-0.12688732510487497,0.0455612648648129,-0.2299246044255289,0.22901113187057623,0.08044917195781243,-0.2877471178551609,-0.14117744699406165,-0.2257726111996072
2024-07-22,-0.11643515546123064,0.28663957569177706,-0.027334488085622447,0.16217359742889872,-0.059769578517816384,0.0836225544324787,-0.07024970409730372,-0.06079535861489902,-0.20326542381098628,-0.11463985052602617,0.01088739284972855,-0.017784641249752185,-0.003380145330120534,-0.062292857931663316,0.10812079532227056,0.3014313034283941,0.13484476205086732,0.05473851768339375,-0.24326603973431532,-0.30582264894863737,-0.16978218581136245,-0.03983914460376307,-0.06488084951968197,0.05453307160413677,-0.002525128214942906,-0.10842012298615358,0.006079503566657158,-0.25287267611297737,-0.1024387051881794,-0.275036226142763,-0.30274327777399046
2024-07-23,0.1704978142927141,0.11845882293920604,0.1799746584681739,0.034356321367455256,-0.017549150439223435,-0.06811090417260265,0.12981370159469194,0.11717055547132181,0.21312605221567427,-0.21157431276433233,0.07622147036920791,0.10532978913151429,0.00436185385841504,0.037307404567211024,-0.008520286288874227,-0.029166427673699744,-0.09674159464820259,0.16992220073464537,0.13082175147920805,0.07918336920277834,-0.013611853476086037,-0.03744168990375316,-0.003853833513797325,0.07830173412617883,-0.06153909502976863,0.1610519904697165,-0.13933784164933036,-0.07476299854439884,0.17045766406870946,-0.017346580094734745,0.05077930997461375
2024-07-24,0.00011062258395674289,0.19396435219072075,0.04433945006193643,0.08941328364352628,0.024153466863064854,0.2604048005491792,-0.2074790213857939,-0.21299274290607811,-0.3166747846501847,-0.10179733618948791,-0.10622551556093675,0.021319597603768423,0.1106996921685683,-0.08173931331022784,-0.11549225038880781,0.25382585038213556,0.08654742029691671,-0.06683916075764484,-0.11386169220486404,-0.05791430919418312,-0.009455615947687745,-0.10702819516901672,-0.11768440807749611,-0.06535901745396304,0.05451051439171264,0.0582015711553746,-0.0740291140027982,0.01689130726199829,0.03870852528653714,-0.13164802447603233,-0.1212475568964482
2024-07-25,-0.027270154700137127,-0.004595699324151706,-0.054947677890728665,0.04519130270017677,0.04439963274230059,0.04753847488183086,-0.16361631093684817,-0.1660212364989533,-0.04048114960858952,0.0866862611454007,-0.20299398302809415,-0.055968836012477194,0.13643062166855316,-0.15486500318325294,-0.2837143232717309,0.09531612539471794,0.020456048809059244,-0.14912285810679385,-0.03984903281399706,0.01586680856056754,-0.09735891249584386,0.011192920949924152,0.010970436456147937,-0.028936094080054913,0.028663986196205214,-0.021318698600334213,-0.012633042201522025,0.24302463491220658,-0.035647906834838254,-0.034675335694216165,-0.09361619625703291
2024-07-26,-0.28291531305525536,0.017594461032317498,-0.2645581895870944,-0.03840621505595556,-0.14213850029897024,-0.17974912424898087,0.12568394821502282,0.033741877192521946,-0.07334350238899504,0.21022964586664178,0.044135510827270054,0.19715252282294177,0.0009777395398960472,0.07675167891102669,0.09950728086282555,0.06536328419927873,0.15609884308461258,-0.051547652157516145,-0.2872317334549914,-0.3156258616950415,-0.13618600949788323,0.027170385304514037,0.03175914246553578,0.046445523965171424,-0.03387727080340936,-0.26146100230265834,0.23991483820434467,-0.050994613880774,-0.28970987774890006,-0.1779687633090532,-0.2694381533340059
2024-07-29,-0.2465288972186024,0.0914272684732019,-0.1790330140203472,0.014367309872656985,-0.0789293491640361,0.10997857197569434,-0.13219872045174813,-0.1744783144957765,-0.315021682762673,0.05561767220705121,0.023551795019109114,0.04117120609422389,0.0904392127816427,0.06284644399482399,0.023005726719171008,0.25341283973837464,0.1290379772881151,-0.09556074488644406,-0.26273169701008303,-0.25744782645486247,-0.07710782841161792,-0.014460703107897223,-0.03878869078967327,0.03126436821390746,0.05528823155278607,-0.21623874960591175,0.024148572766651704,-0.08050816859660415,-0.2237511618335437,-0.1774151922665739,-0.24827016344878022
2024-07-30,0.10631046813858336,-0.04789143407064883,0.08044767071260642,0.008010845604426851,0.14522076028483313,0.28682202793123984,-0.42477989922654763,-0.3837411678608988,-0.07414945525602247,0.008866559692315465,-0.36897234210949487,-0.29419014150430295,0.11693239210731578,-0.23950779891257207,-0.2633834981663736,-0.08176566878808521,-0.16489938818280234,-0.23042779627135596,0.12274711475055745,0.1619962800858503,0.12365397343179675,-0.025271316043877407,-0.0190486042310228,0.032735206787182704,0.04156170840089657,0.09851647244339051,-0.05829983462804891,0.3075433325359393,0.1105019781158738,0.20237498575885973,0.2188280488719988
2024-07-31,-0.20705829357840388,-0.030512943581693774,-0.21818607749617258,-0.08130709636737476,-0.11063751764672092,-0.18423993886849133,0.1999706522410574,0.05411374026845295,-0.03995020094495013,0.16256987074002863,0.14689712015067577,0.13612017647352032,0.05621687388155216,0.012807358673916186,0.024269916649490828,0.04407116871339143,0.1048603350722702,-0.033180349394682104,-0.200505690468968,-0.19952038503238428,-0.0596988015938389,0.023133782537348383,0.017602109908707458,-0.008191898354322739,-0.014145676857732466,-0.16950832318704687,0.08622349578781943,-0.02482538398706003,-0.20775424655595603,-0.16584991559285714,-0.23157013661697756
2024-08-02,0.16879432849465797,0.21291605353327095,0.2438082095508184,0.1637184378684944,0.10093320097952324,0.25971753691081656,-0.1789642970085043,-0.13335545535864873,-0.22137561667552186,-0.4350008748322945,0.14167275640952237,-0.014277574865273592,-0.15398710589652903,0.2047490608289787,0.11293681908920053,0.18081293723758754,-0.1797597092530283,0.1269496534418096,0.10349199898029492,0.046487547312485805,0.048079230457505416,-0.10310422278520215,-0.15821685852793094,0.14022450444366946,0.005014592820476307,0.16838923463819078,-0.29840089683285,-0.2978150469802887,0.19230920218828548,-0.008741846028117808,0.10068123003165062
2024-08-05,-0.16845599019868074,-0.08033467458063581,-0.1624308806423731,-0.09445285869158897,-0.032146127404763275,0.11657644065533529,-0.07676936686176206,-0.2559664497889628,-0.2696337674457628,0.18973381936504086,0.04640839496046447,-0.020937685245764594,0.062397590735820005,0.03400077540684102,-0.15901076448439375,0.1934618108105525,0.14199976960743643,-0.12527783080004906,-0.1350515366818134,-0.06616391729383117,0.11937823105459769,-0.026129573104886946,-0.040357581737228136,-0.22990539087433512,0.09809246929796654,-0.10634484914449335,0.11853837678608443,0.08469745769110322,-0.14848987289642274,-0.05722714250751859,-0.11906433598164548
2024-08-08,0.09512206653126833,0.13353583243657088,0.08997895841508327,0.13335774231707526,0.0026027506695405905,-0.07163715388994245,-0.05516727677050303,0.08649614723929265,0.1504503369070625,-0.06976428796443801,-0.2264907523660997,-0.17998638269087974,0.026136156232888775,-0.10734623444098661,0.02193132863393318,0.11699246401504561,0.01455968444305691,-0.027808196755656194,0.030665104184382935,0.025306313028728777,-0.11305277783524958,0.06383557506149377,0.11070148171959068,-0.019694761994440074,-0.025633226244772364,0.07225720827144151,0.0026214298259264585,-0.024394495477215714,0.07724090198728836,-0.005853000677191012,-0.02712295036036323
2024-08-09,0.3120114780260639,0.11288983720440048,0.2699677131504852,0.047860420486930885,0.05630992270542078,0.04646844736846884,-0.029513083953470017,0.026416006644136892,-0.009459597895772753,-0.3111932647287737,0.011028257994951475,0.07672093295520549,0.14558233093867534,0.04709387587647192,-0.024976594577173813,0.059377514516976704,-0.13950817759491757,0.04460285699624573,0.2895532587885564,0.2733058587314944,0.14904141833060414,0.034512452667437625,0.030750673791902803,-0.07689054442518956,0.008383037331423818,0.3095100523985299,-0.26939542315574866,-0.12215856832363532,0.3105414738297837,0.09958933152636852,0.17798476663812465
2024-08-12,-0.12737831484001427,-0.024272063499049465,-0.15782874415655404,-0.042093710200033815,-0.06504668792610771,-0.09485385671537407,-0.03587491422321637,0.041656242464530154,0.16293769859720802,0.1671376058535259,-0.2231646312519166,-0.22053173732902837,0.10475563544746722,-0.12370809739468289,-0.08043458953188944,0.08827531160604107,0.151574748682002,0.009521635344942634,-0.1381543086083108,-0.11141706185511462,-0.1424386733390403,0.08959224879799008,0.09659428188797987,-0.08959873096846448,-0.0049937895416901305,-0.09587077320565991,0.14747049428859457,0.17469204960354154,-0.13884734620610442,-0.06826679144690381,-0.13664629058943364
2024-08-13,-0.19138755227534182,-0.02143079860118819,-0.19349984147329752,-0.08562117210128582,-0.0657675591145677,-0.11091945414568456,0.10247168182736333,0.14649295060883075,0.07237423988381234,0.17626740922291806,-0.014500209043299702,0.026960768802700947,-0.024559813207935693,0.026403438838498525,0.08410171916331383,0.088023783043211,0.1973174779380896,0.05048999518837011,-0.20800034725449282,-0.20452257862550421,-0.021204606420378913,0.005114622548028802,0.05686186029508883,-0.08006508968870461,-0.03336738303362573,-0.13336958481458452,0.20197092421991092,-0.0333152762339177,-0.19317749654746869,-0.19738326693368527,-0.2283165695380658
2024-08-14,-0.14863919509732093,0.019286777529927655,-0.11714685747498367,-0.003459128735577118,-0.02144548390669196,0.051920618348612564,-0.07950509831260014,-0.06003369899143106,-0.1408813063068189,0.07837877950750685,-0.07589973380008185,-0.024127520813496908,0.05581909620528375,0.020949039260174607,-0.09869972664114057,-0.0482838911300957,0.06054896191343132,0.02917484416012657,-0.1524753492016768,-0.17906238586317402,-0.051641496188862844,-0.02147385977947934,0.006105491164749181,0.22627484637226833,-0.030337040803695776,-0.1486693783136983,0.09941068139795163,0.18484513436116165,-0.1402152625536903,-0.05973281560719043,-0.07393438097865612
2024-08-15,0.07631444040450389,-0.08965267044762103,0.007509144630307439,-0.1225915889219205,0.01967213991625935,-0.07724549333238406,-0.037918451457067175,0.1675953613496088,0.13212675068677576,-0.05127851789030374,0.027008884137777623,0.14772651509539722,-0.050362466255550596,0.1967905295517056,-0.020499943022051357,0.002132871049295498,0.018813929545400798,0.05568230763946013,0.12306794500943286,0.12607161383725318,0.15562125218419776,0.05443990470527127,0.09280805918907253,-0.08926017732425205,-0.03201647197358084,0.09115086566551392,-0.03243352928761494,0.12529943719154346,0.06118817725734675,0.031875222073309735,0.04036398339608961
2024-08-16,0.15117486547914732,0.17827621332372784,0.1737247449304998,0.16065955551446984,0.06002233783739502,0.06505432771413826,0.009492286337220476,-0.0017723403547460178,-0.0298913560172994,-0.22423778092910918,-0.0441122298913099,-0.07775391187520984,0.08561129437460295,-0.0656784560120985,-0.02288660258393577,-0.022005443185635194,-0.1316007818253478,0.001295370858493216,0.057811164182958626,0.01636315706054364,-0.04322032113045196,-0.030793148158854772,-0.03234247356685998,0.21518983773340936,-0.09958182332105218,0.12241589127930495,-0.17452169215783414,-0.05436716284041652,0.1468347769819712,0.07649736452414875,0.10953326261491861
2024-08-19,0.00028147097530972917,-0.040008710144045154,-0.02086439488356975,-0.05794231405396485,-0.01341055011630831,-0.10472732550693374,0.0742642504206461,0.16851779018399657,0.10166672299903992,-0.09305419676557833,0.048123657047977164,0.03996601088542761,-0.0067503231460472315,0.02149263774671125,0.1544089843114053,-0.04785495029225739,-0.01859417622701081,-0.016672433805264033,0.06167268587595894,-0.017566992856568233,-0.03557800758652381,0.06472411339270924,0.07425898634375183,0.06669542080379634,-0.06380962298154792,-0.00971038634611282,-0.02180962810928946,-0.1098264402194295,-0.016038959053520176,0.0031038287610761195,0.021364971649479463
2024-08-20,-0.05748711118793085,-0.0601415231920725,-0.0901671074185432,-0.019070945217426825,0.0018448505788808897,-0.0710941343904256,-0.11386070477519503,-0.03770294564604703,0.04940147584725382,0.04920535674186493,-0.11798242662590278,-0.09396829835248253,0.033183029114217326,-0.06214456882103672,-0.039225242924841204,0.08342701032176833,0.09201362876113277,-0.04105509464190639,-0.0017343284444992894,0.0064451325563016455,-0.06849005695694577,0.0720106789448331,0.09457115974763584,-0.16574574947582532,0.011983113370665554,-0.033639694536871816,0.13563262091983383,0.037882809441405166,-0.07883006495790902,-0.026940788175060428,-0.06182123893594166
2024-08-21,0.1698072437208509,0.117991547838025,0.17719423163265166,0.15822919424810403,0.032402194275817905,-0.038959563100059054,0.02803030037629012,0.0009471134555447049,0.17099925791769313,-0.29045818879818086,-0.0482300866258173,-0.07101447967198898,0.11338964361050245,-0.082093363980358,0.07498777098033815,0.08217211144827975,-0.16162328408464008,0.10587341137179634,0.14532478468182594,0.06088151759347608,-0.06757207886728894,0.06782639953499675,0.06107024396310711,0.050575115561382084,-0.040998428225706464,0.14038419799007437,-0.1663530361079712,-0.24689182377623886,0.14755207156355185,0.10072368902594428,0.13759762355111857
2024-08-22,0.10289539375611115,-0.037660884553748886,0.07223300295685087,0.02092525632249424,0.0848522094767867,0.04769266432825813,-0.07685017846399002,0.0690826757983235,-0.009784056920614669,-0.12845533697877795,-0.047948293214227396,0.040863947634232074,0.07725011997323969,-0.09486807177233855,-0.052325259746057784,-0.18909823640493142,-0.15016618526839712,0.018258937886874715,0.09605309295078765,0.0857703968816965,0.02819869143930223,0.006623477873100132,0.021512851967161732,0.20175615074400477,-0.06654690485131273,0.06136876690339855,-0.08554931096774368,0.1353652364265412,0.08606868945361158,0.12305599534163686,0.15921530724243718
2024-08-23,-0.11822672130889914,0.15381349751862533,-0.07901394942976721,0.1555408093193424,-0.023077298034652884,0.13237473740419956,-0.09511106779594752,-0.21207663661132967,-0.12171021255698518,0.04555736099063801,-0.2340977772940503,-0.19626383443050055,0.06493009381544089,-0.18257512482124577,-0.19028355379940848,0.29436444256729527,0.0945952068830716,-0.2159626528225215,-0.1661196907297494,-0.16042524965764024,-0.21304923449164123,0.04958154758891365,0.07091408999420713,-0.16152111537068523,0.051080558135573495,-0.09704681605943478,0.017716624968485747,0.06663821822943553,-0.10928062759321394,-0.1560242226921516,-0.2032353314593485
2024-08-26,0.2175672715238656,0.14772534099631926,0.2243766143951446,0.07874302354477548,0.1011119730464978,0.11249951435485431,0.07868061571100615,0.06252411091565131,0.02411529591033326,-0.30163927489554787,-0.006691785633360801,-0.011152118350831606,-0.02235359488990299,-0.016209993251100525,0.031042576962562532,0.13915689112553137,-0.12777759010400075,0.13643325164502973,0.1748932790339957,0.13524610833450085,0.10743996331513506,0.04265737074836212,0.015766287878445407,-0.016152839487870534,0.012679227059929455,0.20098786007252847,-0.2378185909903722,-0.3062689036163599,0.21926286229654623,0.029188105728953744,0.1052553568443952
2024-08-27,-0.08477850103169844,-0.02665000828051971,-0.1105360303548513,-0.009526906258024586,0.04522811403278878,0.09166696404634311,-0.09891038499434004,-0.11935950279319131,-0.14694252467609994,0.020866347290189102,-0.10063805427754219,-0.11606993868809565,0.06226313955998079,-0.030355632981882878,-0.15620949428536632,0.204530175861734,0.06542858354513437,-0.15128478452817715,-0.030199442877182285,-0.024536712933777155,-0.03258906916497007,0.07192013089794907,0.08134787605520565,-0.13464577799625504,0.03407562339266326,-0.0792276051972845,-0.050590670310028674,0.07628178132329068,-0.10651119893348004,-0.06593630097337956,-0.10886523626756109
2024-08-28,-0.02581683376973314,-0.18730915652748545,-0.07736884446008697,-0.08048515830014837,0.09766925337376904,0.11302660931667086,-0.1847666653291985,-0.25219737833962763,-0.18130301206623975,0.15020020536922404,-0.15294277462022027,-0.14721885771477852,0.020688990056053427,-0.11793737386636761,-0.19210616299816222,-0.04436655035977116,-0.014564056451649694,-0.22124682455185926,0.048806709263650154,0.10032053660041146,0.05300192089615773,0.048121616273806546,0.04968320733150925,-0.09778223993280355,0.027603318747464592,-0.0362309245441022,0.06225859957119696,0.3782313010192284,-0.033571917846108856,0.09073344079418694,0.06029749469939492
2024-08-29,-0.24276368558859812,-0.1283757612408196,-0.22931126343277858,-0.09007982951882343,-0.027989600714368408,0.06489193973397533,-0.11972530569996068,-0.12488626876113003,-0.23334440580408844,0.3004854354106276,-0.1882730947297777,-0.0979656760291731,0.06549039739750973,-0.19037230890534027,-0.02290738063230896,-0.11591715388350886,0.1176879071121755,-0.242860813490991,-0.18514789295115403,-0.16384258363116583,-0.02321770595005369,-0.00966750901793886,-0.011254868850314308,0.06408143592182158,-0.013112098570473891,-0.22541357323082878,0.2907932436391834,0.18422645753411618,-0.23078738190621795,-0.0003200821726409052,-0.06862780780954511
2024-08-30,-0.004964429054101437,0.15058444696930207,0.0031773695585738952,0.13619912877015278,-0.02254327206092869,-0.11483571127891172,0.17695945608883143,0.2143336681930432,0.11110306389503448,-0.14892682747262528,0.1638474280574226,0.08602841768608206,0.08002483549405685,0.03167435901594061,0.0920779122609138,0.22055792957982115,0.01697127211245196,0.1391770279703919,-0.029184013469718207,-0.09779242956740616,-0.13955318895061186,0.13759996580662523,0.10739291219242388,-0.07578674682546108,0.038433551645050384,0.013894427320195801,-0.10646419983634928,-0.26861241263772384,-0.024191928685484566,-0.08087577095704777,-0.14405057782996367
2024-09-02,-0.09344156732757095,-0.18749684236211347,-0.1164088710023288,-0.0640096602130162,-0.018328331874619463,0.03486249222358086,-0.03423841616534339,-0.08607576961868102,-0.21156002536441731,0.1492028516487457,0.0812203546766875,0.07656390752766727,0.013776016830030746,0.09348697250268763,-0.11646039706933,-0.08861070567572575,0.04132863794651887,-0.1603335573669694,-0.025584267310651988,0.021515676626526634,0.016334288061297973,-0.004123279894361427,0.021265126894115756,-0.04845183422099748,-0.052436916374069956,-0.0695813204508171,0.09515148391329921,0.23096734195546584,-0.07020519748183511,0.03223326031777911,0.0431626083354467
2024-09-03,0.18765736794608204,0.015662723587563012,0.18614091990497203,0.009736584384235405,0.041874664637365486,0.15467237250094046,-0.11935494414352041,-0.1989804506688352,-0.056944804249489764,-0.23619419522291746,-0.016867692035569638,0.011964985962291556,0.02040270581883607,0.0165037631114023,-0.19868634216088812,-0.006196599438986094,-0.0899080903631448,-0.05924194094213111,0.17555668108904862,0.19133844495067887,0.08409184577994055,0.024183210949244412,0.04338777353816824,0.006803090671296759,-0.025176200746063446,0.19450016800473016,-0.19625752382799114,0.0718593711524831,0.20806653794897423,0.06910926025425647,0.1733829664936895
2024-09-04,-0.18882158337718502,0.009443657755810774,-0.13358782833337998,-0.05227290621439222,-0.08233439429249632,0.1192698272788112,0.014755196788237803,-0.04153563853673937,-0.22596742541776074,0.11234873277940563,-0.17065025972388462,-0.07629401235329983,-0.009411867381494469,-0.07772801396683685,-0.0611453142575058,0.13059063421081107,0.05509447612822826,-0.031611841570054186,-0.19969743890343622,-0.16198595574150104,0.08587263302264111,-0.041437408486072747,-0.042115968382088545,-0.029387606715245724,0.05028402067398313,-0.11927997884607264,0.05829658372649817,-0.022784794729910653,-0.1456450451520646,-0.07893954134997952,-0.09628824614500776
2024-09-05,0.0909922552030483,0.15430691634470922,0.1341626605598174,0.12980271149197872,0.06188668065409692,0.04351173311991886,0.10823876839905458,0.1353009451905413,0.15543193129833283,-0.2737429932418795,-0.08166280103506975,-0.04038528768414596,-0.018398699346035576,-0.01315378772321225,0.08489174079362927,-0.02116432205175818,-0.09507422846037032,0.08442454239642193,0.03636308242868442,-0.04921303478936957,-0.09512781379595367,0.054007482028808465,0.017580803184989655,0.28019706795151134,0.009780658573134466,0.04973529094198354,-0.20461447598481497,-0.2371890457865622,0.07658411221659985,0.007999922162598467,0.03477603229958934
2024-09-06,-0.250646976151833,-0.028612335874974092,-0.22023307027329092,-0.08750860369389135,-0.08349603937079707,-0.01745463939052419,0.11216279075241865,0.0843404105349148,-0.09547443270269548,0.1308346907679482,-0.025765532265947553,-0.06386422105184071,0.10379496991405412,-0.04669180023961638,-0.05836160196426306,0.2588632731379127,0.19108013089436132,-0.019654924051123283,-0.23031274380522143,-0.18460633515810304,-0.018323285011594085,0.006153679322557703,0.034208742091716995,-0.12318378475466508,0.16300858829581094,-0.19904064302488705,0.01793822040171754,-0.09023373991277868,-0.23437274600990016,-0.13916538838177658,-0.2679755393234844
2024-09-09,-0.11264429407318496,-0.1818897342551039,-0.19050780284274302,-0.15634590050417124,-0.022280185516423308,-0.05671878162547663,-0.016533545438350873,-0.038507782817024674,-0.12489774291049172,0.18532871956332483,0.0017121641610658618,-0.0595175084865674,0.09743803267587234,-0.2078667030665501,-0.10728591731051816,0.09830876572250082,0.1828669080627987,0.08170422559504266,-0.0743564842360239,-0.021523818890290584,0.04151241082260836,0.01272759179477224,-0.013964124385090204,-0.16748888996037434,-0.030319733417020926,-0.10207141162344775,0.14439160881316,0.22804884600729508,-0.13904730285479175,-0.004654940003609168,-0.1231314741682949
2024-09-10,0.11936601812968362,-0.025259707304914787,0.10129504078848182,0.011690374432062436,0.014401352432087244,0.11455421025731838,-0.1027123547301005,-0.17901069341953915,-0.06468774101508826,-0.15770670156190714,-0.004463077846354739,-0.06399802086325786,0.05207074669322707,-0.16330233545464037,-0.21735117661219536,-0.006093713242182535,-0.10241409742420794,-0.04715489832294807,0.1586704499648118,0.17877875062864307,0.03901673896597605,0.02599512132188336,0.0809615018474592,-0.05648592091818698,-0.07100359242570532,0.12663657478404286,-0.12170967790627234,0.17410954714400312,0.1448606011768086,0.09072947704288746,0.19432703292697553
2024-09-11,-0.09583370235290872,0.2075730846186365,0.002944428521134246,0.1224679722833029,-0.07252738092607784,0.08780251631584633,0.09764645544881774,0.0803721753197687,-0.062429504866928824,-0.15207563995243298,-0.03550213027014419,0.023592487186741222,0.07880990296609743,-0.06131315394059578,0.0485383281469981,0.12967060123172627,-0.08469108172594311,0.05355541436812485,-0.200945634021423,-0.22868048005982292,-0.11936842912643252,-7.5450049699221185e-06,0.0006225010536457472,0.19223636949237896,0.05027909410931212,-0.09232336699459692,-0.1665306489401278,-0.11844538725340875,-0.060237028448523966,-0.10075201059430755,-0.11773929247175666
2024-09-12,0.05602748511628098,0.14953130449418398,0.10500751003662323,0.12340280559131551,0.03735510300391775,0.006180055116417814,0.009088311070152883,0.15495828904710574,0.21475304389134553,-0.2724833782720516,-0.015707251993014572,0.11911786567755984,0.051429027084172345,-0.061581238939840986,0.13502816923371252,0.046091019061784894,-0.1472183817873463,0.06472225051341153,0.017519088971986847,-0.041260128896312434,-0.09719526789918549,0.050001631743289164,0.030914080336309848,0.23564363204885766,0.07100272391712806,-0.010312698255179362,-0.2179468504677486,-0.2519783125201739,0.04141798547313581,-0.005497002659193393,-0.01618730982572985
2024-09-13,0.28043278193811494,0.033473619841295585,0.2656874249407976,0.06788706459455286,0.11681116308581846,0.03088555440875965,-0.09793907928951553,-0.07942649542014488,0.22279322124921652,-0.18526578008197236,0.018085060325833707,-0.005198721915138129,0.028682966996568162,0.11459026799477895,0.0445164597021392,-0.17133800309308694,-0.19469937060012765,-0.013411490800358934,0.27302148950504557,0.22823819843023502,0.0729843212421739,0.0071947165258703935,0.006955699834512662,0.15517860841387596,-0.0558457458509201,0.2098619171039053,-0.05963355080705745,0.021057304924909915,0.2505674514461861,0.122308671822819,0.22175535173418492
2024-09-18,-0.18998669823273967,0.10784518558549405,-0.11811163000703642,0.13885239574919692,-0.03753763420689128,0.21634512386242574,-0.004152653862980059,-0.04877119256505593,-0.3330065807587896,0.10318642108653125,-0.16295584696373605,-0.1671427051673248,0.08289717486350204,-0.30030436671309924,-0.1920152489558595,0.2054123558157411,0.07463936523447633,-0.029990616190122308,-0.2583972092267584,-0.2134945188861138,-0.09846759537604638,-0.04526821591373232,-0.037951560305330166,-0.012562518765394107,0.11858254494719785,-0.12714539025262342,-0.020080422561491874,0.03829268217326554,-0.15465638974249493,-0.1543760131273151,-0.20177067375743302
2024-09-19,-0.04509877881924149,-0.013261252097053861,-0.0376146127933117,-0.011722502814553488,-0.0354886198479463,-0.09062522940771861,0.11317628861181912,0.13564446510182085,0.034391854454497425,0.01579756378363965,0.16289884372851582,0.13363752306927792,-0.07418060460258848,0.22095134817961998,0.06858518433439262,-0.09078206386602741,-0.01938740016131653,0.06856664476656348,-0.07731983843442862,-0.08720716456423232,-0.022439905390096083,0.013896855376926125,0.01093244358049673,0.1884058694356888,0.0014289995512577502,-0.07699854689146375,0.0192649965990573,0.018570857557069744,-0.060679110516713416,-0.007723296763503174,-0.05560316761202081
2024-09-20,-0.013848926905209875,0.07897650585136966,-0.01254801858733945,0.05035919008623218,-0.03291557903334738,0.035584758529192635,-0.06864862837476217,-0.050234688724395786,-0.06976055526122286,0.0001597555266836671,-0.03503053371666152,0.030762310025096055,0.07384775865122893,0.11296021804836653,0.021030001105255224,0.004050019060747064,-0.016080552051299865,-0.016819876258303498,-0.07989978923269195,-0.08330796419472297,-0.033202232353812505,-0.034190250897503285,-0.03976326936863974,0.07731392061895563,-0.0106252434759598,-0.013281557447847947,0.016085298631212344,0.01317412664670979,-0.01187944258926219,-0.029388582383473145,-0.05398890855835972
2024-09-23,0.1970759016319302,0.17469208968804614,0.23076848129018923,0.1263458892948212,0.10454553921576899,0.30032423967132316,-0.31836022122766683,-0.3372908985345471,-0.17843931744820324,-0.17140853335927164,-0.30937333015860025,-0.2081107310895276,0.08395316930450329,-0.23697173483902914,-0.12398608116380506,-0.06179673744915004,-0.16396155508685759,-0.09728405860519755,0.15858175739501038,0.12379902915969089,0.01283426261506833,-0.0019416658194840533,0.0026982209900127466,0.1312242795823503,-0.07603032147646642,0.20055423842526512,-0.07035902635200318,0.13154598279035218,0.22043979289743784,0.06511753844141152,0.23873003864415338
2024-09-24,-0.14781066717924332,0.13695745353517955,-0.07485413893666763,0.0010699355765654117,-0.054865879060674236,0.04659247264917815,0.0030478808869839036,0.054849843977628515,-0.14337082406373639,0.06576474035006306,-0.06297342095614376,-0.05751712133459612,0.010150433245998047,0.04173343865122341,0.10703760680956874,0.03527170664609163,0.06261724345155804,-0.047466951148732006,-0.227142109020386,-0.23467769351307918,-0.04573223155699361,-0.018841051045673695,-0.03819645918073467,0.08658365044871778,0.04078523387258052,-0.10557002641536134,0.06569627044599327,-0.07156132609795925,-0.1101481346475505,-0.14639775953324954,-0.14773087125274217
2024-11-01,-0.011880343403071092,-0.12189240194657486,-0.07103659709670382,-0.11934963876661761,0.005396965110063091,0.16705130657783426,-0.08753656173233768,-0.15652142119160148,-0.14250345072906317,0.0766931004627093,-0.20280660383200938,-0.22061139014255135,0.12830438770115582,-0.2571036825958814,-0.3032254851874437,0.15379065874888836,0.15558237396751176,-0.03468284480215119,0.04462399523153545,0.07079251956091301,0.10974225485252177,0.0054968998228839,0.002953837194551913,-0.2049481641122532,0.02123518458183078,0.0003910969561876912,0.07035727793069572,0.24043692623781995,-0.02005249600310395,0.030565493683786554,-0.00554837170947103
2024-11-13,0.22492867048429113,0.19711795983933703,0.21194559140081523,0.1586370559038323,0.05405287915451345,0.18970757244620182,-0.32812646088153535,-0.301394765400995,-0.23837583386747785,-0.36007815422346534,-0.109479111054076,-0.18733464551950396,0.0878410030776988,-0.15201190996470906,0.24966325372958648,0.11300959760554186,-0.0937199210368118,-0.16190260900194595,0.1685408879444264,0.09009350822789047,0.012943007381431568,0.01978499427283788,0.016604671417318913,-0.021410928525242012,0.011637148104027238,0.20779350093981944,-0.1730798833905603,-0.2858974067647862,,,
2024-11-14,0.22706486236430906,0.24916670541506272,0.20888241424714446,0.17180598480277148,0.010951653790293664,0.23675488622579693,-0.36990677251124177,-0.3346441182734981,-0.2545635119028658,-0.32979485635785283,0.0012392532733585516,0.03953946228240021,0.11783065006896343,0.058600581012037196,0.07750921404198753,0.1270156469091128,-0.06471925638424875,0.02026730667260895,0.12344038739357677,0.11003051160701852,0.041010635108759776,-0.006947285529973598,-0.024884188921999142,-0.058737161180620015,0.004843433734172268,0.2488369421719266,-0.18101442274451263,-0.12078739433772484,,,
2024-11-29,-0.22981429089683716,-0.03645381142843361,-0.1949585253577744,0.01826657349645448,0.06171432846220992,-0.09047128451532616,0.1303884987425418,0.1567131162201503,0.1345246120478722,0.18091975063814286,-0.09181867936977474,-0.007109790773121737,0.05271541749839706,-0.06337900645207468,-0.0472019351643453,-0.008655706718054474,0.018932086780939696,0.13203148064027148,-0.19115030519500603,-0.17264773680342282,-0.12242865124011083,-0.0308401598177628,-0.011156135043865246,0.09237805865983206,-0.023855342292203874,-0.22426589994045204,0.052340168544675374,0.056108149883953864,,,
2024-12-02,0.009322645163537839,0.12732386234347898,0.019125709435929297,0.03907397934148561,0.05869000495079302,0.025398188717131412,-0.0561514781415402,-0.055323645845226053,0.01594249399197539,-0.05337168589109486,-0.05037590749224089,-0.1073728911565099,0.10013621556318096,0.021249623110599723,0.04791484848474256,0.052982928964162075,0.041698215066996364,-0.004701729276236869,-0.04686910786960459,-0.07263121277426461,-0.06086452295786367,0.033338269225622615,0.015245526548377523,-0.008893030086634906,-0.04091282950257619,0.003800455871473097,-0.007987250867291221,-0.07141592740410715,,,
2024-12-04,-0.29173549466182735,-0.12705106267261368,-0.2642580144759665,-0.13846804743522567,0.014793240396929402,-0.10799457245499842,0.1501418944712059,0.22102069231257765,0.21438206726138748,0.29015039394548436,-0.0003196226693511357,-0.04446859077447912,0.03792920079552173,-0.09330273512822417,-0.19030778121396166,0.024499826748940034,0.11122850948893934,-0.09910717646587876,-0.2619529874989051,-0.21281690141425313,-0.054989984024785395,-0.012733477441253343,-0.00012206384106567201,-0.06521072212675164,-0.03288378417882454,-0.26007937467880093,0.1370897979595234,0.16378582052648052,,,
2024-12-05,0.01526182505586879,0.17470956216210906,0.07322487292557121,0.129499237700971,0.08154984812523773,0.11923027537335733,-0.1259717516892361,-0.09877893864404533,-0.0716335702657023,-0.1456074930633694,-0.14602996856665587,-0.15874646906700607,0.14207447400253936,-0.1610492886591255,0.13265118181735874,0.011198026959490454,-0.09673284061638386,0.005365586483987854,-0.03208650716472279,-0.07404596286197804,-0.02867348158586849,0.005091196856850427,0.0012154159115281128,0.2060806804673582,0.0056028041731023,-0.001919873018715991,-0.08643834088559837,-0.07185516220448344,,,
2024-12-06,0.1285499719854203,0.0812409842638532,0.07295747421392966,0.07571162430232062,-0.0015341274806956742,0.13893849223647006,-0.0969114734696407,-0.2070493093426401,-0.16604155209146287,-0.1223572128189431,0.05701488134061103,-0.028173140210646864,0.059355403265584014,-0.003654660019622124,-0.03973868912841596,0.19931767061163497,0.010086548090050357,-0.011518071710077581,0.1421515706722383,0.116440115589725,0.0026364647720147722,-0.016158465928729143,-0.006124301130704421,-0.19577339127624882,0.0044766631170897065,0.113961311121237,-0.09423806827534564,-0.0830945447780629,,,
2024-12-09,-0.01096357891001189,-0.1499868978691,-0.03166297256245616,-0.10177540800265553,-0.0010474422739946527,0.042390348222933014,-0.08507409302137757,0.019503012059384064,-0.006268578595890069,0.04996592258136318,-0.22496964881244372,-0.22635018924350414,0.1106135878031552,-0.2832104191982764,-0.09900524658970873,-0.09938493917823633,-0.04264249542673319,-0.12156175609386327,0.024273496938842204,0.03885825191039528,0.10026295598013735,0.04253733871538679,-0.005774906552159037,0.01163677003036301,0.013928779047581023,0.0016871359973129538,0.1067816822146944,0.134067351509152,,,
2024-12-10,-0.12159479927240993,0.04963486959604712,-0.06720477620921403,0.12367700830848895,0.06610726430941329,-0.028486783804151285,0.0542150024892712,0.03701673099081879,0.04539102230372581,0.06291139364742207,0.040025490464158694,-0.08390678179516506,0.005576805224158568,-0.027615072519354335,0.01615875155998212,-0.000983125595467948,-0.006951697555013154,-0.025136156710488702,-0.13481549951019473,-0.11824282844919187,-0.09089633786772296,-0.035308775312659836,-0.01997162420039257,0.0779733768575772,-0.00032032373337680315,-0.10275333761620284,-0.04989473195678926,-0.08512957302247576,,,
2024-12-11,0.03133560079900606,0.086844466457725,0.049001297886468925,0.05637154263700159,0.049315046078372844,0.06837836412094395,-0.07025989644104863,-0.07844814814138623,0.0012661278301198573,-0.07767843463691117,0.007933318778256041,-0.0740994024101535,0.011730674499564858,0.05630832786183672,-0.00231221448020398,0.1401092062138172,0.01689707192033543,0.01562746873519552,0.0008992204753628117,-0.018928485437632595,0.05766432749998214,0.02051248635421959,0.025650982340194473,-0.06841350110649214,-0.007051957434532802,0.04454835267277707,-0.06772643436628856,-0.163859329331172,,,
2024-12-12,0.06606136696457174,-0.025824027079458044,-0.015326464009954592,-0.038494365204284765,0.04087779346324919,0.031086980710076206,-0.009036306170869602,-0.11549578306794131,-0.047255623622965676,-0.05823637694469674,0.05363204415882225,-0.010468932816577858,-0.023718928606224755,0.048638737161686235,0.04241822388521054,0.12395329742292614,0.015070014813467114,0.028090697307653314,0.07825603942918935,0.07207379829222989,0.060698050467381824,0.0148170037318099,-0.00021182726776397074,-0.1529862516540396,-0.013218909960127525,0.05606672453231921,-0.0739235164042892,-0.13358403118353696,,,
